timestamp,gas_level,temperature,pressure,smoke_level,alarm
2026-01-01 00:00:00,168.88324236253266,50.14392633681792,257.37787789996673,5.037125435677932,0
2026-01-01 00:01:00,100.49052620676724,74.92054721000689,161.3643012174113,-1.947476953225947,0
2026-01-01 00:02:00,120.4566071851853,81.3231330519217,266.8943769892946,1.7894771273531802,0
2026-01-01 00:03:00,35.82165657235717,38.39808374483142,222.4218972254556,3.3358212583495312,0
2026-01-01 00:04:00,86.45911182010785,32.94831057423417,226.94101093714897,11.125112451509079,0
2026-01-01 00:05:00,69.03904406260203,38.06173821443063,173.88844822450847,4.88809869620916,0
2026-01-01 00:06:00,72.4509670817151,47.66828291180895,214.1218236066558,8.739942906254429,0
2026-01-01 00:07:00,33.9470123382395,62.07258787058217,192.80071911002835,4.634368076948373,0
2026-01-01 00:08:00,109.86253062303828,79.03046946728078,224.9641961196473,7.346204500925386,0
2026-01-01 00:09:00,120.02600312233392,70.35518811925466,225.2795173156168,7.29573014049027,0
2026-01-01 00:10:00,138.5709347247442,60.78613229366324,196.52625350459988,4.611699183735971,0
2026-01-01 00:11:00,84.28103206353927,47.60402676699697,99.44527875602056,3.376032314790275,0
2026-01-01 00:12:00,105.18738226932992,55.11382506210863,290.0237986240948,4.282714188388333,0
2026-01-01 00:13:00,123.15609259426364,69.51404573268516,273.3547171424093,2.8015649669974527,0
2026-01-01 00:14:00,139.93280743700956,72.70228723871611,198.7714084358799,0.5712336137802838,0
2026-01-01 00:15:00,89.15965519582824,71.1814907670016,214.7466694217901,3.2174206352998587,0
2026-01-01 00:16:00,71.71346995777577,52.12905389242126,227.833884982941,-3.517598437475776,0
2026-01-01 00:17:00,82.92888741131678,72.34561207958244,252.96777344133972,3.109157391891829,0
2026-01-01 00:18:00,212.80346990351555,60.7703701137693,200.45289027345277,4.559952167029095,0
2026-01-01 00:19:00,98.35387597464813,28.07768004311873,109.55736665222794,2.652153657770052,0
2026-01-01 00:20:00,80.60624250223819,48.227029313836724,141.28289222670543,4.085942896492691,0
2026-01-01 00:21:00,98.57867019642465,61.11354121309704,150.7762318544501,6.282723483591409,0
2026-01-01 00:22:00,24.390425328276535,59.762761670754514,164.67149532173673,9.20159536425636,0
2026-01-01 00:23:00,16.80824268825812,63.03983513231591,251.1928632181959,4.555694235213405,0
2026-01-01 00:24:00,89.7553023391244,57.77521768767846,226.7909450541608,3.2104574499100265,0
2026-01-01 00:25:00,160.7900161583848,51.43405290072383,171.5908535307905,7.493574675990353,0
2026-01-01 00:26:00,131.81836179201005,56.0890263896791,233.43555958695148,-0.26724766285230483,0
2026-01-01 00:27:00,20.27309828016182,91.0025703121018,229.65613046356677,5.418514830713118,1
2026-01-01 00:28:00,143.18247065663695,56.16919383014035,216.6520881908394,6.937111899230822,0
2026-01-01 00:29:00,139.636066122625,74.31221588814745,187.52815637424945,3.4655214435853576,0
2026-01-01 00:30:00,23.66542624603919,48.02084455533873,204.73008899911605,4.610537917238782,0
2026-01-01 00:31:00,70.51556703811461,66.88917079125964,159.05911949320577,6.850685155592693,0
2026-01-01 00:32:00,17.808810485593114,41.70417827339413,139.56134535994877,6.951400267298666,0
2026-01-01 00:33:00,87.08176262593881,85.94955008662788,215.05843913500638,5.361707430571224,0
2026-01-01 00:34:00,132.42433969388594,37.19552168449438,237.67910947247316,4.5266984410843785,0
2026-01-01 00:35:00,35.04942370460559,61.645749845432746,135.84797654959831,6.351435985611465,0
2026-01-01 00:36:00,124.66592216689357,46.52861337957403,186.4237249902342,0.6588347135535644,0
2026-01-01 00:37:00,105.07019215919894,93.24952059154856,253.2918572738921,6.040394770300367,1
2026-01-01 00:38:00,9.795147722817575,68.95616999381858,239.99317597257001,3.411097152819841,0
2026-01-01 00:39:00,83.28877841389009,56.48822494247886,230.6075655944489,8.591875076116542,0
2026-01-01 00:40:00,131.4606201265805,30.212277593078102,153.94842588882875,1.7689042475192078,0
2026-01-01 00:41:00,5.795662349788188,60.01043363648465,169.93179246044576,5.8736560639621445,0
2026-01-01 00:42:00,118.69956010892305,41.98304400540145,241.34732560185685,6.52285832535285,0
2026-01-01 00:43:00,32.26469488390691,58.358982470896585,243.0062226507791,7.204253889320389,0
2026-01-01 00:44:00,96.22904550730827,64.32870247799714,207.64902712827507,4.189630007533515,0
2026-01-01 00:45:00,18.127076498670647,58.71303238605752,196.65474529838232,6.786228057295901,0
2026-01-01 00:46:00,87.23210591529606,46.08737911583908,182.07557742193367,3.380490220055174,0
2026-01-01 00:47:00,42.645047476025624,50.21674323960357,231.95338231669012,8.318224253396272,0
2026-01-01 00:48:00,44.474991866778645,35.419628414654476,185.36551474670333,0.4949438440817504,0
2026-01-01 00:49:00,89.680671214543,37.20088113928447,166.40835390004483,1.5352510496406655,0
2026-01-01 00:50:00,58.52641647570933,45.61836171086278,231.33028652524195,6.600989730215222,0
2026-01-01 00:51:00,144.16007548656657,70.80528319160959,219.11924814300517,5.015211603120004,0
2026-01-01 00:52:00,181.01258510133107,40.51521560417206,204.40204162006924,9.049613973982673,0
2026-01-01 00:53:00,15.803386411706782,80.61969038413257,189.7320187959927,1.3794995730295545,0
2026-01-01 00:54:00,31.341327034335578,66.92164724354096,288.06194415159064,5.056895400519275,0
2026-01-01 00:55:00,67.76409238704554,67.73837603905446,225.11204262670404,4.527742126614634,0
2026-01-01 00:56:00,106.50801820994876,60.49470083605155,154.06603112044675,5.218914833908747,0
2026-01-01 00:57:00,121.45619479776826,54.93657572858544,207.92809293408865,4.814291992268622,0
2026-01-01 00:58:00,97.26173276590454,55.28914986794517,162.83523668815883,4.529374615227737,0
2026-01-01 00:59:00,131.53787566610924,54.77007202833264,201.43020160008047,1.4505169444090225,0
2026-01-01 01:00:00,147.3828058336168,79.7322651678534,143.05318845549803,6.115208691019795,0
2026-01-01 01:01:00,69.84386694673861,51.592996292239576,149.52176208334296,4.970146358024664,0
2026-01-01 01:02:00,98.82946565362026,52.85456011896923,160.46844705255498,-0.22649256968762632,0
2026-01-01 01:03:00,101.05764148460587,44.05453081160018,165.09275611432497,7.84150608961519,0
2026-01-01 01:04:00,80.4270708841155,51.147057961320044,195.43573241727938,2.1392271465378694,0
2026-01-01 01:05:00,68.44799425396454,57.0163137923606,172.44886359130228,3.79940750210572,0
2026-01-01 01:06:00,57.714796791028846,78.39262016307238,181.68379824811285,6.94733226298679,0
2026-01-01 01:07:00,20.774628784822497,80.34731320710509,119.20566959585287,4.112387689186198,0
2026-01-01 01:08:00,106.96311605247888,51.45447054024109,234.54873986489963,9.200749757480349,0
2026-01-01 01:09:00,62.54435489129478,66.80638440378124,233.26397182208015,4.727901932467131,0
2026-01-01 01:10:00,45.25364546753116,51.29107610780449,234.02993413829387,6.3340244982528136,0
2026-01-01 01:11:00,109.61389672207409,49.72136494603323,161.04689902227562,6.803997399295473,0
2026-01-01 01:12:00,87.39038143136469,73.37968075247491,139.98103652497494,9.280592877066923,0
2026-01-01 01:13:00,155.77525967664482,77.25689913875539,194.8153994239978,-2.7729592336961577,0
2026-01-01 01:14:00,168.43550429613578,50.0208819536472,157.4900139284407,4.098734962081607,0
2026-01-01 01:15:00,151.21427699770211,48.13582806529439,186.83732432855612,-2.094859848717725,0
2026-01-01 01:16:00,94.2291474147726,64.26505454977541,254.40809436419687,8.568143212258475,0
2026-01-01 01:17:00,27.05473762348997,95.26783179207533,96.98502429685402,3.6569403095994657,1
2026-01-01 01:18:00,95.16189017755293,63.08455816161263,206.2606248416288,5.991928772217657,0
2026-01-01 01:19:00,37.15153382358457,82.31212973690774,189.5478904337403,3.007932405645329,0
2026-01-01 01:20:00,92.99979493858908,47.692448603581234,159.43277068766386,4.195445137333924,0
2026-01-01 01:21:00,84.6563933476276,74.14287009347788,167.95260375317815,6.849183797068287,0
2026-01-01 01:22:00,101.81938134792077,81.15222817444017,185.39424101866206,3.02819825624637,0
2026-01-01 01:23:00,122.18345996644695,36.9328381623434,219.69318700761934,3.7373192984678787,0
2026-01-01 01:24:00,135.1040885284576,44.52868210302174,251.64359867489966,6.393189727659955,0
2026-01-01 01:25:00,113.95160747295519,65.41676213558142,238.76370505181512,2.678094349421561,0
2026-01-01 01:26:00,48.020257862419136,76.44515387067794,183.58355458114625,6.039513956235642,0
2026-01-01 01:27:00,50.33235105294898,52.12605698063574,188.2131266936914,5.994070180941529,0
2026-01-01 01:28:00,101.2985863471926,55.88869640157464,246.1424898170432,0.13478629471661563,0
2026-01-01 01:29:00,143.23435717037773,65.58276622728128,163.15061070849418,9.221604583741398,0
2026-01-01 01:30:00,151.18860992485003,48.95351685357578,214.20127103730326,-0.7563186993463704,0
2026-01-01 01:31:00,202.37194036406774,63.29522269524701,157.115543811159,1.6881333057987233,0
2026-01-01 01:32:00,173.24093852989455,67.79497551388768,221.6258026206404,4.766779874669803,0
2026-01-01 01:33:00,162.70764249470398,80.18393803700283,199.29127986711535,8.264031154923536,0
2026-01-01 01:34:00,1.9179258728768218,50.733459480248825,203.37692181025292,4.1836059052923655,0
2026-01-01 01:35:00,138.66664057728758,73.6989672304954,209.04064461828324,14.27705731678108,0
2026-01-01 01:36:00,122.44839258427916,67.6526438588351,219.22516163577927,5.723145858197978,0
2026-01-01 01:37:00,156.35890983407464,71.12101228522897,204.1071131798566,8.03756295911558,0
2026-01-01 01:38:00,119.80353421172407,40.16970979547904,252.35206455781116,6.192828744566073,0
2026-01-01 01:39:00,98.48484441070259,73.74197862840956,192.88127912323532,3.0056013302346036,0
2026-01-01 01:40:00,204.38683596392656,31.132088323583623,140.07165234351646,3.0496578039130546,0
2026-01-01 01:41:00,146.96069642606378,47.62959248390358,232.60222583904306,4.928493165454794,0
2026-01-01 01:42:00,198.57475763040665,60.78774820665658,144.98733301901402,5.114841941983386,0
2026-01-01 01:43:00,58.6091638493809,57.37235490832198,213.13008801045342,5.632192453262647,0
2026-01-01 01:44:00,184.45121863824275,48.69678599465769,165.1090948985322,5.706048519667461,0
2026-01-01 01:45:00,70.98073402863264,64.53851307956485,207.9667292812105,4.745907180122134,0
2026-01-01 01:46:00,122.53396638687322,75.60908481579528,226.4029915173951,4.289918534324417,0
2026-01-01 01:47:00,99.63387478112304,83.09206546455336,167.38042373700364,5.987695777748224,0
2026-01-01 01:48:00,93.70670674613712,66.69341543576627,256.47810355608374,12.189294118294239,0
2026-01-01 01:49:00,115.98658271998002,39.07240253802071,200.55120404049043,4.313840997662665,0
2026-01-01 01:50:00,141.5773870248652,45.99881942756797,178.6953651097508,4.804681048802393,0
2026-01-01 01:51:00,60.81900873310367,79.33282402786031,200.9754619497545,5.005124269020043,0
2026-01-01 01:52:00,56.72441634130404,83.0013448492641,146.26757106428826,3.841403102438804,0
2026-01-01 01:53:00,10.37189065066913,43.115382372386286,201.5911318765357,7.110668660398014,0
2026-01-01 01:54:00,102.16972018923099,48.04893563977256,176.45021736724345,-0.21627068592576393,0
2026-01-01 01:55:00,103.95649473253927,67.02739058216252,181.52015044355468,4.480477698429424,0
2026-01-01 01:56:00,104.44478452733478,62.52895005215658,112.13248117541065,6.124404781420203,0
2026-01-01 01:57:00,122.06402033590018,75.630401455259,237.68732355490073,8.38933835316826,0
2026-01-01 01:58:00,83.64081434243562,58.073696276435996,157.30932273650632,3.209626944178749,0
2026-01-01 01:59:00,60.86539253542059,33.164110402571,178.80607367705,3.797370673592556,0
2026-01-01 02:00:00,134.76879881134485,41.74629731720662,151.40035139604382,8.20322608942714,0
2026-01-01 02:01:00,140.95279793902137,67.00918920195586,272.9595027316551,2.335966410064673,0
2026-01-01 02:02:00,75.85410396565518,59.539812343422305,222.78549685944984,2.8796728836290955,0
2026-01-01 02:03:00,82.36878858042559,56.1433339296915,185.65237930946537,4.639890980734568,0
2026-01-01 02:04:00,94.59210934545877,52.541107667661784,143.25723169596384,1.705050543668715,0
2026-01-01 02:05:00,142.17974639666426,59.436353936845684,185.98737495824707,2.8568922037543567,0
2026-01-01 02:06:00,90.86720372838731,54.34881661385918,230.08849610138137,7.0611557558510505,0
2026-01-01 02:07:00,14.123292667470082,48.496203243436085,194.13078381995652,3.8492328603467563,0
2026-01-01 02:08:00,159.18299804398708,48.31651984858418,222.2823622033925,5.539344964008873,0
2026-01-01 02:09:00,78.72273063183827,74.43228264349551,211.01834770091375,6.540446189021753,0
2026-01-01 02:10:00,209.89702265664562,91.94670146492382,218.12349524913674,12.049661141349802,1
2026-01-01 02:11:00,124.71675237648458,68.13005858419216,187.36955628517305,3.747227624041446,0
2026-01-01 02:12:00,55.655485006285296,46.789634802195344,127.33668469885701,3.853169596563368,0
2026-01-01 02:13:00,36.9811356081188,72.39229313525644,215.01793160233893,5.4394634127454875,0
2026-01-01 02:14:00,104.1399438305998,74.34620488753659,163.8837843633872,11.730395556875512,0
2026-01-01 02:15:00,60.33113588106777,77.8207821274862,185.44884185231336,5.271826972925229,0
2026-01-01 02:16:00,162.83693060983015,72.457147986237,130.64471650765182,1.653579400336438,0
2026-01-01 02:17:00,107.79087771784796,75.94913865954845,222.29205158734925,-1.3705595163161206,0
2026-01-01 02:18:00,86.13708855802338,69.65417202714475,159.2923467270087,6.340215230974396,0
2026-01-01 02:19:00,18.318344767464936,59.92957506196037,183.59981687653115,7.55783791692207,0
2026-01-01 02:20:00,162.4075397982305,70.34097611112118,148.85864142000148,7.662346118621384,0
2026-01-01 02:21:00,57.48018767726722,68.35651325348731,103.59833866304486,7.86859352294607,0
2026-01-01 02:22:00,48.485673353656736,52.651407273522295,205.62050573667378,7.336549077723758,0
2026-01-01 02:23:00,30.10634528940055,74.46454744721933,129.11162576072311,6.635292147106645,0
2026-01-01 02:24:00,114.35554471590976,74.82915681629092,142.13159216753976,10.237535959651098,0
2026-01-01 02:25:00,61.8766029254637,70.92693752852432,135.08011211106637,7.480444262847538,0
2026-01-01 02:26:00,164.39948939207983,63.83996786516177,200.01069718019912,1.7774040870176249,0
2026-01-01 02:27:00,127.55709463243184,77.99826564236736,220.31329255940454,4.885460238068711,0
2026-01-01 02:28:00,83.47821375315064,71.95684113002419,193.0695173974465,4.727875929810363,0
2026-01-01 02:29:00,54.05392322432403,74.02092535233206,187.88357429305023,-0.2509174450315683,0
2026-01-01 02:30:00,103.66059424668133,57.28317306728693,272.1651480098589,6.4916433376747795,0
2026-01-01 02:31:00,148.42745489065567,68.56654222318525,128.13148440543955,-1.9129146596710527,0
2026-01-01 02:32:00,137.83738548490768,33.6939123579337,195.4697035236636,9.723232933698327,0
2026-01-01 02:33:00,89.3563451349273,36.52561308180263,188.61405585033233,3.4450988336283475,0
2026-01-01 02:34:00,85.67379197182402,60.73257265027733,193.73399258560443,3.6120157654114764,0
2026-01-01 02:35:00,92.70196409012831,33.94112048671364,230.71759548332352,3.7600715280951187,0
2026-01-01 02:36:00,154.43736828716004,54.76759852269297,159.75574224020238,7.082004505419667,0
2026-01-01 02:37:00,147.0558564377577,47.199790799272165,204.16488055901698,4.0303363283832505,0
2026-01-01 02:38:00,100.89551947707298,52.0371648430834,169.33286144352675,11.516057092201008,0
2026-01-01 02:39:00,111.79253661580702,44.599225089556356,151.75092823403247,0.39533625643749826,0
2026-01-01 02:40:00,177.0239457246311,71.35387976422405,246.27062884775108,3.91608483966023,0
2026-01-01 02:41:00,74.93665960545789,71.39537699686652,217.2437987748324,7.86328734784532,0
2026-01-01 02:42:00,69.80867621555672,58.90264373455478,177.40884610570956,7.203363397850419,0
2026-01-01 02:43:00,74.96048820208419,68.29070708881177,214.75987957571886,3.5758065677834976,0
2026-01-01 02:44:00,69.29792233340385,57.326221013125924,161.5449699334302,6.009769536943292,0
2026-01-01 02:45:00,92.51937159087812,43.067562268123496,216.0320099229075,4.653748951915278,0
2026-01-01 02:46:00,73.61180834363054,50.75504169342345,144.13928611878046,11.198139056056174,0
2026-01-01 02:47:00,157.24179872864278,48.30953010514831,252.66230665762302,4.461160870542856,0
2026-01-01 02:48:00,121.27167619639022,41.920204334432526,145.83068197413397,4.9495351483269845,0
2026-01-01 02:49:00,175.1448089509548,61.96722725625076,173.37872710756744,2.6226153809580417,0
2026-01-01 02:50:00,141.93574416573202,58.713388487753356,166.59177689837892,0.9690814106215502,0
2026-01-01 02:51:00,160.59685873545845,55.2456673470861,212.30600744410603,2.08202023565768,0
2026-01-01 02:52:00,68.6290598919733,69.67805138526663,189.13644469147022,3.7142868051886464,0
2026-01-01 02:53:00,110.22822356468123,70.12230765026224,238.94599867695533,1.725994675702522,0
2026-01-01 02:54:00,168.09360381936216,59.30956901536348,173.46282827968554,6.86282996563427,0
2026-01-01 02:55:00,237.8809236099705,61.9199363771732,263.4130594607148,5.450216607684478,0
2026-01-01 02:56:00,120.70956256020841,63.676970211857146,191.21198792433773,5.424200162356573,0
2026-01-01 02:57:00,21.057006246614378,62.35398950970117,170.99759022048593,-0.6703780428655977,0
2026-01-01 02:58:00,113.51871609628168,72.18765437196828,155.78893831207034,7.260545143247315,0
2026-01-01 02:59:00,65.55823811316077,51.85222104330692,178.58143879794815,10.556206480830111,0
2026-01-01 03:00:00,107.78126967385258,72.05681890071236,249.3041489091818,7.817319378331823,0
2026-01-01 03:01:00,133.24595843284806,50.355928918820986,217.96444601141684,7.179355795488271,0
2026-01-01 03:02:00,146.20580978408998,77.96729081319646,245.0532212695511,10.359122893999512,0
2026-01-01 03:03:00,55.02535922707867,63.085821928426235,186.78188145127166,3.7605365112058395,0
2026-01-01 03:04:00,123.03898523598589,68.31083695624484,170.55891592513524,3.13739337741615,0
2026-01-01 03:05:00,42.12251875296816,46.6331236073655,212.88944505072558,-0.21629905725910348,0
2026-01-01 03:06:00,22.92588917927408,83.2342169492612,190.45519386185148,3.8684879441745004,0
2026-01-01 03:07:00,74.9750736075037,70.88173118356653,163.20474191959158,9.787966346645181,0
2026-01-01 03:08:00,90.10199668519552,63.772806150384234,218.0037899994362,0.6671224163982235,0
2026-01-01 03:09:00,123.52494448967818,25.523520865079867,170.9584527670006,4.224270266272633,0
2026-01-01 03:10:00,114.92787123034499,65.59882168254614,218.3724080110874,-1.4171729771416732,0
2026-01-01 03:11:00,87.68146504549756,45.95303306154312,257.58059557845553,2.856105057277693,0
2026-01-01 03:12:00,38.459349227666095,49.42772024207568,290.0734438114624,11.660038124692878,0
2026-01-01 03:13:00,147.9885369339682,57.44267186928024,190.53553780603116,4.25683185682259,0
2026-01-01 03:14:00,97.64491558909737,66.89605695159773,220.72410274347482,1.1457547445045337,0
2026-01-01 03:15:00,41.13953992034137,58.77152721710895,232.91068988263558,7.660219280176406,0
2026-01-01 03:16:00,166.77286495775968,85.47934978409951,185.43945835619627,9.903366152437782,0
2026-01-01 03:17:00,23.7119401269742,74.12989849861846,212.64084064565515,9.067970446624795,0
2026-01-01 03:18:00,128.24106652040982,72.4974670310477,135.55425159802547,2.074363919710654,0
2026-01-01 03:19:00,50.36439575380839,92.83277046792557,258.7451505812974,0.269165130089263,1
2026-01-01 03:20:00,93.16184577722467,51.33567835508841,253.55239498556662,2.5295398620535146,0
2026-01-01 03:21:00,50.381006870099625,66.63340399731243,245.81149637272404,-0.29243830389812775,0
2026-01-01 03:22:00,92.40814237635063,59.63127142653374,253.44052492849562,2.6340762332264855,0
2026-01-01 03:23:00,171.5034615054265,64.13028599952084,164.82784213700228,5.273796159658638,0
2026-01-01 03:24:00,48.86596474608504,47.20494642198198,192.30165499453366,5.225166734469259,0
2026-01-01 03:25:00,107.08742747654745,82.40954974412838,162.3042324505131,9.55649141782358,0
2026-01-01 03:26:00,190.97659859494584,64.05119009232085,167.14963329724057,9.859302980530591,0
2026-01-01 03:27:00,63.919166965266975,54.69389266197706,181.34834030984473,9.158049774889333,0
2026-01-01 03:28:00,24.672859324440793,53.62882818100637,173.2968100640822,6.6748541223822535,0
2026-01-01 03:29:00,93.94646248462426,40.09608470059896,239.8397208234558,7.2442629714784275,0
2026-01-01 03:30:00,40.849071662985224,44.28336427272137,233.1461422253927,5.89387182794092,0
2026-01-01 03:31:00,104.82325459078861,79.29919321599228,232.98110793482164,4.747794565455267,0
2026-01-01 03:32:00,65.54641720853562,87.1844810275172,236.24891608950358,5.041178080423866,0
2026-01-01 03:33:00,129.9911000184014,50.063622549355664,222.37222352735105,4.005822477453531,0
2026-01-01 03:34:00,101.74616595253983,52.628377654833834,242.11520579577376,-1.841231769564044,0
2026-01-01 03:35:00,14.383561189148352,71.42842563043853,207.02171828748072,6.614287615120637,0
2026-01-01 03:36:00,82.47339855304017,68.66020058067272,185.0234797280581,10.783276652630082,0
2026-01-01 03:37:00,65.64603287800492,62.308215580103585,169.07306839430925,7.863927220555356,0
2026-01-01 03:38:00,114.56852715033187,65.97373410570805,184.35332846581895,4.977142150140418,0
2026-01-01 03:39:00,49.81419178199475,70.34380809325563,152.34820247365178,2.706128096996624,0
2026-01-01 03:40:00,137.19117738158712,61.394562429009866,178.4523057592349,7.708120349433572,0
2026-01-01 03:41:00,177.2472677185074,48.00144195022216,251.99320502693587,-0.28792729990970134,0
2026-01-01 03:42:00,137.94603063936273,97.35413286790595,162.06946911937786,0.38614263712079655,1
2026-01-01 03:43:00,117.57586120405303,64.65983553676548,186.02713088149014,0.4910223997188172,0
2026-01-01 03:44:00,111.5190928276498,47.74339565603441,180.3342340611372,0.23861789982135306,0
2026-01-01 03:45:00,12.632770956758833,20.86693850153872,209.77957478363496,4.2540568725087375,0
2026-01-01 03:46:00,64.61628890463015,47.78418332549358,207.9943341082229,0.9687180660835075,0
2026-01-01 03:47:00,104.43604865351533,58.55618725145682,130.8280441430606,2.65226360690408,0
2026-01-01 03:48:00,179.71583839134846,81.54605448344657,258.3153238299296,7.869777514153574,0
2026-01-01 03:49:00,188.1986005481518,75.07782362215073,193.5447687720997,2.605019343535086,0
2026-01-01 03:50:00,189.99166575465767,85.24501241873327,147.74590684995698,-1.0436509398117089,0
2026-01-01 03:51:00,86.8165227562008,86.86750920512712,111.93077708701507,9.532357407126415,0
2026-01-01 03:52:00,129.2753941489961,40.707338982129336,111.20160686539059,8.703243897795895,0
2026-01-01 03:53:00,8.343854916565249,59.4461045874687,130.57088629765832,5.447660703527082,0
2026-01-01 03:54:00,126.73940445061147,98.24062553387029,198.5162365248846,0.7099380504240322,1
2026-01-01 03:55:00,154.458397314966,70.99830897593779,234.39833511435012,6.929947627727103,0
2026-01-01 03:56:00,138.52556007326672,41.8457469910216,162.8517742728345,0.30454737984654834,0
2026-01-01 03:57:00,146.29978372472473,72.04193949201272,208.34705260216617,8.29687809385979,0
2026-01-01 03:58:00,180.39402897647352,76.79389391794113,179.9941855954326,1.105402195820158,0
2026-01-01 03:59:00,103.53197189772197,35.77851876794686,177.4251990466707,1.3729717752550794,0
2026-01-01 04:00:00,132.2421966381935,57.98831176593605,230.9887828575308,9.951329336645317,0
2026-01-01 04:01:00,92.9100227265026,64.8145637941345,199.37635802808086,3.2240899398441143,0
2026-01-01 04:02:00,106.18825173651015,102.0542818701364,207.94383588373404,-0.15473507509407103,1
2026-01-01 04:03:00,71.29744371977674,60.15002646265778,147.6048150632148,4.77813343563586,0
2026-01-01 04:04:00,101.7703131467643,44.30031199976726,149.1269968210361,3.242075959704959,0
2026-01-01 04:05:00,108.63413915842659,60.10033282081361,225.8493157279183,6.3935125466759795,0
2026-01-01 04:06:00,171.17201525571124,47.571863148252405,227.08628265853488,1.9145617071705434,0
2026-01-01 04:07:00,151.44646249290736,37.08939737288847,221.74243516813326,14.126586630479235,0
2026-01-01 04:08:00,148.59674943834938,58.531302468615195,225.79195901485176,4.976495623663113,0
2026-01-01 04:09:00,117.12850870634044,34.745242513814574,218.7104067527782,6.274974885887865,0
2026-01-01 04:10:00,63.194902128512545,72.26619419246761,224.60360940214846,-0.46754446171188224,0
2026-01-01 04:11:00,32.92461022255152,47.493661990330345,204.74980110114225,4.999554091241725,0
2026-01-01 04:12:00,143.76583040763362,74.50062610075405,230.1227347430178,4.094040198319519,0
2026-01-01 04:13:00,102.34394883873547,59.50252297428781,103.27117206399993,5.185973177916601,0
2026-01-01 04:14:00,90.49038739757809,63.59798283449386,124.40305574296532,4.660917299957959,0
2026-01-01 04:15:00,118.67190481337826,62.816901221652856,229.500028698581,1.05524780768445,0
2026-01-01 04:16:00,34.58908956110106,71.64153446300104,219.5915210331052,5.795024487055885,0
2026-01-01 04:17:00,41.37779245115719,62.1645924986218,282.76312146135,9.040605566535262,0
2026-01-01 04:18:00,90.44642618558643,62.75107308023187,210.52348365457863,4.6578527666133756,0
2026-01-01 04:19:00,78.95635575261564,71.13719880036919,219.46332277607834,3.4204205358242854,0
2026-01-01 04:20:00,90.4242035971391,70.81847662652743,167.02992412792344,6.415766902627555,0
2026-01-01 04:21:00,34.53195344506939,48.917473377069044,212.23734026301267,4.5718210279376885,0
2026-01-01 04:22:00,94.44510644621248,42.77149586116434,245.5696137787242,4.330296174548824,0
2026-01-01 04:23:00,121.99492042026833,63.306788035956444,203.64132370152646,3.466935908837532,0
2026-01-01 04:24:00,107.29578884028592,70.87311840974641,223.46879220732114,7.794956922030892,0
2026-01-01 04:25:00,105.2529830025837,52.79651806288095,259.2638133042093,6.882921891928412,0
2026-01-01 04:26:00,77.47822593540941,39.22321296739412,225.05440670265693,8.186829130453816,0
2026-01-01 04:27:00,32.67341870362391,39.33121580641495,201.19369607088697,2.7521826590921625,0
2026-01-01 04:28:00,130.25658859772656,42.72763770831895,245.6686031905523,4.496682209778497,0
2026-01-01 04:29:00,95.03596689153134,58.3902860712826,252.26858433490634,2.4358199632338344,0
2026-01-01 04:30:00,33.936018308810546,72.10814828927053,228.47067192851495,7.182149218905252,0
2026-01-01 04:31:00,106.06398376480715,47.02517113490976,149.2912301756009,7.171494549692323,0
2026-01-01 04:32:00,82.79767504435831,67.23896262090071,171.9308890274703,3.7423821581888284,0
2026-01-01 04:33:00,173.88918472248196,63.004343732634,181.7156094250513,8.280135660195853,0
2026-01-01 04:34:00,83.15406216909294,56.05834052336005,207.6660397352467,7.815328841384746,0
2026-01-01 04:35:00,103.69407857296592,84.51852774794703,152.2246821436907,8.978200131622245,0
2026-01-01 04:36:00,-22.54495636358908,62.50439172911267,160.73076799371347,9.306184097239315,0
2026-01-01 04:37:00,111.02347616764104,53.89036678651296,173.62548913654373,3.0403470840934435,0
2026-01-01 04:38:00,134.86112058868122,48.53337973378664,215.6279605044699,6.4107919003305955,0
2026-01-01 04:39:00,65.54307700247071,75.51047611215061,168.28519237083813,5.2164543545036945,0
2026-01-01 04:40:00,30.490101481398938,75.52962700963792,195.11152548365902,10.241782378106087,0
2026-01-01 04:41:00,13.736098262280223,69.04280393187761,218.51459588015194,6.019958474687096,0
2026-01-01 04:42:00,49.90536782752846,56.31430036515691,215.10319814891494,5.387309642545526,0
2026-01-01 04:43:00,9.344114882555715,49.02389539103618,174.0311689156405,5.777210499900866,0
2026-01-01 04:44:00,33.039999432581,80.3531151157967,214.02230727686245,4.673433624088894,0
2026-01-01 04:45:00,101.23226013980538,46.242783273991684,228.06315241525897,5.260781462133642,0
2026-01-01 04:46:00,192.39317000924405,63.157880566348766,152.17381222114722,10.26252522178429,0
2026-01-01 04:47:00,105.78445457664387,62.79535827462651,169.08306425219502,3.4493515482608803,0
2026-01-01 04:48:00,84.70345254593701,63.40233337447589,257.9343927687351,5.206655692442934,0
2026-01-01 04:49:00,142.30429104296837,72.80449593614665,249.20288143423966,6.185110700539461,0
2026-01-01 04:50:00,88.2454395606441,55.79434601812014,174.48731915626627,6.957182217859508,0
2026-01-01 04:51:00,183.25018204277697,46.36576401931811,207.15003431065406,9.470653688023331,0
2026-01-01 04:52:00,64.13623279650145,59.99609461687408,215.70079874283255,3.117777603223759,0
2026-01-01 04:53:00,140.52068327218484,62.00709889419437,208.01738942941432,6.0687635431538975,0
2026-01-01 04:54:00,49.17640294691189,55.56000574399308,145.64164137869085,3.063980839032266,0
2026-01-01 04:55:00,97.10603890277378,37.14584348158794,284.166012653675,3.1304979929351076,0
2026-01-01 04:56:00,94.75336695667897,50.62160669905308,218.0232017343083,2.7899389358025832,0
2026-01-01 04:57:00,55.549311630749095,64.73251407539107,172.80391173626083,2.341038396723022,0
2026-01-01 04:58:00,60.65537578961921,40.99383106434264,201.55496449601293,3.6551463250745364,0
2026-01-01 04:59:00,87.55875934056654,77.59921018955262,258.21600454917547,1.8662467579955955,0
2026-01-01 05:00:00,135.40054360637143,77.2088599164378,197.41130729064022,10.181177430543677,0
2026-01-01 05:01:00,46.860143977020805,50.325119232426616,185.2511550633244,6.744674746787835,0
2026-01-01 05:02:00,46.63156159963033,54.18130335003445,247.2815050450716,7.2407014404721775,0
2026-01-01 05:03:00,-25.26874861374513,72.76007197417077,234.68339015969735,7.1282020363175,0
2026-01-01 05:04:00,26.934008588972645,43.791347517012014,238.65390689307833,7.950843095785968,0
2026-01-01 05:05:00,118.10721456405655,67.75421088107424,192.6978491811477,4.708263108082054,0
2026-01-01 05:06:00,197.83128006581182,45.0578590710673,149.75736274985334,3.3470078387026163,0
2026-01-01 05:07:00,61.75577390979126,61.6570972740004,192.87730850599397,-0.7809086679913779,0
2026-01-01 05:08:00,166.17642324489168,90.30824131960111,228.75446196148226,6.350860095178154,1
2026-01-01 05:09:00,204.2606389432931,71.19290358288094,231.0244452147108,3.831073487368156,0
2026-01-01 05:10:00,123.2413528229943,41.52488019363254,254.34616743262654,6.076550849703586,0
2026-01-01 05:11:00,97.18326152099684,78.20007549249443,185.2576694881371,4.799522211511143,0
2026-01-01 05:12:00,128.6518152101757,65.61852778314497,149.0407337938142,7.918786582891586,0
2026-01-01 05:13:00,83.50194708366406,62.85809169571401,192.2794001544081,8.970695342944385,0
2026-01-01 05:14:00,127.13592230182111,64.791895798777,143.28734458582727,7.14182292150553,0
2026-01-01 05:15:00,73.00760156685438,67.73305373771359,149.08916940451138,1.2905587404064778,0
2026-01-01 05:16:00,84.2338569593182,72.04356599638852,267.0357973633233,7.05671527215979,0
2026-01-01 05:17:00,18.89654959649347,63.17222147137954,208.56611375607343,5.700225548610277,0
2026-01-01 05:18:00,175.42360258628383,48.40664160097194,136.7934418386446,2.1167929186539167,0
2026-01-01 05:19:00,13.533251240613993,64.03213477830191,137.66966941749283,10.580791638449366,0
2026-01-01 05:20:00,58.27444516622155,55.1618748445365,234.81430922882262,7.654445086249283,0
2026-01-01 05:21:00,112.63010891011501,58.185303125678054,284.04588163729227,5.013301503464007,0
2026-01-01 05:22:00,105.01205188121321,59.47407099000386,207.75689863904014,-0.7710319097930212,0
2026-01-01 05:23:00,102.35410083220418,43.58457178068568,204.7462885593692,10.844468960030737,0
2026-01-01 05:24:00,-31.460030559493504,62.832917711936695,180.36259249072128,4.716336318003705,0
2026-01-01 05:25:00,175.769018173586,65.67952322434465,136.87803847993956,-3.8603400226069944,0
2026-01-01 05:26:00,100.03122318754511,52.422237612650584,221.94147223911924,7.595276579750582,0
2026-01-01 05:27:00,134.42199395656155,52.08726118940847,244.32458623182157,1.513246556685404,0
2026-01-01 05:28:00,14.946617262637972,85.9581001760729,229.7112970399195,-0.2127451971230645,0
2026-01-01 05:29:00,120.52812550934271,61.70002206813057,192.2382186842999,5.584776674720598,0
2026-01-01 05:30:00,84.31486700665997,62.31472449071366,230.68325776605275,3.1120780028536883,0
2026-01-01 05:31:00,16.994221920282342,57.08705227666025,171.8206324661303,-0.40806117529760044,0
2026-01-01 05:32:00,25.33990405669296,73.73143003855748,145.20232891262523,3.4917329297509445,0
2026-01-01 05:33:00,100.43830542160292,62.72464038699664,219.49772769916427,5.37259591405988,0
2026-01-01 05:34:00,187.1291463469379,84.64502813350413,245.1824184712165,10.308761573052518,0
2026-01-01 05:35:00,53.04203550202988,80.3301350224691,156.4498190270664,2.1677118240016746,0
2026-01-01 05:36:00,90.69077853106795,69.40864227032064,204.59930029340669,0.8747252369091383,0
2026-01-01 05:37:00,97.97561544272145,75.08540603852181,202.2730702486929,12.810112392774741,0
2026-01-01 05:38:00,42.296037415979804,41.59158359830565,172.35328197703902,-0.015398658542251198,0
2026-01-01 05:39:00,62.66098773244304,44.75804553399005,215.5362629397157,1.5510560925301622,0
2026-01-01 05:40:00,104.72962168581611,46.89227852971152,184.42871399786614,7.702792570339591,0
2026-01-01 05:41:00,127.80467880435714,54.22552816132047,237.44073475206366,5.82791688485676,0
2026-01-01 05:42:00,97.25607621582873,72.11667330975878,152.3685837645687,6.4788426041068305,0
2026-01-01 05:43:00,119.23865958178298,13.568999934772755,150.24981816677143,6.884585943534975,0
2026-01-01 05:44:00,52.903170021299125,57.356868330250904,193.17566299217268,4.768278510012933,0
2026-01-01 05:45:00,86.9761109566592,61.02679077767609,243.48939440839823,11.34549907106927,0
2026-01-01 05:46:00,84.80087238791461,34.083564254841356,245.09485824912647,4.278364505355953,0
2026-01-01 05:47:00,61.2253182417319,46.54157055629651,254.36300873279424,-1.7627229622258707,0
2026-01-01 05:48:00,43.94665751634983,58.814490234287256,176.98833500242839,3.8318010691647144,0
2026-01-01 05:49:00,34.41336885501242,71.73107489097245,210.90926956136207,5.558122793143733,0
2026-01-01 05:50:00,-19.800763699225655,73.03295158669616,234.1073508021558,6.433087350075042,0
2026-01-01 05:51:00,137.56789843950054,68.50784528226055,205.17416546003406,1.4260529791196133,0
2026-01-01 05:52:00,52.00485544362309,22.284718827011666,132.5636894849393,4.0281803268647005,0
2026-01-01 05:53:00,15.539041424969795,80.5372893905976,143.11475421069034,-0.2688349731545516,0
2026-01-01 05:54:00,126.96056596376368,72.78344140636551,197.39708482281546,6.943027904222808,0
2026-01-01 05:55:00,101.0409070104161,57.868804538098466,98.14111344989948,3.0241179732265664,0
2026-01-01 05:56:00,38.23436581395466,61.36594351852623,187.13523237468195,1.9601636227827397,0
2026-01-01 05:57:00,81.80420767733573,54.22386347382243,221.0144185014825,9.271184122282968,0
2026-01-01 05:58:00,69.60523295206926,44.613084564018955,261.9981571140428,13.887910720503303,0
2026-01-01 05:59:00,110.19076057048822,19.53379001286938,184.22408313614508,8.711096382120484,0
2026-01-01 06:00:00,93.24921472523056,66.76747548071864,164.59575815772973,8.619831180306091,0
2026-01-01 06:01:00,127.101450489402,66.19064519227761,190.76696967882634,4.089756599121934,0
2026-01-01 06:02:00,177.49191121934734,55.79194436201841,148.40224159296648,5.481392121384224,0
2026-01-01 06:03:00,103.96465542318983,40.91492194986819,202.06212386616377,6.772208207423057,0
2026-01-01 06:04:00,-11.402997203813598,68.57118628472429,250.12745976403835,1.0712198594570426,0
2026-01-01 06:05:00,100.68763562821958,51.545906180528476,203.0384071427345,3.540575066410247,0
2026-01-01 06:06:00,119.97425926093757,101.04708304404782,154.31516662906841,5.438342156759536,1
2026-01-01 06:07:00,74.87298006930328,48.104867184829914,261.5185001012812,7.404627560408138,0
2026-01-01 06:08:00,78.54671233602399,69.13977116438723,164.31858954468873,13.44250127101084,0
2026-01-01 06:09:00,113.45117660718492,41.27341966567306,194.56758024298412,0.4283390870785979,0
2026-01-01 06:10:00,70.59545807498043,56.988339168510336,168.69283278530145,4.33623666683303,0
2026-01-01 06:11:00,126.61600336945676,66.57101339205872,165.25466108828925,8.168851792548923,0
2026-01-01 06:12:00,80.85448960119159,52.19680154821603,184.96843600189203,9.532453175838313,0
2026-01-01 06:13:00,89.06660195388706,66.66728078968497,193.7138854196563,7.924206454444857,0
2026-01-01 06:14:00,166.00618804776974,68.72422029472284,147.5570454849638,4.565743069013996,0
2026-01-01 06:15:00,94.17372379918675,58.20406205337736,162.07862217157572,3.806077603631329,0
2026-01-01 06:16:00,89.84826261076645,48.03012814485072,222.60769479513024,6.930008534210009,0
2026-01-01 06:17:00,133.32735145993092,54.96872349026259,216.19289991418958,0.9454044085501794,0
2026-01-01 06:18:00,119.8738289322079,69.64294236605033,161.88778566691005,7.907213879537743,0
2026-01-01 06:19:00,145.77610164076407,76.02701179893283,244.47594882546383,5.638782353674201,0
2026-01-01 06:20:00,-6.784049471315697,89.9658478466018,248.84665307353282,1.0973910745606554,0
2026-01-01 06:21:00,84.28044407928151,70.10834746970994,277.5942210507487,6.006824956320553,0
2026-01-01 06:22:00,153.37243298798785,64.95058465470301,168.34369784615785,4.021895131039603,0
2026-01-01 06:23:00,71.36832297916811,63.989162760201644,243.56178510622678,2.301201544454758,0
2026-01-01 06:24:00,143.30621097239478,52.553034778295704,198.76664081723465,2.219527015925596,0
2026-01-01 06:25:00,64.83896004942582,40.75000341255334,213.88204130944644,3.7102447716220164,0
2026-01-01 06:26:00,127.25699897667818,69.0739831300147,142.12148476838126,-1.5048274641401456,0
2026-01-01 06:27:00,5.5627429893612685,50.993851789885625,187.23481178188496,2.884957889614858,0
2026-01-01 06:28:00,102.10879342032179,48.14982946080109,218.71216308858112,7.0432782507273375,0
2026-01-01 06:29:00,119.68214752785556,62.16564908127863,252.30164894450232,4.653135658363575,0
2026-01-01 06:30:00,105.76830157609012,43.33452827867342,200.39644635771793,10.831426598027495,0
2026-01-01 06:31:00,50.3019621066805,41.48944896754023,185.30123872503302,5.446679106589909,0
2026-01-01 06:32:00,90.2896453945531,88.24627035296697,113.00197112981033,-0.9653544257106592,0
2026-01-01 06:33:00,83.56264262070557,62.55878933963802,234.21638150981912,5.737641152866632,0
2026-01-01 06:34:00,127.99956834262386,65.13342462237163,237.90627543164086,2.3487686694571206,0
2026-01-01 06:35:00,167.3406144759906,49.81599854395553,220.95743501092517,5.3385295744879,0
2026-01-01 06:36:00,91.26481190565832,44.231703289192474,127.06815307151122,7.5657383875729005,0
2026-01-01 06:37:00,78.01713352461003,40.43209136114474,136.84142369910717,6.984825537923325,0
2026-01-01 06:38:00,87.63205913903863,46.00850411547263,212.23071778567197,0.2805227645043775,0
2026-01-01 06:39:00,124.59814958350854,86.24772988243222,177.231244805469,3.5353983295505333,0
2026-01-01 06:40:00,111.97911180456586,63.45532371360402,162.3276156939339,5.689489974661845,0
2026-01-01 06:41:00,142.29646407163352,82.04663786040685,231.8911387476572,7.433984736581732,0
2026-01-01 06:42:00,140.59357409190866,67.5952668204954,173.99835730263902,3.6377874431343225,0
2026-01-01 06:43:00,92.10838024600622,49.80735027254245,230.37909111052213,1.98734749983256,0
2026-01-01 06:44:00,98.96642702710534,63.80076994073016,165.78344478372966,4.026244549269683,0
2026-01-01 06:45:00,106.9358093269904,63.53949007993603,102.81512072914268,0.11691623646984528,0
2026-01-01 06:46:00,110.82900619373098,47.91569371144764,201.95020924815327,0.6049795575404202,0
2026-01-01 06:47:00,59.217653590148764,60.5488728258609,248.10838269177356,6.7031074064081855,0
2026-01-01 06:48:00,107.4846727045505,34.31443580431086,257.2960398177816,4.959112134406527,0
2026-01-01 06:49:00,123.35183504191218,58.50763622859796,246.71117302553932,3.4117238204256166,0
2026-01-01 06:50:00,97.90903645503604,78.9719760919043,147.90052189179863,5.424641573454952,0
2026-01-01 06:51:00,109.26330917847868,67.29648317848033,184.294835530589,7.551449070149572,0
2026-01-01 06:52:00,48.66504256894434,70.49001807449334,218.40120376662557,1.8008318819063023,0
2026-01-01 06:53:00,36.83887666096726,55.26920868662084,192.61333936630925,2.8543521813700923,0
2026-01-01 06:54:00,182.43540945122754,61.96022037870766,220.10440451402755,6.656605738024394,0
2026-01-01 06:55:00,66.59709686876707,60.49487201636929,171.31591219265903,6.904487524845063,0
2026-01-01 06:56:00,154.75151527513415,74.77683490154327,172.39181197288664,1.4014075907924513,0
2026-01-01 06:57:00,77.61570557156378,72.54562469545323,244.9927828452278,7.415622444528429,0
2026-01-01 06:58:00,67.45195889113455,78.86402695348022,169.34340751855186,9.70494959762739,0
2026-01-01 06:59:00,112.88720914212887,57.67291215062434,181.31765394300345,8.71422933396381,0
2026-01-01 07:00:00,45.39737343887202,40.858449918688336,216.53532031394295,5.252248300687134,0
2026-01-01 07:01:00,148.14061305286873,36.78704326592395,227.1585810178356,5.352540030941036,0
2026-01-01 07:02:00,51.52295350779378,41.37274211143224,220.24809451400546,6.501099985739467,0
2026-01-01 07:03:00,16.771649840261148,60.97564490528745,254.0021047888785,1.8398689550360028,0
2026-01-01 07:04:00,55.43551962855902,58.27538367128096,197.1273389447497,2.4724161710292885,0
2026-01-01 07:05:00,111.05042052051462,79.85188284536719,271.72964403618585,3.5516766062463656,0
2026-01-01 07:06:00,17.768188435884653,80.32939352829706,182.22391949551542,6.736782422907554,0
2026-01-01 07:07:00,90.24171812181235,51.210065900288,179.87091283883947,5.86687068545519,0
2026-01-01 07:08:00,50.33362355537134,45.77642400934486,194.0916523742184,5.792110217469521,0
2026-01-01 07:09:00,44.91402341455976,51.84985972633019,210.486491627216,1.8674340569278067,0
2026-01-01 07:10:00,92.4310073544251,88.91445297934627,203.44258154131927,7.121594370303123,0
2026-01-01 07:11:00,157.2452554980401,69.99473246533964,157.82519200104596,4.048778649606553,0
2026-01-01 07:12:00,74.8498093516352,47.73838365447152,268.952530777388,6.0401929675617385,0
2026-01-01 07:13:00,61.27632524923429,37.13251512924042,235.85813698387676,3.4629868681627065,0
2026-01-01 07:14:00,150.2522673426166,72.88103593906777,212.40178775871865,3.491822081272681,0
2026-01-01 07:15:00,49.249345805195496,48.05393719273214,210.65707222020018,1.3937235907649024,0
2026-01-01 07:16:00,95.46670347989492,61.997113310199275,201.5004522837978,8.881986667014138,0
2026-01-01 07:17:00,129.15295705455273,72.9703105394645,144.67129461847816,12.088863387928903,0
2026-01-01 07:18:00,145.20372175552842,52.05969082824852,239.61961166289734,11.236960197726424,0
2026-01-01 07:19:00,92.33307025832826,49.62720702499456,150.85078087322,7.312127585241614,0
2026-01-01 07:20:00,207.14833025519437,76.766152022708,216.2005004241953,4.877537207897113,0
2026-01-01 07:21:00,149.48376713152987,26.902626423150295,234.57079824191362,3.287563336628699,0
2026-01-01 07:22:00,130.22441856717754,45.83909682520802,150.3661097863301,9.279918473484132,0
2026-01-01 07:23:00,87.59647353301784,52.04608061543039,264.23416872586506,6.231206921203421,0
2026-01-01 07:24:00,78.67861764995952,46.97861312868763,194.26569282504386,7.4127759545971035,0
2026-01-01 07:25:00,138.96631715022397,45.23969020127863,118.79925051173599,1.8344960144467404,0
2026-01-01 07:26:00,175.12537070229882,58.16828876122038,209.0064563245946,5.576643300381241,0
2026-01-01 07:27:00,207.80777346347008,45.049477851981706,253.49014888516484,0.24744436827378635,0
2026-01-01 07:28:00,61.8858080143962,61.53341787081741,270.4251671702006,2.407432531417885,0
2026-01-01 07:29:00,80.13426217191669,37.47149265545551,171.39103618981437,8.077754095675118,0
2026-01-01 07:30:00,128.62878228770316,60.66198079817907,158.98346151842085,9.683684239294433,0
2026-01-01 07:31:00,101.90991135131256,55.68830474191651,231.24127857053855,0.1353502735433354,0
2026-01-01 07:32:00,62.246803874107314,77.1277878830538,191.26584412681433,8.94720450579471,0
2026-01-01 07:33:00,65.16977290373282,63.43465161409949,217.1636737409035,2.950462760178219,0
2026-01-01 07:34:00,135.83465672290572,48.23862733095869,202.86373740467158,-4.872290353203622,0
2026-01-01 07:35:00,131.61571289455864,86.24934705831255,211.82668376545726,3.3808221343587377,0
2026-01-01 07:36:00,100.80656887036118,54.103257132686345,162.9935029922355,0.41589083579284125,0
2026-01-01 07:37:00,51.92816238616949,52.39453592358049,177.76257838424493,0.07729870495898794,0
2026-01-01 07:38:00,162.9786449587027,62.575194834067844,295.09035130895575,1.1272332165892776,0
2026-01-01 07:39:00,123.99078200836904,39.62261651369398,189.1938967525501,12.753589883696819,0
2026-01-01 07:40:00,16.59892022564857,72.7236310848037,312.98083505334034,4.655938586069376,0
2026-01-01 07:41:00,165.46973965528042,50.209426017486045,163.28140412631052,3.806875544379411,0
2026-01-01 07:42:00,20.272865122520287,43.760029192586785,192.6532905807914,5.2915050600415325,0
2026-01-01 07:43:00,106.55880070937866,70.12868663350419,205.48775555733204,2.554136866831719,0
2026-01-01 07:44:00,39.429987206864524,59.250348963165784,255.54004782976875,8.088728545351266,0
2026-01-01 07:45:00,143.44475164850408,77.89865878861953,173.31811018316495,2.8250999993251344,0
2026-01-01 07:46:00,-16.853131834290977,84.75150551741676,166.3129179182962,2.6229736736299842,0
2026-01-01 07:47:00,102.72247425151743,64.44521611026592,291.2688662808728,0.9731503852076839,0
2026-01-01 07:48:00,18.344645667577993,43.52252893250606,220.46372183949998,1.576844712475845,0
2026-01-01 07:49:00,108.33076913089334,42.91126075297437,220.38013312702267,2.6544563550930036,0
2026-01-01 07:50:00,115.54488949647433,85.83920443687524,218.2001514973955,5.957032269089609,0
2026-01-01 07:51:00,120.5448146625549,51.7341921091911,172.77472067938353,9.765734314710288,0
2026-01-01 07:52:00,74.1909270877878,60.942724843658986,135.42197328331534,0.06979565984623548,0
2026-01-01 07:53:00,112.25187462703995,22.166796651787628,300.93611839711906,4.2592104615430735,0
2026-01-01 07:54:00,77.07658528978995,51.4647924971042,179.77006751242448,5.208047806131602,0
2026-01-01 07:55:00,149.94278551626138,77.23977649914407,175.45362450698494,2.8654260388581925,0
2026-01-01 07:56:00,59.617408710103014,45.22831319628821,199.9208840509395,5.423337220191152,0
2026-01-01 07:57:00,42.418950693348656,63.17755889859411,269.9404171999899,4.202950691633323,0
2026-01-01 07:58:00,22.823980939312335,58.6329949349489,136.27664433814402,7.392034215858416,0
2026-01-01 07:59:00,38.219661103429914,66.61949217533333,258.2975216660646,6.883858619107551,0
2026-01-01 08:00:00,81.56415355652204,48.57480825313948,235.5564157631834,9.93870529939598,0
2026-01-01 08:01:00,110.16486794015967,52.15773667502674,220.72828977804573,-0.31470234113660034,0
2026-01-01 08:02:00,-7.540038997103579,61.86079182914199,199.4456203932537,7.042307490640603,0
2026-01-01 08:03:00,98.4951884663238,70.45547273707693,219.17344021420757,5.197780015764823,0
2026-01-01 08:04:00,112.22776419427035,55.54021497687802,177.57426880397276,7.760471773376159,0
2026-01-01 08:05:00,124.73122990022289,58.993809338266566,249.69913566147636,8.13851481458563,0
2026-01-01 08:06:00,113.58542345557875,64.44844338296903,258.8062010622516,7.118202962383757,0
2026-01-01 08:07:00,95.1941050665391,57.28231151391603,200.14678080034577,3.4989446200275647,0
2026-01-01 08:08:00,93.14551821112303,50.965642681148445,153.6905011111092,1.9510218113745124,0
2026-01-01 08:09:00,122.60611135472541,54.898585041625026,221.94244395877175,-1.7149331531064833,0
2026-01-01 08:10:00,161.24213740151126,76.85803637284462,119.88374962048275,3.383465200566215,0
2026-01-01 08:11:00,122.71326969672148,59.62560516131232,254.6603433972595,8.008024512633966,0
2026-01-01 08:12:00,132.79461437659103,75.29734464958663,143.21279913738493,-2.0437114155830765,0
2026-01-01 08:13:00,124.75176134220897,73.97653590392731,212.07548604775346,1.4083739282731473,0
2026-01-01 08:14:00,100.20187491345027,53.78328103663698,209.97024967549888,9.484416428387863,0
2026-01-01 08:15:00,98.15576868834054,51.50986560314361,174.8457550182147,4.490892494238054,0
2026-01-01 08:16:00,95.5120234134904,49.21721873564486,102.5708370496112,6.054590794827028,0
2026-01-01 08:17:00,138.1310501388972,79.44679018120497,168.04272428991297,2.114054464617029,0
2026-01-01 08:18:00,87.13223301646144,84.46513432623384,195.55784084377794,4.494381933555548,0
2026-01-01 08:19:00,58.15202946342911,62.741768220830096,145.97098988489353,10.737066651157832,0
2026-01-01 08:20:00,121.33968848555827,60.093670759803985,210.51750324939894,-0.32947935752678514,0
2026-01-01 08:21:00,105.5882406205758,50.705356571872855,223.2806719493274,3.9561450400981886,0
2026-01-01 08:22:00,119.26528866729433,17.939882759759,147.00881651478957,5.727410645215966,0
2026-01-01 08:23:00,183.01542294047783,55.84772302092709,196.31762087451074,4.709269579395945,0
2026-01-01 08:24:00,109.11443256155506,80.21711172017814,154.54430575652782,6.0656848708183215,0
2026-01-01 08:25:00,54.999335544110274,98.13372040379339,179.6081319337897,3.4233393286923905,1
2026-01-01 08:26:00,95.63762461285044,25.71183465368346,188.3776631496443,7.778813967164329,0
2026-01-01 08:27:00,101.3112333215545,63.723623553483435,197.72219866713337,9.76100377342948,0
2026-01-01 08:28:00,157.4167490859213,76.74753428124046,226.1535442914675,3.669217898961905,0
2026-01-01 08:29:00,-14.1466148720355,49.42933251036698,208.0045252057299,7.577716661890338,0
2026-01-01 08:30:00,29.36052816777834,45.20950228672894,225.0767747098439,4.178698082499414,0
2026-01-01 08:31:00,53.806742364740266,47.53196113789865,219.19027518221645,7.150419592655707,0
2026-01-01 08:32:00,83.18474554239131,79.10473806178321,239.4166865300313,4.944781207583761,0
2026-01-01 08:33:00,174.96338553580767,57.073796100198166,236.48831244949875,2.188299073983085,0
2026-01-01 08:34:00,97.3325183259218,43.61717380948802,265.53329642561846,10.090411298857111,0
2026-01-01 08:35:00,191.94818695182286,60.46501640973684,184.12878692175374,6.725686039163392,0
2026-01-01 08:36:00,87.19523286340635,54.96577028800142,201.83017946567503,5.432088000008051,0
2026-01-01 08:37:00,138.1530970768493,73.20111631777017,217.03375496581953,4.728219991356058,0
2026-01-01 08:38:00,139.94623167966415,51.10537583077526,137.29348349250168,6.800144920292386,0
2026-01-01 08:39:00,87.4928740726958,53.4383509219276,216.5196228914739,4.703250394929652,0
2026-01-01 08:40:00,30.197092881193228,81.08446768428009,212.30021978066623,6.455195030316311,0
2026-01-01 08:41:00,105.42816833161379,64.05527569518341,213.12444732161285,6.060009012477648,0
2026-01-01 08:42:00,58.502443974967136,44.117085539167505,189.36963699194163,8.358465285006979,0
2026-01-01 08:43:00,76.64373863293322,54.9084312642129,215.92745162647154,9.62122210340983,0
2026-01-01 08:44:00,57.88783156412364,52.116710858728666,159.06905395059272,5.991773243213423,0
2026-01-01 08:45:00,50.176926200189406,44.14947218239985,234.59009583807557,5.253722943012765,0
2026-01-01 08:46:00,188.91807415363047,78.18867331840346,225.98039681700754,5.847255105337476,0
2026-01-01 08:47:00,109.54326136628566,79.94530697102087,217.1533807662782,5.470959894282599,0
2026-01-01 08:48:00,176.67466105206114,71.07703617482129,187.45045346215383,4.69411566789598,0
2026-01-01 08:49:00,64.68166100428797,82.2626053485225,196.28614630281908,6.202357187486714,0
2026-01-01 08:50:00,97.76244491433624,47.72147158853067,151.92961852089428,4.325791592600989,0
2026-01-01 08:51:00,78.36840291075137,57.31961155245397,246.7075963485251,0.05861715634638642,0
2026-01-01 08:52:00,105.1802586723869,49.5572383975407,182.66935912834703,1.8439201866317765,0
2026-01-01 08:53:00,132.72190140896225,57.610366648413475,217.11831181531795,3.5576712087722724,0
2026-01-01 08:54:00,143.92692442834436,90.48296100066949,157.44099826578392,0.17258361103696984,1
2026-01-01 08:55:00,46.17511907735731,79.12921393704815,237.36246850697225,5.990312101229268,0
2026-01-01 08:56:00,63.74993419609472,73.46295365811882,143.07204404458096,7.783848993710466,0
2026-01-01 08:57:00,209.28221170489442,37.319014251945134,185.93593275803156,8.266870508555911,0
2026-01-01 08:58:00,112.63842124531023,59.448266831017726,196.95929274535035,8.104077763506105,0
2026-01-01 08:59:00,144.05699542665616,49.28919319036383,206.5597160780286,4.570099069603675,0
2026-01-01 09:00:00,70.69415725498743,55.31928402576487,311.63055041537586,6.783888263680189,0
2026-01-01 09:01:00,196.27340465518202,53.801998147810224,186.2872205450933,7.898534166651664,0
2026-01-01 09:02:00,47.56589848535418,74.39432853385242,189.55061307047663,-0.7737810140321661,0
2026-01-01 09:03:00,22.57738302607575,71.6030993637105,218.26909430956383,7.050968701898368,0
2026-01-01 09:04:00,96.75603424162455,55.173330045447905,143.6050724384549,7.012581201296172,0
2026-01-01 09:05:00,-0.34787677663716465,47.825255199250265,187.66620813650812,3.1635343039365997,0
2026-01-01 09:06:00,183.58718254872332,37.69097898747071,229.2436151926115,3.4644811995883034,0
2026-01-01 09:07:00,120.12843293443437,40.38746155486938,198.57640054216225,1.5012066008811167,0
2026-01-01 09:08:00,61.43879629478665,52.692262354806694,224.73665002062083,8.314912324779325,0
2026-01-01 09:09:00,133.55661487216128,90.0459829730527,190.633645967194,1.103915215270936,1
2026-01-01 09:10:00,83.79561460840735,46.708555557581626,218.57710494453593,1.5562798362981756,0
2026-01-01 09:11:00,125.53331713246423,45.121256841922204,218.96507192358246,4.999969420875338,0
2026-01-01 09:12:00,102.57144107005391,61.85979512401358,202.33934675825114,3.5423727074220666,0
2026-01-01 09:13:00,181.93650290027216,39.376120458009865,186.18181141425788,2.5048970669454302,0
2026-01-01 09:14:00,112.59594174926566,75.59969762178655,136.21515901943357,6.4596051278309785,0
2026-01-01 09:15:00,29.272786613051423,70.3414773179222,253.9624352432916,2.502120304614177,0
2026-01-01 09:16:00,172.38751920331637,57.198113205916854,232.0672789227798,3.725163244906279,0
2026-01-01 09:17:00,22.653168738513145,53.85107249850487,181.2011112650495,6.362034446702088,0
2026-01-01 09:18:00,140.05318176429154,57.244990212466426,249.40267433197843,0.56209092429427,0
2026-01-01 09:19:00,123.6276739346419,58.17005787173025,204.71051530186767,1.5025652092186954,0
2026-01-01 09:20:00,72.8230620929592,78.75646925952772,160.37407969547303,6.8082444131629964,0
2026-01-01 09:21:00,91.47416537117866,35.43903981408618,194.27446498608057,4.132310481228275,0
2026-01-01 09:22:00,159.8544850000962,64.58513582546829,247.2446367031135,0.650052279588996,0
2026-01-01 09:23:00,30.126988379500233,66.65432945697899,187.28963266174853,7.2789470137169054,0
2026-01-01 09:24:00,73.89193816104924,81.68484343747603,195.28054703894517,4.375284108491789,0
2026-01-01 09:25:00,42.16243264568868,81.87216303186295,177.6685623679781,12.77479520713798,0
2026-01-01 09:26:00,174.95190720454463,72.29197236275877,183.7134612727844,5.158518328479446,0
2026-01-01 09:27:00,20.25437731743054,60.761614345887416,203.47275388882164,3.8486874369040915,0
2026-01-01 09:28:00,117.73838402564603,22.802497960675097,183.5758806739845,5.5423655307835356,0
2026-01-01 09:29:00,60.01341973452506,65.44539594358062,186.45529172654076,7.633498869008723,0
2026-01-01 09:30:00,46.49551692557545,61.71408966991466,155.25830960644672,8.114735620024323,0
2026-01-01 09:31:00,14.748345451248497,13.182267434842856,142.4497248981774,6.014874888468997,0
2026-01-01 09:32:00,124.35468869426613,69.20177170746543,227.63251437073302,9.982095329082163,0
2026-01-01 09:33:00,54.06466764188303,57.39160073008002,192.07899685206914,5.414724401575655,0
2026-01-01 09:34:00,133.8718298258351,58.41190659550929,211.27807012854396,5.908416220444601,0
2026-01-01 09:35:00,144.02099486589128,61.75044915147579,248.0202577905464,2.048038419523029,0
2026-01-01 09:36:00,165.8395268766489,80.05217373885331,204.5751899860634,7.158694468576712,0
2026-01-01 09:37:00,18.74209779998594,70.62634267698982,206.43405898100283,-0.4035485768379692,0
2026-01-01 09:38:00,42.289534290538235,64.41601433495563,173.75367021326525,9.149869134572493,0
2026-01-01 09:39:00,123.68005697236232,84.02623664327834,193.1208924788958,2.546972624646106,0
2026-01-01 09:40:00,33.76576323555108,51.95778947626293,250.23468378603172,-1.635296928613899,0
2026-01-01 09:41:00,86.69181988112433,63.226060879630396,229.61220228718622,11.173931128538161,0
2026-01-01 09:42:00,136.85939065715343,75.52675415942551,241.2848229113663,3.7616016459859782,0
2026-01-01 09:43:00,189.46436793449982,49.64791621039589,163.6867621407898,3.5401176694404795,0
2026-01-01 09:44:00,167.76335561788773,53.46067987925414,224.5722161093308,2.9763609706996865,0
2026-01-01 09:45:00,101.21167113655609,79.14174365185775,221.97872797612166,2.2208936324012294,0
2026-01-01 09:46:00,96.58737453106919,57.34055230355809,249.818093519518,2.212692725170963,0
2026-01-01 09:47:00,75.04479718454508,34.5622443620734,214.05367883466442,2.863886722841457,0
2026-01-01 09:48:00,194.6678531548772,56.70277416500133,192.9937288406782,5.249325619128015,0
2026-01-01 09:49:00,64.48454386022956,63.36919691243391,217.4302993211965,7.787905356236074,0
2026-01-01 09:50:00,60.94028551028379,51.3936851935927,188.34252734434114,3.764617940643026,0
2026-01-01 09:51:00,151.04127167579722,51.53373139269452,164.20131257346065,8.784643862196356,0
2026-01-01 09:52:00,179.1722546786829,66.33370593632517,219.63250371589203,0.8276556451532446,0
2026-01-01 09:53:00,59.00859145725545,91.51004696575603,262.3640211371148,5.451639947312255,1
2026-01-01 09:54:00,124.34711263314705,29.982709569668344,223.11531901299307,7.371343178588398,0
2026-01-01 09:55:00,5.512379974829869,52.58275650691912,89.73797041543996,2.2592652349259175,0
2026-01-01 09:56:00,125.46558774143949,59.71296698290982,244.72042449436233,6.836564985824326,0
2026-01-01 09:57:00,226.9733677601837,46.61729606808371,196.4852532152114,2.009615498484669,0
2026-01-01 09:58:00,140.7397883485434,89.18981294776157,172.365487962459,7.1468200609162205,0
2026-01-01 09:59:00,22.022957465105677,66.21836432166462,282.91514560300806,5.735827996996737,0
2026-01-01 10:00:00,69.0877265602745,41.805151796971614,182.5419040639334,4.454835631715815,0
2026-01-01 10:01:00,170.08373557568274,67.89120172404718,232.03234516317627,1.2440766819377216,0
2026-01-01 10:02:00,109.58049062462956,60.69170432953082,214.5298725609296,4.027170310379451,0
2026-01-01 10:03:00,75.13092415092302,55.60974657686229,202.36475836643268,-2.606251064337897,0
2026-01-01 10:04:00,13.105797850421823,46.805636750232686,219.31892861685998,-3.0228700515979856,0
2026-01-01 10:05:00,154.4428760189072,69.50099550063295,235.054746561284,5.3625354295494185,0
2026-01-01 10:06:00,104.938823016299,79.1764312885975,181.23250719910467,10.33693307559082,0
2026-01-01 10:07:00,76.25928857281983,68.87246758318233,198.3279000228586,6.306329992599843,0
2026-01-01 10:08:00,3.6839390226210753,86.68506307257377,247.283058377335,7.627994902023979,0
2026-01-01 10:09:00,116.11940776134172,61.93395838052248,221.08073248826852,5.306246682460039,0
2026-01-01 10:10:00,140.19693032243453,49.727626169141494,196.70330306432828,10.796202607858442,0
2026-01-01 10:11:00,162.2425979044325,59.412924045628614,244.9041241021415,5.35249851635926,0
2026-01-01 10:12:00,115.53453105350724,52.037352908967144,208.281871899093,5.268280079631033,0
2026-01-01 10:13:00,73.24122017513997,46.43481555016302,181.00712516219735,1.4577524115433622,0
2026-01-01 10:14:00,71.086723674817,59.376205680907084,255.3223387227368,5.854719748451175,0
2026-01-01 10:15:00,101.55234423788605,43.75288099397228,222.05055309684815,4.481613653965262,0
2026-01-01 10:16:00,101.00559982012228,56.67636852570356,191.14613295551257,6.881449063568744,0
2026-01-01 10:17:00,67.8464475069757,39.20455664449241,195.82460262925866,7.5023366671925595,0
2026-01-01 10:18:00,191.74229601918165,67.70914082914568,146.68459985710712,3.066189275607272,0
2026-01-01 10:19:00,124.08706032775831,45.453043569704576,247.97380469966072,1.4771685716767227,0
2026-01-01 10:20:00,137.4554818743793,42.822699684069526,246.85322650123774,5.580308425917776,0
2026-01-01 10:21:00,59.4656029985201,52.25610610212323,255.28795315897574,4.986225446319201,0
2026-01-01 10:22:00,123.07506158375563,77.60611168912058,162.75766097225812,8.723634952408236,0
2026-01-01 10:23:00,101.49388023620139,57.055073578514566,190.71862637271235,1.774031444407262,0
2026-01-01 10:24:00,63.536385917882136,77.57779587251262,209.48255350871332,10.1622893088464,0
2026-01-01 10:25:00,96.00896639426175,88.19298623992289,239.66104389946986,-2.5304521028203775,0
2026-01-01 10:26:00,92.48331646248495,61.69880890111051,169.08711006899279,8.675252967845523,0
2026-01-01 10:27:00,39.12505058366078,38.57331977053142,251.99085462903167,0.6596184153341866,0
2026-01-01 10:28:00,28.569802975225258,50.406026679193616,197.08261171756078,1.7419633571050555,0
2026-01-01 10:29:00,99.24741370405967,77.17217673466888,192.15700301484628,5.32567276946806,0
2026-01-01 10:30:00,119.85567180419756,90.26522497766278,191.97446190602813,10.634892295976375,1
2026-01-01 10:31:00,-33.06403620225487,46.8731958846886,218.08501865416324,2.955410366921492,0
2026-01-01 10:32:00,87.406059590451,78.08398051289177,197.14526488981872,9.631962801379721,0
2026-01-01 10:33:00,109.57703511578114,49.60594459884892,172.96593179094478,8.697885309721926,0
2026-01-01 10:34:00,100.5401911743027,76.4509907777899,171.4094462245861,11.13404944933442,0
2026-01-01 10:35:00,67.61447309733137,68.09932342928653,228.79309057648305,1.1690343914701442,0
2026-01-01 10:36:00,101.78721661211156,45.30029774695577,149.14493940725245,3.8003067031900306,0
2026-01-01 10:37:00,59.2906172382073,48.42990434908555,183.80787956477408,7.344922884645256,0
2026-01-01 10:38:00,136.83539580356944,53.86699015132192,134.59955333976578,3.1414021133415435,0
2026-01-01 10:39:00,150.68546943409953,92.76269335355752,121.30643164523947,2.5503795995432137,1
2026-01-01 10:40:00,157.90817117004445,46.05827882513607,208.49495703782534,5.3002109523648215,0
2026-01-01 10:41:00,194.40453534031013,86.77804344188888,253.46526942508308,0.7675495845759155,0
2026-01-01 10:42:00,136.27516488530154,50.47661465582114,166.7424835348001,6.780184176435737,0
2026-01-01 10:43:00,95.63655463785632,89.24465865094055,137.49000279114676,4.99122837447237,0
2026-01-01 10:44:00,80.8446773252515,89.15708057773887,152.82413097078108,3.7095324275674084,0
2026-01-01 10:45:00,84.50496360214575,51.92011423442599,180.22594377191092,5.619887379041692,0
2026-01-01 10:46:00,123.24405498023381,60.48142881772779,161.4209529132575,-0.09631371641717301,0
2026-01-01 10:47:00,130.91727505083912,44.629127505199534,255.01709289636656,3.2867419038589833,0
2026-01-01 10:48:00,12.929186165248467,50.98804859251514,133.36299806335126,-0.7892250323181447,0
2026-01-01 10:49:00,56.94427081539663,59.50259755204666,208.69765537006415,7.808556762218658,0
2026-01-01 10:50:00,-25.267025116482927,77.35298901130378,206.53251872684464,1.5361317422822243,0
2026-01-01 10:51:00,113.84648229729942,58.070866440512695,239.6779622859201,1.3075859380553565,0
2026-01-01 10:52:00,80.32313986501887,43.44183616785254,168.5357299261016,-0.552725015189079,0
2026-01-01 10:53:00,18.27271481157092,59.063629218724635,238.2613760884286,11.471883440358678,0
2026-01-01 10:54:00,120.02609179431205,60.503566921287394,152.57826803214937,8.510363571764623,0
2026-01-01 10:55:00,187.2169871893883,65.55067364475518,205.32894447282348,8.202582871702171,0
2026-01-01 10:56:00,-27.340436527508615,58.493666883483016,191.00224099956674,8.135207391958524,0
2026-01-01 10:57:00,143.65334937439903,75.7367746567842,193.54733196511305,6.167454014275121,0
2026-01-01 10:58:00,56.59347387741808,63.381652257150684,221.41114616048526,5.912587928422665,0
2026-01-01 10:59:00,57.157886945688645,48.699809011835626,272.4285007292355,2.895613022307052,0
2026-01-01 11:00:00,171.6025124408436,70.7578894123395,174.79941089599785,1.6211384636649462,0
2026-01-01 11:01:00,71.30910282144846,54.57918243582763,224.49798222954104,3.5535059580642585,0
2026-01-01 11:02:00,185.72790647469142,37.34150012059227,174.66727063017913,5.885316096446388,0
2026-01-01 11:03:00,129.01838562487387,44.907554363994606,264.8433311752247,3.6865035816348684,0
2026-01-01 11:04:00,108.73148788196191,67.41517122456253,247.45625983273112,1.8310310665898424,0
2026-01-01 11:05:00,66.8509604355352,71.52184421255683,204.00863492308645,5.5221166308635965,0
2026-01-01 11:06:00,73.98328858433314,51.36725458744403,242.6652708920421,6.6552163578377135,0
2026-01-01 11:07:00,112.64542824253154,82.19032104176031,176.44688798273486,10.69556709210515,0
2026-01-01 11:08:00,75.13236401278972,49.388626138727005,265.27055289740565,5.745520282634934,0
2026-01-01 11:09:00,59.869090541707294,54.83224455997563,229.17538550874207,-0.3275662656551219,0
2026-01-01 11:10:00,178.20539335439284,43.81788265932092,200.07985069949,4.00910092751719,0
2026-01-01 11:11:00,68.87442012554541,50.04797915195114,211.50874991729188,5.979261684220891,0
2026-01-01 11:12:00,33.87682573453739,59.88883325468526,225.54163935818366,6.221529978007522,0
2026-01-01 11:13:00,47.81616427966286,73.64787334233706,174.39367466579773,11.679847938970978,0
2026-01-01 11:14:00,96.33832315743628,92.01181333694939,203.53554578988593,1.0415452239372414,1
2026-01-01 11:15:00,99.028608733407,46.656544590752006,225.51074873628633,1.6688732260789747,0
2026-01-01 11:16:00,77.95161740228535,77.98003191969914,109.2881683708896,4.396695265876103,0
2026-01-01 11:17:00,140.36092186056007,65.53316525847833,262.0615384536769,6.949025090726974,0
2026-01-01 11:18:00,56.196954763449284,66.67587815844371,228.75649518035885,6.291748860286528,0
2026-01-01 11:19:00,31.717491469187905,38.353541544383134,173.75545857539237,5.297160960099539,0
2026-01-01 11:20:00,119.38897743199615,46.57435910620924,129.88616797911584,8.65326103619769,0
2026-01-01 11:21:00,89.2501775636498,49.16486409227376,198.05206396160128,8.41879781488457,0
2026-01-01 11:22:00,106.12992377970161,111.80422511310599,264.15295050777746,2.4540600453396233,1
2026-01-01 11:23:00,119.77223153051708,75.47660343495927,211.0960542408135,0.663545226934489,0
2026-01-01 11:24:00,154.7311727418379,39.07198117457479,207.70840210088826,4.964911855154599,0
2026-01-01 11:25:00,133.47913287762339,65.99066294326674,195.93283705999175,3.179582922941066,0
2026-01-01 11:26:00,91.33144700874004,61.15539129493034,248.64865139217852,3.956469298040691,0
2026-01-01 11:27:00,83.06846182421042,47.714437913028576,153.31419409766193,4.386791442222863,0
2026-01-01 11:28:00,88.46016765175332,58.913212390695314,160.1455859020699,6.907853440453325,0
2026-01-01 11:29:00,141.5261152092011,66.31242115943604,152.91553684763574,5.524753144182757,0
2026-01-01 11:30:00,182.5468591649939,45.79045291340705,199.2901638556841,2.8157644617742354,0
2026-01-01 11:31:00,36.58366324625199,49.89756710347261,242.37536982004747,1.904749228855235,0
2026-01-01 11:32:00,91.2148271700059,79.11113174259673,212.7290741880021,7.33095937258505,0
2026-01-01 11:33:00,63.15643571836731,58.789141069865984,248.59878137447456,1.4635008823075202,0
2026-01-01 11:34:00,99.53443157157945,40.64138772095015,201.88388944281397,12.206618077750548,0
2026-01-01 11:35:00,74.87306731264471,39.85603388953568,227.38970640055857,5.94863910130122,0
2026-01-01 11:36:00,123.07844188831416,51.51430851477781,149.13321858433994,3.1206568299220816,0
2026-01-01 11:37:00,167.5068808076181,60.78822269323356,130.65237558210868,3.238747790239192,0
2026-01-01 11:38:00,82.02533199294935,60.31238485030841,208.83942973682346,4.727941493288579,0
2026-01-01 11:39:00,198.00012580335095,74.26585537940214,190.28501991612848,5.130274542507834,0
2026-01-01 11:40:00,228.04700497255007,68.70704351652437,169.0821409444477,4.585170937149479,0
2026-01-01 11:41:00,127.02097082546074,79.89789069306526,245.73801791297996,4.090059351168481,0
2026-01-01 11:42:00,101.02030503932782,69.2349376947287,199.28304841327432,9.259112826217331,0
2026-01-01 11:43:00,160.33703667336658,52.57093721565207,160.2844699294701,3.686016645667359,0
2026-01-01 11:44:00,139.510905379165,72.57395027616431,195.50983542207732,2.5665510510765035,0
2026-01-01 11:45:00,101.33519800355224,28.648917328289112,180.88597403112112,5.48977168185322,0
2026-01-01 11:46:00,11.485342064909943,75.04961153598424,261.1337457638498,7.815127053289668,0
2026-01-01 11:47:00,97.32197878025818,47.74756838027659,176.12835440467597,9.04160305475186,0
2026-01-01 11:48:00,54.905709436188616,79.08738010212195,186.4768250842116,3.6815029518631444,0
2026-01-01 11:49:00,192.83964283743256,51.92733382011063,209.47848911207376,4.701146256736093,0
2026-01-01 11:50:00,167.63296169267406,59.80895138093345,205.22141281871032,4.406265670847511,0
2026-01-01 11:51:00,100.14014424280633,70.91084256618804,253.71497587117346,1.9741192876931253,0
2026-01-01 11:52:00,126.17094848849617,69.33692091755034,271.0007768097189,6.7702743201383235,0
2026-01-01 11:53:00,163.2833736323822,80.44202770994262,197.45124354898002,-2.1841741177601364,0
2026-01-01 11:54:00,131.10811906918812,58.55658879216041,237.78574210161977,7.398170269479291,0
2026-01-01 11:55:00,126.69023683291672,31.4708101846912,236.97320213513512,5.090968680622313,0
2026-01-01 11:56:00,70.83050706732524,65.8914446635788,190.7721662110135,5.493075953040648,0
2026-01-01 11:57:00,52.25573822556298,59.4509067651558,220.18334160812987,9.79844167216912,0
2026-01-01 11:58:00,48.55155844847364,59.52350240253332,301.78519284438653,3.500119907757148,0
2026-01-01 11:59:00,87.51619434072794,57.887009132234,216.33430391679158,4.60383255222273,0
2026-01-01 12:00:00,111.14413243816264,57.24362234744932,155.81468575687956,7.391377964675662,0
2026-01-01 12:01:00,141.38449643025695,62.458112909753844,204.03282861454548,5.516340867203846,0
2026-01-01 12:02:00,36.66827402098095,52.22501855663111,178.4800179296843,2.396067984178663,0
2026-01-01 12:03:00,126.32244454881541,46.87621726798062,194.54827519368075,9.420323312557901,0
2026-01-01 12:04:00,105.80314868393603,60.9613619418623,193.48721438452245,6.28525969571343,0
2026-01-01 12:05:00,140.94189820971928,43.802894426833944,228.2219939658362,4.38903671830671,0
2026-01-01 12:06:00,86.47114786109648,52.91898980132137,171.16341493964907,3.154243511705447,0
2026-01-01 12:07:00,161.76355780182706,43.757574469332596,239.38214314333948,1.061771227830648,0
2026-01-01 12:08:00,128.99898192016772,73.76076496059675,104.5139215031111,6.168297159235355,0
2026-01-01 12:09:00,86.79563946723067,70.1544045563756,195.28785916673579,11.018422057322448,0
2026-01-01 12:10:00,149.50767916531177,70.84989887158419,241.50364907308904,4.015578722043404,0
2026-01-01 12:11:00,71.15537995713578,34.698877451869116,167.99147211647613,1.0523596863510267,0
2026-01-01 12:12:00,86.28588006807558,78.11956982044917,173.5779690436707,1.9366144261828957,0
2026-01-01 12:13:00,79.59001427905716,57.727274719627054,281.7765392455277,4.392096359601295,0
2026-01-01 12:14:00,144.80760958235317,52.96125486080461,259.47697930159427,8.317003635290215,0
2026-01-01 12:15:00,88.75395232923297,56.095955395855334,171.30188460169526,12.0248780537256,0
2026-01-01 12:16:00,90.07344704849896,57.31031776083581,265.08708251758816,6.95742910601331,0
2026-01-01 12:17:00,140.00882860193553,69.28459456169045,190.02198695760714,4.398130576196821,0
2026-01-01 12:18:00,62.69170948040809,41.25755930778121,262.36921612521576,8.77487068705057,0
2026-01-01 12:19:00,118.83644613402998,54.80492358730896,146.55724269568495,3.8559197614695577,0
2026-01-01 12:20:00,10.146360207793194,87.78637806034564,172.48433235986207,-1.4949268654016077,0
2026-01-01 12:21:00,127.04013712802579,50.869264608029006,174.24535985510053,0.494186046542775,0
2026-01-01 12:22:00,20.267798506353884,35.03577274411072,187.71669505231034,1.8471713659010334,0
2026-01-01 12:23:00,124.54664534201031,107.80042993286904,212.96372909388973,7.985865427459619,1
2026-01-01 12:24:00,125.42569066102541,61.02020105860939,179.25241823139683,6.021775161381041,0
2026-01-01 12:25:00,-16.916668628732182,61.9999605786099,169.70886628105822,8.394893835930375,0
2026-01-01 12:26:00,137.7074374022863,81.86144679192078,276.6832596702542,1.2184298010699077,0
2026-01-01 12:27:00,168.38309494891172,31.419479763332408,227.64843691042387,10.272629152841553,0
2026-01-01 12:28:00,69.71781235941616,55.00481819525119,160.37803995842225,6.941993487265494,0
2026-01-01 12:29:00,157.15774450169164,67.30308757235997,152.27740207588084,2.9348943182602865,0
2026-01-01 12:30:00,34.63493699737984,38.191326573026764,198.86970897637585,4.50116406075083,0
2026-01-01 12:31:00,121.70371049357378,73.06452464558147,240.69897042839597,10.571890338087279,0
2026-01-01 12:32:00,187.16702322772719,52.18637447967656,193.4364673758203,4.459839331033093,0
2026-01-01 12:33:00,84.5425794345164,51.82109018364377,151.78808543768326,3.3176102618826078,0
2026-01-01 12:34:00,66.38171211005255,60.5550479534622,197.48820364921215,9.574184850392989,0
2026-01-01 12:35:00,56.425905271509144,41.85691190538833,307.0600599492502,3.701264209818932,0
2026-01-01 12:36:00,164.8935804855587,50.870748167516204,217.18447847465143,7.7007249977311565,0
2026-01-01 12:37:00,60.13712806252881,33.91083006486116,197.82750572536165,5.8487398137190905,0
2026-01-01 12:38:00,72.54523869766406,69.53580683740725,164.57774862299783,2.965856545000173,0
2026-01-01 12:39:00,46.8036481002494,61.88021954759855,240.58562384603331,9.684292708113942,0
2026-01-01 12:40:00,60.41491747266741,62.52396664395866,212.05307111294695,4.045170106473845,0
2026-01-01 12:41:00,104.51137640051218,69.13954951667417,176.64555796289235,1.9281851327218766,0
2026-01-01 12:42:00,127.14597223474757,45.354980129319365,205.43268244671154,7.376449997703613,0
2026-01-01 12:43:00,37.320650322518276,41.92025178828147,186.97185635178184,10.489265467190084,0
2026-01-01 12:44:00,76.02479167678973,71.42380193367069,206.91061606431504,3.0861653445923545,0
2026-01-01 12:45:00,149.54115801117234,58.23413227166813,207.15995834503892,0.8888973862550484,0
2026-01-01 12:46:00,22.895578941156757,61.58169460351523,223.554636154115,2.1040677957506597,0
2026-01-01 12:47:00,65.06017176363488,69.69479879402809,251.93652966062402,7.556429882665928,0
2026-01-01 12:48:00,156.4794015958079,53.85115750573153,159.0651391271355,7.25683560797139,0
2026-01-01 12:49:00,132.56741783297088,71.58786672209865,228.21137644266662,8.95452431278488,0
2026-01-01 12:50:00,96.31473355925486,53.50268761068657,143.86361813206332,5.777985981207756,0
2026-01-01 12:51:00,48.9349451373277,92.60733086192992,143.73841989471873,6.084498385502634,1
2026-01-01 12:52:00,116.1278110601044,54.595554000006544,249.29453218358324,8.034076845021715,0
2026-01-01 12:53:00,60.695768782960414,35.828652295857,172.71410855675683,7.071216411340002,0
2026-01-01 12:54:00,120.13649339280644,65.88485219396445,174.38841522896578,3.8777497351683192,0
2026-01-01 12:55:00,127.14855225823857,62.16329677291325,176.66907476738135,2.6761540838476345,0
2026-01-01 12:56:00,32.518066641318626,35.79398565116419,227.46753507752533,2.829448061642638,0
2026-01-01 12:57:00,118.73013891530765,40.44182041600145,192.26888819711155,9.728607246236828,0
2026-01-01 12:58:00,134.24031740342886,58.45537969645299,126.52156635588304,2.4711008919763153,0
2026-01-01 12:59:00,105.6935738764315,72.16160111801713,240.28294206931736,4.443175470501885,0
2026-01-01 13:00:00,84.33426889328965,63.916075243800364,175.68512033703007,7.9846160193268405,0
2026-01-01 13:01:00,120.9002611000141,74.08296861543855,191.9885493274262,8.042399070721501,0
2026-01-01 13:02:00,115.90293478610324,74.9678279676279,155.60436413877903,6.144836606439113,0
2026-01-01 13:03:00,91.20080246126483,49.705744039190066,206.2356152582387,5.974834388553623,0
2026-01-01 13:04:00,108.93068488704284,45.59872859871487,136.07807588201794,3.1488373024408602,0
2026-01-01 13:05:00,86.1176941474283,62.26433429537101,127.56022465004806,4.200684336395878,0
2026-01-01 13:06:00,107.1073303483837,67.75861839943508,161.44953013832762,3.0405474360737608,0
2026-01-01 13:07:00,140.92956732925788,65.07910403934173,269.8607576054666,0.08777083939276853,0
2026-01-01 13:08:00,105.66263433470363,39.99743970036794,139.82385445365367,7.777236497823104,0
2026-01-01 13:09:00,136.45862853746712,71.78866960354034,165.14232393268455,6.70388493473774,0
2026-01-01 13:10:00,180.1985013064729,54.46948076884804,165.81782325926685,6.543819784996728,0
2026-01-01 13:11:00,71.16334590658107,61.15173951305234,182.25454055335328,3.7154398184808226,0
2026-01-01 13:12:00,45.523961814162014,58.08034026445195,188.8630375502,1.994888295305154,0
2026-01-01 13:13:00,162.13883123870295,108.12479781448849,205.40507727904028,12.225260073873084,1
2026-01-01 13:14:00,115.21339809784604,32.88583984570295,188.49915231715602,8.804207831566774,0
2026-01-01 13:15:00,137.23840236872385,67.35989292832909,144.07381595637713,2.576186093909319,0
2026-01-01 13:16:00,9.744730101022768,78.54572145447601,126.11350539589304,5.9086844961063365,0
2026-01-01 13:17:00,88.97641927466339,40.4478188415136,231.4295568953227,6.444526268765757,0
2026-01-01 13:18:00,-14.717932186201253,56.50907564896283,194.9170404862145,8.866931028486,0
2026-01-01 13:19:00,116.32655045376507,87.66875919016039,175.4104529010935,3.399611599318507,0
2026-01-01 13:20:00,132.14622044459867,70.26388154767784,150.20238358005042,5.0933595166584364,0
2026-01-01 13:21:00,9.020047590611966,46.398679766235865,205.74224974776857,3.577602465473462,0
2026-01-01 13:22:00,64.4543941077174,68.24468741152111,155.5756342318752,3.2423802720612134,0
2026-01-01 13:23:00,46.413325162293404,60.028831387693295,201.00314504851963,0.25070558886447447,0
2026-01-01 13:24:00,118.16642476151884,56.964236035278,223.03287463532794,9.46300478233746,0
2026-01-01 13:25:00,113.231258633083,74.74641017546841,163.4263787594342,5.083085048833071,0
2026-01-01 13:26:00,136.51353505336363,77.95258113400996,170.12448983862225,5.2770357677335635,0
2026-01-01 13:27:00,95.68296894411733,60.67723292461624,157.49509906483118,7.0260803633247155,0
2026-01-01 13:28:00,45.40008864656314,57.086927877293945,185.85290672756614,6.845297902528387,0
2026-01-01 13:29:00,54.72932206012355,67.60857096278284,199.66045898430303,5.013861033122356,0
2026-01-01 13:30:00,206.1957424315708,51.621329490857214,136.98468325074677,4.620444758913499,0
2026-01-01 13:31:00,144.5366666085617,32.87344253598755,115.92741462904087,-0.6816202525304513,0
2026-01-01 13:32:00,34.07297331396907,69.13375467333873,196.90262237931603,5.379364530195716,0
2026-01-01 13:33:00,122.52318033229872,71.52400042779718,208.90497898939472,-0.3176984198775159,0
2026-01-01 13:34:00,77.16497629886535,86.93326941306782,201.63762988765356,3.54050318394153,0
2026-01-01 13:35:00,134.5000710967828,64.58421058036498,205.53795755562996,4.961000069367594,0
2026-01-01 13:36:00,56.175819887259046,68.89624970454821,192.46049726959708,3.2413414261747984,0
2026-01-01 13:37:00,78.87533114234044,71.53538631539456,227.4998909607144,6.0421831678013875,0
2026-01-01 13:38:00,127.29491862737056,70.80956126476454,162.84412632015332,8.439513768269368,0
2026-01-01 13:39:00,122.98782523424114,64.17764333351198,246.1859528313651,9.201804586952393,0
2026-01-01 13:40:00,64.99992621493729,54.75554022699129,156.1879093685264,5.595718056252677,0
2026-01-01 13:41:00,61.987688044460256,52.16091390378462,197.613138599779,9.115957576197378,0
2026-01-01 13:42:00,47.56427063740709,83.91003971943002,198.22187991347053,1.9392029451142685,0
2026-01-01 13:43:00,172.66957869268674,34.606993219231434,188.84692559806217,1.3591163036653024,0
2026-01-01 13:44:00,107.8000873903308,83.66864092810304,224.33112772455084,5.5405779272013795,0
2026-01-01 13:45:00,53.54492024981946,70.61854859570695,256.76298800952407,-0.3593630433214239,0
2026-01-01 13:46:00,141.48670633033976,38.12471891450059,162.99503830384126,6.455423229960342,0
2026-01-01 13:47:00,180.62591921337764,47.16913168194896,248.427682740431,3.1925720498307473,0
2026-01-01 13:48:00,177.06507268680653,49.89077202129499,216.22846257995806,3.6493635569648957,0
2026-01-01 13:49:00,62.931476578157394,33.57618830545028,251.72204212525074,1.658173032268433,0
2026-01-01 13:50:00,61.068492076059094,57.38526370926056,227.98379893838282,7.235066818636176,0
2026-01-01 13:51:00,84.79568444716904,36.44222160104478,247.24000902303837,8.59726228651434,0
2026-01-01 13:52:00,90.59289890809399,67.44791591737575,211.98284918046494,9.296553376215186,0
2026-01-01 13:53:00,71.71126050459472,41.181264191601564,201.67725093496136,-0.7850350076825823,0
2026-01-01 13:54:00,59.2355149411529,70.46332831658341,197.7035689950647,3.2533747521699956,0
2026-01-01 13:55:00,77.92933939504908,57.880789473801336,186.16318787904223,1.969029231683411,0
2026-01-01 13:56:00,150.63957846241635,62.26339764425735,212.64581870844162,-0.4820682943224268,0
2026-01-01 13:57:00,28.240897199491272,39.50593863696256,121.92310642691014,8.496010243831076,0
2026-01-01 13:58:00,92.21713493737684,80.68139581808369,179.93432151013278,5.249627702268278,0
2026-01-01 13:59:00,85.16434679058808,56.00607286054196,152.66455434585876,5.604705328468083,0
2026-01-01 14:00:00,154.16702349494219,88.64253799216523,279.8839500371364,5.637412280403407,0
2026-01-01 14:01:00,48.46171098195883,64.55365756775974,250.05964344531355,10.760872680862462,0
2026-01-01 14:02:00,32.03470093070757,39.03149930475078,175.84421046992702,4.940408080764852,0
2026-01-01 14:03:00,97.93040789857056,66.43778855796967,241.08438105158936,5.059516563470269,0
2026-01-01 14:04:00,131.5689151766882,42.76347640691649,188.9961384171814,6.9550774748192055,0
2026-01-01 14:05:00,119.46700542963893,51.02516032099989,219.37959981237074,-0.260793874116529,0
2026-01-01 14:06:00,52.068329567671036,51.25622370640849,162.77268363845582,10.968415354423005,0
2026-01-01 14:07:00,109.0177559492831,37.414333762027574,247.85621525049265,6.296311243018443,0
2026-01-01 14:08:00,58.403538371656246,54.375375528663255,151.85978931051548,8.677598393138958,0
2026-01-01 14:09:00,-5.063391004088501,59.50519140649267,186.66172821044063,4.180632058723881,0
2026-01-01 14:10:00,95.52155609872952,54.757569462980456,177.47501253101544,5.819825654547655,0
2026-01-01 14:11:00,42.22201863507057,74.16194180823413,247.10916980160926,1.6315503738189334,0
2026-01-01 14:12:00,180.53918229177546,91.78641623889281,230.38787238470695,6.635823644926839,1
2026-01-01 14:13:00,94.99402895474873,41.43720631811466,217.43684459884327,9.125378972262386,0
2026-01-01 14:14:00,56.48899462752398,64.67603991715643,207.59587077696696,0.8354782256380995,0
2026-01-01 14:15:00,41.94598043508824,80.10386374027621,221.87935380198826,10.255277247034703,0
2026-01-01 14:16:00,143.7365875865849,88.43603776940652,144.08714253996118,3.216768422316815,0
2026-01-01 14:17:00,119.25448874811724,53.64709143406869,237.57713381341588,2.002743111938695,0
2026-01-01 14:18:00,48.21685096952335,59.46049839804681,222.24497851751275,4.934732372982748,0
2026-01-01 14:19:00,110.18214609878632,55.78135696164384,204.9332463793559,2.944076532223231,0
2026-01-01 14:20:00,91.01984120032687,85.85704344617736,228.23870834778262,6.865690314405585,0
2026-01-01 14:21:00,135.1592370597668,72.36908382781884,193.56715724942143,4.7511046250976765,0
2026-01-01 14:22:00,168.73567066043603,64.90620239569579,189.10093885003275,3.4477325625548736,0
2026-01-01 14:23:00,61.23287094178588,65.00687281435455,137.6116278358515,2.6192956946500834,0
2026-01-01 14:24:00,90.82545537206174,38.63217866744017,122.33932758473065,7.326819129841176,0
2026-01-01 14:25:00,2.891366499085862,40.557250539774394,180.47695703445152,5.133493889361092,0
2026-01-01 14:26:00,41.57064299292966,52.85093773283729,242.49938697030697,2.0760192545541662,0
2026-01-01 14:27:00,87.43831936911494,88.18962611021165,235.99312451182826,7.63711123004636,0
2026-01-01 14:28:00,32.16027789438026,42.41808346287994,167.93624766618453,7.453240651547696,0
2026-01-01 14:29:00,53.03679195354051,50.31477958269547,207.04508168759497,7.132591219178049,0
2026-01-01 14:30:00,143.5042824181551,46.00762210736402,201.25714490350828,8.09874317718377,0
2026-01-01 14:31:00,180.69432307455583,42.49107609596284,124.45799073761277,3.9882475361850687,0
2026-01-01 14:32:00,120.49045663227261,34.10772768643889,233.03110041502646,7.14463081555509,0
2026-01-01 14:33:00,59.55929945257931,52.973544262876814,250.27100513215936,8.833596574957546,0
2026-01-01 14:34:00,161.5574542164749,59.179975894229074,134.4408220867383,4.042107077977414,0
2026-01-01 14:35:00,66.20168398177556,60.34949264662337,200.8989335880054,8.736107836887399,0
2026-01-01 14:36:00,99.29287579479002,90.20735946275892,183.3453481820319,5.983059511018619,1
2026-01-01 14:37:00,179.0047879995625,62.83631227591097,228.27218074235265,4.243590051614538,0
2026-01-01 14:38:00,166.65602392402815,57.2735286544333,201.2164593141407,-0.16278025398170293,0
2026-01-01 14:39:00,126.83206555666936,56.317440977102194,232.655546763221,6.947603889617767,0
2026-01-01 14:40:00,102.56458886922779,54.45931299087077,161.63023280228114,8.934036530785274,0
2026-01-01 14:41:00,74.17388190070858,59.15043360802653,206.58010008631857,-0.3855351010667176,0
2026-01-01 14:42:00,13.289193987023879,57.63891718899394,185.58190838463332,5.268399048673421,0
2026-01-01 14:43:00,156.1885227474084,40.48709490280134,248.44544172887902,3.3361996650547807,0
2026-01-01 14:44:00,150.72990935222705,57.59692188645873,204.10324715584898,2.938081248289728,0
2026-01-01 14:45:00,152.8642588725759,38.52876470563646,201.69580130371943,3.8387297285244553,0
2026-01-01 14:46:00,93.09290357237401,33.43822412080965,160.99203697544382,3.2686272671110275,0
2026-01-01 14:47:00,48.238752687822014,95.04694873044946,174.94815721103834,4.132304482485144,1
2026-01-01 14:48:00,112.78715477187595,68.52513315479078,186.44839966746602,6.509901510186296,0
2026-01-01 14:49:00,155.5007120103216,65.90332386045506,259.08392422377983,5.408407885636365,0
2026-01-01 14:50:00,-15.04704863800437,64.88997760754185,157.55098678387242,1.4335353416811758,0
2026-01-01 14:51:00,88.4753705578275,34.32311203531966,150.0952718911459,11.88090213679996,0
2026-01-01 14:52:00,136.13642095346322,81.88156432350375,172.4664950015314,2.0778350457379964,0
2026-01-01 14:53:00,193.29591118163205,56.630483173712264,187.09861681626788,3.5145025536341943,0
2026-01-01 14:54:00,84.87474936254901,61.06607938286955,247.65000663844756,4.577277911257909,0
2026-01-01 14:55:00,66.35885196770539,67.84459966104254,245.84839135478086,11.651914255907695,0
2026-01-01 14:56:00,114.34889532748404,77.46759686291034,160.2797950285032,1.8895074606508429,0
2026-01-01 14:57:00,197.1118083811084,49.67101757326758,191.51447558779526,4.534041993590612,0
2026-01-01 14:58:00,139.39484129112327,89.78773118980611,213.99804553957065,1.0176124830302742,0
2026-01-01 14:59:00,87.41597971176613,48.44695620693223,281.5900191042739,7.308443701623588,0
2026-01-01 15:00:00,54.72766639954848,58.88841917442186,206.92760936996305,2.6801031297078546,0
2026-01-01 15:01:00,193.75290460761914,53.22142187525333,186.71491952144535,4.384371191073907,0
2026-01-01 15:02:00,71.81491779312987,59.066920300468546,170.19173987920212,5.162770336037149,0
2026-01-01 15:03:00,178.4204414031199,60.753188667281734,277.1070139224835,3.5879558473312523,0
2026-01-01 15:04:00,77.30784273178239,53.00821406791709,215.16096641812086,4.1224229781105555,0
2026-01-01 15:05:00,108.51569170918019,60.59804645324822,228.68489272749872,8.990190746997891,0
2026-01-01 15:06:00,151.34395682207926,71.25921428463013,224.03419315748357,9.567605722596507,0
2026-01-01 15:07:00,143.56177615578056,67.30551268827813,203.48788818145164,6.1254504242393075,0
2026-01-01 15:08:00,174.42328581544768,48.020194832882254,244.90553080923758,1.165048324106182,0
2026-01-01 15:09:00,48.2395305113893,38.74294943439692,235.89982666865603,-0.5985137925464343,0
2026-01-01 15:10:00,97.65071258692075,50.54453724780181,203.62687548412856,4.4440921408627885,0
2026-01-01 15:11:00,179.05478255797323,65.75845467596278,218.08024877238518,4.041110702524402,0
2026-01-01 15:12:00,52.94943933576801,37.526925577173785,142.95642695009627,7.0365092105732705,0
2026-01-01 15:13:00,192.9073937524104,46.049160521452485,104.90141451317245,4.2679617598207065,0
2026-01-01 15:14:00,79.96040035249301,21.899022108007706,105.38024397042534,4.444023380550388,0
2026-01-01 15:15:00,53.6905808419832,79.96000916105604,253.0068243544065,7.104890198368575,0
2026-01-01 15:16:00,141.33079473340953,71.04188463996925,120.95552068933598,4.989099573837476,0
2026-01-01 15:17:00,-5.952057436499558,46.04698178474236,192.8538808889101,1.881415845629086,0
2026-01-01 15:18:00,97.78365149429693,55.77399045270304,169.3187214987297,4.889109351861178,0
2026-01-01 15:19:00,74.15387384870594,56.671869527872374,170.27001095055968,-2.5492322276848887,0
2026-01-01 15:20:00,141.16684450701797,61.22328008583408,194.39432179735772,6.146061559967116,0
2026-01-01 15:21:00,135.7528511128934,62.46343138019797,151.49631132134598,6.151690556502404,0
2026-01-01 15:22:00,38.658758466827834,53.5661031724514,191.21055151429607,3.899278486844078,0
2026-01-01 15:23:00,125.45036841370086,39.410935094614146,136.90944962774694,4.067833652061018,0
2026-01-01 15:24:00,72.11030155889415,53.73919926442817,265.8463365371422,5.080815435186499,0
2026-01-01 15:25:00,97.60513970512137,28.84633083668802,177.17286151801832,0.005216798422877034,0
2026-01-01 15:26:00,88.07793470297025,73.70736574867331,219.53419588329916,0.5420263588542005,0
2026-01-01 15:27:00,47.33004345810865,42.41860615682996,187.18139835124276,3.855969288732496,0
2026-01-01 15:28:00,127.38050983266172,44.05590108745321,173.41477252487945,4.685478604012089,0
2026-01-01 15:29:00,105.57332590445131,59.47552182497586,78.97855128791576,5.819761224483439,0
2026-01-01 15:30:00,126.52101677164657,51.543535574954944,222.2049350695826,3.432524739697799,0
2026-01-01 15:31:00,140.1397820684591,65.09355723070964,234.35078203262032,-0.3959868573514811,0
2026-01-01 15:32:00,107.78375596336014,49.6439735851999,210.1096220089945,11.467133081932172,0
2026-01-01 15:33:00,86.05348280782422,79.83710694732304,273.02081174970414,-0.6022670768093583,0
2026-01-01 15:34:00,113.03457359236465,73.63051991811955,259.49644404845424,7.089913798576698,0
2026-01-01 15:35:00,56.249075400009126,62.78907268933254,226.46473028898345,4.015245614530813,0
2026-01-01 15:36:00,122.05975637056372,58.730910696501056,318.3875545865113,2.3814688616076563,0
2026-01-01 15:37:00,142.83431317867672,76.88170367919922,226.58289376808654,1.082768395179147,0
2026-01-01 15:38:00,140.40151683710943,59.298856501036994,189.40717990152538,1.456095706429232,0
2026-01-01 15:39:00,111.91068366721392,54.092517044097335,166.88832046366156,5.88439036764195,0
2026-01-01 15:40:00,17.86658498510053,51.464299674327066,234.92252944457843,2.5570871003394706,0
2026-01-01 15:41:00,111.47739860141104,30.291114848525567,252.25224861778594,1.6395585925390161,0
2026-01-01 15:42:00,92.37425748206051,75.16622135679862,214.52897082118744,8.783939942535028,0
2026-01-01 15:43:00,237.85856630196497,54.11000125614534,170.12841696550612,11.06658612740441,0
2026-01-01 15:44:00,56.35692314625034,65.9518674408462,195.3825472094941,5.414144277616793,0
2026-01-01 15:45:00,112.88612725331338,48.37450323582376,207.61565059733766,2.1456995340228,0
2026-01-01 15:46:00,115.8049003715265,57.673595113835546,205.0315756593789,2.8685503912059866,0
2026-01-01 15:47:00,72.45655558858677,68.5269753968249,203.36599153267443,1.1416749933038792,0
2026-01-01 15:48:00,93.07482743046377,78.59329062728709,143.2365266917148,2.4917012070050495,0
2026-01-01 15:49:00,87.6313044388273,51.26387162152453,164.41970015834067,3.167215383701747,0
2026-01-01 15:50:00,150.75363711857074,38.766573269578025,136.40663927008373,4.4487402094071,0
2026-01-01 15:51:00,90.71430431820787,64.14670135335813,173.2590668060388,4.765080467380389,0
2026-01-01 15:52:00,164.6746886583372,39.35424063464767,198.8632466108325,1.2770224688830938,0
2026-01-01 15:53:00,20.343409401922912,46.391632989028096,201.30486189363677,1.537964611957881,0
2026-01-01 15:54:00,111.52984790723968,52.3266095707657,218.6932647000248,3.2464220005911804,0
2026-01-01 15:55:00,88.04647094937076,56.71484002796898,173.64811866125962,-0.08344524518971497,0
2026-01-01 15:56:00,63.77913232189803,58.23410557317802,182.514017017779,4.776110066127246,0
2026-01-01 15:57:00,68.62226355689593,50.8262901227102,137.08550999747723,1.828098916331626,0
2026-01-01 15:58:00,79.85781428162656,78.19621552297416,226.25075654321245,4.739145870132606,0
2026-01-01 15:59:00,67.13717309976875,65.11881753332703,202.38178803279717,3.786898639868906,0
2026-01-01 16:00:00,100.2600636346861,45.85313317267122,186.93800868813253,7.132490603983506,0
2026-01-01 16:01:00,156.84367691458556,64.36522978771254,215.54090693400155,4.74104002003201,0
2026-01-01 16:02:00,123.20309565451419,59.69944732274732,182.29176266045752,7.309944812857306,0
2026-01-01 16:03:00,110.62597950220345,79.74666522270343,147.10624004128664,4.64408472912098,0
2026-01-01 16:04:00,75.47835750588959,87.40553339308755,151.8409135751529,5.905388130642964,0
2026-01-01 16:05:00,132.3320899427705,62.02865513601861,230.13132754429157,3.771346697569949,0
2026-01-01 16:06:00,124.14381497567706,43.54773274475444,172.39425275345042,8.647109166505045,0
2026-01-01 16:07:00,141.95540772187337,41.512106869513204,234.0379959789895,7.1465989036435,0
2026-01-01 16:08:00,31.35940880032463,77.03012538875456,239.06869897569484,5.4445475232528,0
2026-01-01 16:09:00,97.90785687919309,62.177344678780024,150.3664764364966,12.517334424673356,0
2026-01-01 16:10:00,63.91843678761438,74.16044159202191,164.07074866528228,8.157245506954766,0
2026-01-01 16:11:00,88.34974821375761,52.93964107563197,188.50951907556967,5.7146016909534705,0
2026-01-01 16:12:00,176.32359926916308,62.667576196735276,246.05665258128704,3.7928343869206795,0
2026-01-01 16:13:00,101.80817002138534,30.02359864688198,154.44141856301175,1.5199919868761964,0
2026-01-01 16:14:00,-26.999104676507457,83.17498098029903,258.371087387115,3.7427428671359073,0
2026-01-01 16:15:00,110.73876445662336,53.673936959979095,160.26116049960632,6.377839291434285,0
2026-01-01 16:16:00,20.141537155242048,64.29631253317869,145.72750259156837,4.299645998405168,0
2026-01-01 16:17:00,65.57970498385208,44.838611589368135,160.5066257330099,7.196086353401403,0
2026-01-01 16:18:00,80.43521209172579,58.46580043588401,186.94754171682905,9.310210972092834,0
2026-01-01 16:19:00,142.66744796330377,75.8727916343326,220.30520126473164,0.37554772527925806,0
2026-01-01 16:20:00,153.22734850852595,53.294992235409005,230.40048045333685,5.857279788171814,0
2026-01-01 16:21:00,166.98529018394308,75.29870245949125,159.02008539315358,4.727665918174204,0
2026-01-01 16:22:00,80.64061700024652,31.76165008827123,183.54865131250523,3.2809231184322227,0
2026-01-01 16:23:00,80.8809865431901,72.65768557724822,262.9544648951155,2.354798987564538,0
2026-01-01 16:24:00,60.03931629931689,49.95423356568016,186.36559733919776,7.072283396839213,0
2026-01-01 16:25:00,112.07062544069176,69.45002414157864,182.18923562983676,3.2154686422752903,0
2026-01-01 16:26:00,49.0715417765241,73.91874791995144,229.4444773116371,6.551538840183132,0
2026-01-01 16:27:00,156.26805801297857,38.12708336640861,220.72738179355537,6.030978480834764,0
2026-01-01 16:28:00,119.96991227794356,49.02525375410687,139.44691140249859,8.523557989777451,0
2026-01-01 16:29:00,62.14074481372818,65.17465280934097,194.8927003951048,4.178136219573966,0
2026-01-01 16:30:00,136.2748012894149,71.6352869349819,226.6058145768382,3.005912205547638,0
2026-01-01 16:31:00,90.23796045905355,73.721062032158,205.29314995548071,5.3891875449015,0
2026-01-01 16:32:00,40.663604394367034,57.46833069641543,206.8573021731565,1.0696135513295704,0
2026-01-01 16:33:00,51.706333922728916,71.96020376225832,171.78235135252058,4.162343143843405,0
2026-01-01 16:34:00,152.58359926163365,75.9101165776352,219.19871624576373,0.7988867897937748,0
2026-01-01 16:35:00,91.26432451788519,72.66243919577475,165.04616232631125,5.268212317001658,0
2026-01-01 16:36:00,66.14047906873083,63.46261661585104,219.50959798057667,10.724808894539578,0
2026-01-01 16:37:00,57.63373372084652,49.82214951461208,173.49715219165665,8.611466211212855,0
2026-01-01 16:38:00,89.87103417564077,41.21409006247555,245.01812863127765,9.327159396869078,0
2026-01-01 16:39:00,36.36120861264415,66.94060113343197,140.75595695261165,6.034161317765588,0
2026-01-01 16:40:00,136.07120528121393,45.017673373452155,245.16803655672578,7.963016986377109,0
2026-01-01 16:41:00,-46.00474424910627,37.39855634903657,233.2762580991083,1.2943287402353887,0
2026-01-01 16:42:00,21.70056991043724,66.0918719001925,151.44539622544684,4.680862800656412,0
2026-01-01 16:43:00,75.04181961734409,68.76472441865282,237.3341465679162,6.422844276754457,0
2026-01-01 16:44:00,132.3326370978709,64.04053029970557,200.89858851114383,5.195155732516168,0
2026-01-01 16:45:00,92.37266447797317,59.31907849827662,225.5467081183796,7.4736327488278995,0
2026-01-01 16:46:00,170.11443746480342,61.03984400023416,151.82786864049888,6.531843422568009,0
2026-01-01 16:47:00,104.14747302595217,81.88811058643097,150.6175637459766,3.2604967480327316,0
2026-01-01 16:48:00,64.45026712194627,68.0251996510398,256.7355403093127,0.7681766181171703,0
2026-01-01 16:49:00,197.07404131680892,45.27892500238434,177.20576677787494,10.36485985183565,0
2026-01-01 16:50:00,123.35042116051454,72.18466992535863,137.81105445428898,4.339024293285878,0
2026-01-01 16:51:00,96.84655773842461,85.68438795826172,208.91477758323268,9.934931191424635,0
2026-01-01 16:52:00,90.04887592842067,88.77073242620149,238.34892325522068,3.020403399246141,0
2026-01-01 16:53:00,39.22757758689867,61.31446470304841,169.2695444356629,2.0082945510652324,0
2026-01-01 16:54:00,172.62734692963915,51.502057178466096,165.41763581741785,5.064811160114091,0
2026-01-01 16:55:00,94.68921403568807,63.6569291864869,227.8319928175094,6.818463382620953,0
2026-01-01 16:56:00,-18.666633123423736,45.095227295597184,278.52043213301675,5.735284161177998,0
2026-01-01 16:57:00,141.45428139387212,43.98474336383062,164.05974173671297,-0.910387974606361,0
2026-01-01 16:58:00,88.4159106056549,63.34718821095083,230.3936703668052,8.337078213031722,0
2026-01-01 16:59:00,36.02010014715924,36.34161393140204,165.27390299910903,1.164412487680032,0
2026-01-01 17:00:00,143.75999068400168,58.72707220406914,229.25253289939062,7.642901715672274,0
2026-01-01 17:01:00,52.84494022456839,79.92598368125391,187.24408619251295,7.666999629716249,0
2026-01-01 17:02:00,113.95984721120024,49.61491420879884,187.75989112369558,-2.175599171839938,0
2026-01-01 17:03:00,146.62708723470814,78.00151619284534,177.26360611220935,-3.7633608016395996,0
2026-01-01 17:04:00,94.32448399838643,73.53326938406887,65.11438425729187,11.829399177937773,0
2026-01-01 17:05:00,33.302138291142825,54.21845984631005,186.81819251232255,4.243394040881723,0
2026-01-01 17:06:00,86.88526952719361,37.049775180872324,168.43583524577073,2.8217724441831367,0
2026-01-01 17:07:00,107.99315106802982,65.32932131771678,58.52426256935331,6.9478588502907455,0
2026-01-01 17:08:00,15.188754498280886,62.079183424487915,218.03974438943902,9.299445111872593,0
2026-01-01 17:09:00,122.87770867193805,51.32803410330093,247.5788976058961,5.617138772072604,0
2026-01-01 17:10:00,86.85733149162868,42.80482348059614,226.99638230879137,6.959406684887236,0
2026-01-01 17:11:00,103.84499283297228,62.562334698654816,193.26591123816462,6.285515252693781,0
2026-01-01 17:12:00,3.370343718926165,39.96236782717884,205.418357368489,1.0402486385526566,0
2026-01-01 17:13:00,81.83479983847477,53.94027284039273,301.9631410332602,6.699505875355227,0
2026-01-01 17:14:00,133.0039961400854,28.40806929532047,208.95259733134745,3.7099803394556945,0
2026-01-01 17:15:00,47.49164100539443,53.27223707009668,143.805966655683,4.79758937306558,0
2026-01-01 17:16:00,27.85412689879925,69.74112048389772,190.1337297782533,1.4295067084974105,0
2026-01-01 17:17:00,111.00508278844833,74.21484874881179,261.33077278971473,5.781048325554639,0
2026-01-01 17:18:00,52.89034415165759,64.08426140196977,138.49538483339796,5.527278316657374,0
2026-01-01 17:19:00,178.05355660224558,67.18850283414311,132.24333400527473,3.180817597911819,0
2026-01-01 17:20:00,172.58188648335522,33.52333770845617,155.46412213814006,5.109618587523694,0
2026-01-01 17:21:00,97.15358624454763,81.63262383901758,248.49019274811573,3.4686240824181325,0
2026-01-01 17:22:00,76.01634159922769,69.07569980180871,191.9442440937482,-0.24417570892921603,0
2026-01-01 17:23:00,82.29195223675393,73.53324893955978,166.79947424269037,10.159553260853508,0
2026-01-01 17:24:00,104.19351134130152,32.69482832062235,211.84266661886875,6.772556820026945,0
2026-01-01 17:25:00,231.0762991588856,55.69779090608347,151.70675381111278,0.9097544947317084,0
2026-01-01 17:26:00,47.479828517105375,45.95531767362995,225.03558389330533,8.053133241889668,0
2026-01-01 17:27:00,27.77062106072647,53.59945191774601,147.40116341488493,3.157963349610492,0
2026-01-01 17:28:00,103.12235688466778,84.18300292534224,149.93072063331545,8.57633772592801,0
2026-01-01 17:29:00,106.62116711507201,52.72198616313236,218.2328697096893,-0.1333328444999271,0
2026-01-01 17:30:00,134.3005373684398,54.5151813777017,100.14852970879609,0.5753906440576202,0
2026-01-01 17:31:00,151.03198451424643,67.9063652534835,203.48405596433795,0.8353499122235135,0
2026-01-01 17:32:00,3.3761061854017242,61.70950864957403,118.04621068475396,7.536180973274787,0
2026-01-01 17:33:00,57.68700490681805,62.79595809067616,213.3431740929869,8.200034167399481,0
2026-01-01 17:34:00,110.79440464704079,57.307520904803134,215.9253228290296,6.562840634095215,0
2026-01-01 17:35:00,83.49115501225721,62.65965072025455,219.48141163418165,0.6539485153084783,0
2026-01-01 17:36:00,67.03828324396434,67.79166721253796,206.31813426050823,3.003697688989618,0
2026-01-01 17:37:00,102.65385507399996,46.924354694013886,189.45889675105585,-0.8409927246183075,0
2026-01-01 17:38:00,-1.3609585881724513,63.44851977778305,193.63413289697894,6.307101695061298,0
2026-01-01 17:39:00,154.47025707110168,81.27355363118029,180.98664612438748,6.596679311080063,0
2026-01-01 17:40:00,149.23750318908404,55.664167622189034,202.78725748630066,3.5342399199574093,0
2026-01-01 17:41:00,75.85864255817118,41.65812672057754,148.38389503964882,8.262653567917749,0
2026-01-01 17:42:00,145.7946932390795,76.7751074551345,201.40582593716366,5.648532504011283,0
2026-01-01 17:43:00,130.7659325792832,52.74644067643637,235.03586426828747,6.271503346937691,0
2026-01-01 17:44:00,63.414505714907385,58.27167591279381,183.1526102724947,5.852494765494308,0
2026-01-01 17:45:00,37.95130119227812,71.70923532538394,172.85366171905616,4.301669606514275,0
2026-01-01 17:46:00,48.359646394562915,53.86289286575987,213.36792483249923,3.3444117139635186,0
2026-01-01 17:47:00,73.57895036864862,44.2593746707708,244.29939739903236,1.8853711846190313,0
2026-01-01 17:48:00,38.36383858473547,43.49092263082753,166.16778989557307,5.645346851526694,0
2026-01-01 17:49:00,43.76453994812216,67.79654061636123,254.1905324148796,12.163517955833623,0
2026-01-01 17:50:00,216.82371629153755,47.52262588246187,179.2790066517728,5.779385927330016,0
2026-01-01 17:51:00,109.85516982734593,50.997942110716394,184.63635773075202,4.791783442162396,0
2026-01-01 17:52:00,145.64566571310422,66.25162964732831,239.26531536536862,6.945325359983423,0
2026-01-01 17:53:00,152.6330738864537,72.18165098690127,162.98797378943985,6.608461708563337,0
2026-01-01 17:54:00,109.78510033003812,62.27657521048583,143.7024355190058,5.156639382463701,0
2026-01-01 17:55:00,199.7896936367133,62.73129070239708,307.94890008419947,8.98783256053953,0
2026-01-01 17:56:00,51.97055456155174,48.628410678528894,201.59163068008726,4.360262296441071,0
2026-01-01 17:57:00,94.63593634169233,74.71322032025763,183.04546451382788,11.175764891041942,0
2026-01-01 17:58:00,141.48635983194697,32.66162355898297,204.7830884154815,5.4054618982400315,0
2026-01-01 17:59:00,149.67618579609393,68.06760172990079,162.6106887019281,3.497789763175536,0
2026-01-01 18:00:00,114.86011659851074,58.524280200747114,177.10058210177397,4.580725216113889,0
2026-01-01 18:01:00,72.83999203125796,67.18849048724202,242.46751785294964,6.086332554534,0
2026-01-01 18:02:00,34.1997311805617,80.99568698369202,195.22183043217441,-1.3020750565581203,0
2026-01-01 18:03:00,97.0925304063211,54.64978269823666,178.62542212219407,9.643002120070573,0
2026-01-01 18:04:00,90.61607429307712,76.86956275268143,190.26351563287375,-1.5655331683104166,0
2026-01-01 18:05:00,75.80970478999893,40.61008065304162,239.24296921026837,-1.0583444668340238,0
2026-01-01 18:06:00,62.419114995043465,70.58645682932787,128.6462700629217,2.01122051136712,0
2026-01-01 18:07:00,109.00987237396737,55.39795668497135,144.37857241222258,-1.2739674635796536,0
2026-01-01 18:08:00,97.20090154086482,42.3942018742396,192.20781054553763,9.256072591084527,0
2026-01-01 18:09:00,154.46828552412438,41.392099266657866,235.80100184500566,9.582622167273382,0
2026-01-01 18:10:00,173.51200000261966,85.74370868000402,218.3992337622638,4.39834655022241,0
2026-01-01 18:11:00,130.85720675969316,62.9679668714198,221.06917157531592,3.6522038298056128,0
2026-01-01 18:12:00,135.28048099313526,68.94042943939564,229.83166633238434,5.8019095023443565,0
2026-01-01 18:13:00,75.67025764234245,43.90735724257662,195.14393235895068,4.628804911853771,0
2026-01-01 18:14:00,118.131694664074,65.46396699872832,148.6962142500484,5.878709384314514,0
2026-01-01 18:15:00,95.85441790630703,65.65978042872872,127.84552347773528,2.023962662349108,0
2026-01-01 18:16:00,89.0354714074453,62.80296467809998,219.17565001942702,0.2684867121621366,0
2026-01-01 18:17:00,158.46311158742603,103.74032410334219,210.95082227940688,1.7352246078225915,1
2026-01-01 18:18:00,125.57684602226277,49.8437127074074,260.21954621647274,3.432696300978841,0
2026-01-01 18:19:00,13.401299187231501,65.6240903223814,235.5508060641234,4.937902550077425,0
2026-01-01 18:20:00,17.639815820679132,58.87597720709433,212.98609025289755,6.834857861479622,0
2026-01-01 18:21:00,74.38916799436508,61.50046685985559,196.44509812346283,4.943714802946937,0
2026-01-01 18:22:00,-16.92861266321499,56.69087001591578,202.39166918414796,3.78217645612947,0
2026-01-01 18:23:00,62.408784311002215,60.54536828460162,196.4161692398356,2.649733700261946,0
2026-01-01 18:24:00,172.29806122906768,73.05183484474675,248.93501583067592,1.4143280936825633,0
2026-01-01 18:25:00,35.81733218610752,30.055921636689405,190.96869435428525,2.0434576022752085,0
2026-01-01 18:26:00,84.56611769896926,60.75022938373972,194.16663514293185,2.8146348204922056,0
2026-01-01 18:27:00,38.486843693813434,56.13369850784699,207.9883157862543,8.260610941929357,0
2026-01-01 18:28:00,85.88977248445765,77.61690402071132,184.02578129186674,4.114047003499636,0
2026-01-01 18:29:00,109.56468605541458,66.44058887481957,141.8281400298127,5.531755969097406,0
2026-01-01 18:30:00,163.0558452801345,41.6451469948061,199.8097156726613,4.383362615764707,0
2026-01-01 18:31:00,134.53681469008797,44.33842092774509,251.1061566159846,8.566587652615933,0
2026-01-01 18:32:00,58.38047824382965,42.243754356222745,182.35411210855577,4.094931827062247,0
2026-01-01 18:33:00,53.39014003957664,51.147519873220546,148.0689446201703,5.9607752388887185,0
2026-01-01 18:34:00,103.61797185717023,50.312511545156454,169.3487080282411,4.556731577641156,0
2026-01-01 18:35:00,150.31026365629393,54.68573884963723,211.46279483513007,1.4228736579900358,0
2026-01-01 18:36:00,21.960414646111545,32.63273940491759,167.562360329652,4.360373899294122,0
2026-01-01 18:37:00,7.932991292411501,39.423661162733985,217.62336036764486,-1.459966885353018,0
2026-01-01 18:38:00,17.618787009817154,61.60017082056974,174.0985092981716,5.945858523871887,0
2026-01-01 18:39:00,176.2469220472621,63.69662884810599,174.11818349015317,2.724351909434361,0
2026-01-01 18:40:00,99.27221895649913,86.36717886793426,180.2986538784756,12.178355689908631,0
2026-01-01 18:41:00,92.04650208154953,83.15922815570698,206.7979365570556,2.24635098854465,0
2026-01-01 18:42:00,175.34870093356847,69.31572888138692,209.22803791457255,6.325368417421572,0
2026-01-01 18:43:00,77.83809952147972,42.22523981409324,212.91284690600818,1.809842950129863,0
2026-01-01 18:44:00,121.3466958863923,53.59361788970555,168.20586230569046,9.472885445574438,0
2026-01-01 18:45:00,193.41184424364684,85.93401127593083,187.24202796200544,8.149225006748727,0
2026-01-01 18:46:00,176.0503989770328,87.09559944475895,178.02916484687964,0.12643073699524265,0
2026-01-01 18:47:00,59.500581193848326,77.44470309057405,145.2857397121298,6.297091315609957,0
2026-01-01 18:48:00,170.31170764708764,69.6972211316066,173.51742144936114,12.937108042384745,0
2026-01-01 18:49:00,74.85617697248645,59.944924599476956,188.0279708827308,2.570498989756472,0
2026-01-01 18:50:00,123.55252197859801,37.125809558988436,206.63306385899799,10.340163803072777,0
2026-01-01 18:51:00,68.77824334870914,36.10972329210829,211.66168992019294,7.6354901943548885,0
2026-01-01 18:52:00,142.58861616701088,43.03286926110277,252.11175642192663,5.868380521410451,0
2026-01-01 18:53:00,120.4347422008689,77.85896226630976,175.9188570722278,1.9565580073789324,0
2026-01-01 18:54:00,99.3736524503699,63.33944350965771,175.1556031163533,6.01506040026498,0
2026-01-01 18:55:00,109.36729727977641,44.88283212910672,175.61626800789193,5.8802873271902,0
2026-01-01 18:56:00,22.887103549296413,78.62864262233448,241.75894435545516,8.144291991207526,0
2026-01-01 18:57:00,123.76275511037454,60.75443935048401,166.78176869746204,0.23976139360284154,0
2026-01-01 18:58:00,106.83646586501544,65.39421449291922,136.88260104935466,3.5455986704542526,0
2026-01-01 18:59:00,53.503069127732445,49.698929163157224,175.36131638835215,3.4392866143204825,0
2026-01-01 19:00:00,63.21445140047304,33.279254391014064,161.77892259032814,6.6464097812218705,0
2026-01-01 19:01:00,104.20836553664104,83.95151446994048,184.83717406940556,1.6664528418019988,0
2026-01-01 19:02:00,141.90405956253548,48.44173904528645,117.22775645990086,5.970774571062863,0
2026-01-01 19:03:00,131.31321370747764,70.49852941424267,169.4717421866908,4.656708576308073,0
2026-01-01 19:04:00,46.68857250388187,57.00645476894528,259.8739827774753,5.066224868934053,0
2026-01-01 19:05:00,120.68252893855784,60.899123190825264,142.49388331099829,5.421022190344374,0
2026-01-01 19:06:00,42.110703575332366,68.07679646912527,172.47208693929375,5.188741591361261,0
2026-01-01 19:07:00,105.23847437152605,71.65688117906109,210.66737676955435,3.007433128096519,0
2026-01-01 19:08:00,101.02149927517168,70.05463749172023,149.45408575051925,8.557962556542186,0
2026-01-01 19:09:00,44.469041022344605,83.14464650056048,196.78007696376,5.849185496718184,0
2026-01-01 19:10:00,64.04432397350024,66.61679016085898,190.60499368293966,4.815649904911555,0
2026-01-01 19:11:00,167.80389922706064,42.66608686221277,182.42840353187177,9.27561445542945,0
2026-01-01 19:12:00,156.9599205793033,72.52731852909207,238.78836398175864,0.548475467120034,0
2026-01-01 19:13:00,149.90773312809324,47.27828557958636,185.41979208172745,2.8848167818501067,0
2026-01-01 19:14:00,14.065178585038623,78.84053953248701,212.1397569945122,7.898432215253726,0
2026-01-01 19:15:00,98.60356266808596,79.15797162946234,175.90436358914977,11.140276810710452,0
2026-01-01 19:16:00,112.41983571424839,72.6799098655927,237.05268859238214,9.940379021636373,0
2026-01-01 19:17:00,168.12689248198936,62.54839951669203,151.65800653242684,0.03495880081918923,0
2026-01-01 19:18:00,117.1471725640323,48.368797566523355,196.03742912345442,5.9674421917944915,0
2026-01-01 19:19:00,164.5447691966581,35.63228842335907,205.59397585924205,10.887490154765803,0
2026-01-01 19:20:00,170.84740158333312,53.59161013365672,152.57093733434772,4.194183776854423,0
2026-01-01 19:21:00,90.87438461135737,60.86602223873545,212.883615656326,6.071713082441308,0
2026-01-01 19:22:00,76.99268853947089,103.06103042755893,180.037336539805,3.3262632283349287,1
2026-01-01 19:23:00,81.60940106437032,39.13690645544437,191.96890730157335,6.2503804952234425,0
2026-01-01 19:24:00,100.2069957813921,42.77888368611647,246.0231652726725,8.197896416139235,0
2026-01-01 19:25:00,76.89368502359304,78.86502528770572,184.97129196966983,9.16630966147698,0
2026-01-01 19:26:00,58.02647200119538,64.83861489562145,167.40972550981544,5.814856877862703,0
2026-01-01 19:27:00,-1.2094762829088808,83.0067279808478,241.4413455596716,3.1656405392496803,0
2026-01-01 19:28:00,62.2112399624637,67.85076761467275,279.6971781501421,2.165422499956386,0
2026-01-01 19:29:00,123.89568379728988,57.33000100643021,200.90066807241956,6.836667333937587,0
2026-01-01 19:30:00,55.37736582204425,62.7873473506023,221.5377083273538,3.457918951410768,0
2026-01-01 19:31:00,136.22138451749552,33.89428491398724,135.61744545692034,0.6549425384688767,0
2026-01-01 19:32:00,135.07692824812804,77.21561062205444,171.00779043807103,4.519255993183635,0
2026-01-01 19:33:00,89.50650331183957,68.87967405544155,211.63783806316943,3.9262378872128885,0
2026-01-01 19:34:00,137.46508552546527,54.53237356547312,229.80825508511654,7.126280601079721,0
2026-01-01 19:35:00,60.991296246448734,84.63037055547038,252.29978985931882,9.938832891938198,0
2026-01-01 19:36:00,110.53267997990571,44.06967259466292,184.05116758525668,6.322348440961586,0
2026-01-01 19:37:00,97.29001204548483,45.89929122149571,229.32051907141545,9.216225817216923,0
2026-01-01 19:38:00,118.46167998800632,67.91208018097508,208.09978889071357,1.685586382315003,0
2026-01-01 19:39:00,63.72460552527984,51.625095343853054,228.52474014784872,2.300183719807773,0
2026-01-01 19:40:00,56.55484204050031,89.88406776182474,191.4077314378413,6.7024564290940685,0
2026-01-01 19:41:00,0.5755768037392386,76.44045624035725,188.85154246003987,4.143800733473509,0
2026-01-01 19:42:00,72.13234130383947,69.18992366870476,200.62001208730183,5.072062647592084,0
2026-01-01 19:43:00,20.961191922452343,72.40168611097401,241.8633293609357,2.9351703443804262,0
2026-01-01 19:44:00,132.92456436957121,79.92354514430275,241.34477072237016,10.203469534390777,0
2026-01-01 19:45:00,39.08336232825729,70.35147252445574,129.79579930409247,2.9157227514399193,0
2026-01-01 19:46:00,13.319030082653299,52.52746205168654,225.39440923996074,2.8259615364044475,0
2026-01-01 19:47:00,133.78458842094852,77.66781324713304,238.67844512086867,7.861649485864615,0
2026-01-01 19:48:00,40.47165342458408,51.16865013303837,203.28631493027322,3.7220990156206555,0
2026-01-01 19:49:00,158.12801055329794,41.6287487454521,248.91396493027534,1.822607179818739,0
2026-01-01 19:50:00,193.3561442603908,49.09734930230433,159.14171139731383,7.0234811891194,0
2026-01-01 19:51:00,200.65019721103124,60.22989649815352,177.5001821339545,6.158797825747026,0
2026-01-01 19:52:00,80.50691105399044,50.479225457106246,163.4120493780043,9.158957597621022,0
2026-01-01 19:53:00,148.09774001951826,41.54498217609569,260.2862940862338,5.763050200013539,0
2026-01-01 19:54:00,125.94952140253942,34.24358655831853,200.17019250494138,3.683919510680198,0
2026-01-01 19:55:00,124.15377527226399,57.88195334822771,138.22018132559418,4.608079433049272,0
2026-01-01 19:56:00,42.343141160301855,76.53694936673685,170.27705327083106,8.935080362714428,0
2026-01-01 19:57:00,125.54672446278414,68.06033549265476,155.71825638470534,8.662861939511155,0
2026-01-01 19:58:00,90.45103495418579,50.66326616556208,182.36593181979947,1.749757101927528,0
2026-01-01 19:59:00,187.12624274462183,38.20700793046055,193.85949182878645,5.757367079056401,0
2026-01-01 20:00:00,168.7705663593327,52.01747389069287,175.6894524146017,6.029735170126377,0
2026-01-01 20:01:00,185.82659963279824,57.245474967540005,198.62804714273312,4.691318742392037,0
2026-01-01 20:02:00,53.44438289734292,69.60466508237764,163.94069094280457,2.9408681194804123,0
2026-01-01 20:03:00,59.58668476190635,56.609041329361794,196.53867269562076,3.3901162573911896,0
2026-01-01 20:04:00,-22.942525992107974,54.1984476382197,210.1223793842007,1.1677082352363675,0
2026-01-01 20:05:00,57.257055431207306,86.89043106921234,192.71669874486614,2.9654544689000604,0
2026-01-01 20:06:00,122.98876184116916,48.5467382916857,175.36749951723974,6.339610853498463,0
2026-01-01 20:07:00,107.4731906194556,45.19287568340809,149.4466269537112,10.185350625640716,0
2026-01-01 20:08:00,73.58831978309279,61.47777360215625,207.77318491053865,1.251141120144771,0
2026-01-01 20:09:00,103.63045992479991,42.69665517657792,164.59614430959687,4.439305123757171,0
2026-01-01 20:10:00,151.62149810030297,95.85661541272543,140.16066980341725,0.4868676001889458,1
2026-01-01 20:11:00,84.79096334690442,58.30814080392382,226.26368380338516,4.223633848199668,0
2026-01-01 20:12:00,116.4863641223368,57.67059983451769,228.17207012929333,5.584894128729275,0
2026-01-01 20:13:00,132.00290029857626,66.45890948085729,309.9952305747187,5.719329428185003,0
2026-01-01 20:14:00,29.441845217443984,56.248470982723575,216.64634785210797,6.571603320174246,0
2026-01-01 20:15:00,95.77791264927663,51.89576821054122,273.5657324325539,-0.08320903749474073,0
2026-01-01 20:16:00,82.19145526088147,59.11317549332682,139.10998217360455,11.937453755747683,0
2026-01-01 20:17:00,128.74777733915093,60.07676702238383,165.83099419509495,10.053753188736726,0
2026-01-01 20:18:00,49.08693622111144,58.13932105488503,162.5198971351661,3.149481662935566,0
2026-01-01 20:19:00,181.3361218110791,66.78970339513535,219.39041326218205,7.129527577996385,0
2026-01-01 20:20:00,92.14786863547383,42.28733903043327,184.55155248603864,2.0525537714479967,0
2026-01-01 20:21:00,75.44215601847608,49.04023785987444,232.90786485146006,1.2073130935089544,0
2026-01-01 20:22:00,20.578212570868942,46.76379676432194,185.0319536004352,1.3104250411031968,0
2026-01-01 20:23:00,150.30552515613266,74.86851762556007,222.71227333495673,8.19030906385997,0
2026-01-01 20:24:00,95.90528224489285,74.76313244715826,129.90667521984187,6.865465197705211,0
2026-01-01 20:25:00,115.5451923861281,55.481676944338815,184.9085748556542,5.575003966460013,0
2026-01-01 20:26:00,98.64131137022306,49.93063131905512,173.3621776419895,4.36736421222503,0
2026-01-01 20:27:00,176.16056697216163,59.805974107607874,232.29932655939393,5.594993142639251,0
2026-01-01 20:28:00,197.6841778931522,69.19025533136072,226.8360467362144,2.069876267441149,0
2026-01-01 20:29:00,7.596003890864267,66.22927179450645,201.18705480923938,3.293640496340544,0
2026-01-01 20:30:00,92.23568065310353,77.50923523134794,254.96556043824685,1.7331393366756775,0
2026-01-01 20:31:00,118.48719165048337,63.32155813211048,233.8020352551514,10.25719468747115,0
2026-01-01 20:32:00,156.45539646021177,45.79215983473072,193.68855997788688,3.5713273203415525,0
2026-01-01 20:33:00,77.32743315241791,58.72109188891426,193.6405295881344,7.3320952844234455,0
2026-01-01 20:34:00,106.55707052993168,21.583869302066887,196.24174789159005,1.596283003840293,0
2026-01-01 20:35:00,100.51849086879153,82.02210968751156,231.3987137938369,4.2215111294627805,0
2026-01-01 20:36:00,86.4510203409121,76.364449572931,243.78394155396606,-0.2953251930445555,0
2026-01-01 20:37:00,100.84856926384599,43.44712977253697,168.87823361353827,7.990712010138541,0
2026-01-01 20:38:00,56.19759654392983,36.797666378799136,225.74965575159013,-2.4297406157353327,0
2026-01-01 20:39:00,49.140611461810025,63.15768982017,176.7905366661173,3.0841328069706595,0
2026-01-01 20:40:00,96.79121314616083,57.637663462138164,117.81860097779231,4.313984276228414,0
2026-01-01 20:41:00,166.10209355985606,71.10828029097212,248.77737006040115,10.646963829081141,0
2026-01-01 20:42:00,2.0040374888880734,63.18202753315992,190.07014034733527,7.971280045877393,0
2026-01-01 20:43:00,119.42410539174028,39.19791427972507,231.9337656989976,5.545780870809413,0
2026-01-01 20:44:00,56.7276171374152,48.207779288161845,249.92982580693433,5.360264146066353,0
2026-01-01 20:45:00,138.5072175806588,57.307478739460144,219.1178225424119,5.845395247695723,0
2026-01-01 20:46:00,254.11101345804872,58.46591188525675,180.1314989118635,3.77137149384712,1
2026-01-01 20:47:00,106.20169344474833,78.46593024076843,247.2476877544387,-2.3050135301035164,0
2026-01-01 20:48:00,136.22136189820813,62.512094341645806,152.7936981337202,1.6434675796235978,0
2026-01-01 20:49:00,53.83596330511453,64.18498891552139,208.43272079647846,2.2160320000940312,0
2026-01-01 20:50:00,171.9434815632194,64.36486712336898,202.78943403437134,6.70971687981508,0
2026-01-01 20:51:00,50.47615435396856,67.66616060680592,223.74965066615133,9.079621930461819,0
2026-01-01 20:52:00,90.20821655547377,63.09003734399353,126.89860213218657,1.3203692220589653,0
2026-01-01 20:53:00,111.12572486694197,39.17486301935254,252.7189124313085,4.1719769589266855,0
2026-01-01 20:54:00,87.29974291591209,45.29933592714652,200.27414741170833,11.87366461358723,0
2026-01-01 20:55:00,25.269782914555208,58.27411318562281,145.16739292171582,8.795574497809941,0
2026-01-01 20:56:00,100.22782839820647,72.88379075203092,202.74105937643856,9.227637945430551,0
2026-01-01 20:57:00,13.031634698055939,72.86106228432456,222.17741530674977,3.829717461814422,0
2026-01-01 20:58:00,67.2230301950091,35.03481816516206,172.38829038039495,5.757513445765014,0
2026-01-01 20:59:00,161.92289750261833,67.15583465503964,218.93660151304675,8.239132614331474,0
2026-01-01 21:00:00,113.54805899100343,68.20753250639598,147.21269332289447,5.600205233357742,0
2026-01-01 21:01:00,65.42590549694849,54.717888304493044,207.52883076721258,9.172555554613187,0
2026-01-01 21:02:00,75.07298615093794,36.9825845539263,178.86823953041022,9.167042692358795,0
2026-01-01 21:03:00,17.43473265447976,76.58316149385521,214.31956718030688,3.886308036670221,0
2026-01-01 21:04:00,-14.966303894598212,53.848581008246654,236.56473134081907,10.316789072531472,0
2026-01-01 21:05:00,56.02397608443124,67.12924728896415,168.08209236079074,6.024741548987052,0
2026-01-01 21:06:00,231.16071622083786,52.404736635907696,216.16837024164525,3.0902069169701396,0
2026-01-01 21:07:00,43.35797029353638,78.36132185326107,198.0810963946766,0.8671988788716032,0
2026-01-01 21:08:00,116.32360302666866,65.0021397313747,261.4887268095122,3.1928396552368516,0
2026-01-01 21:09:00,172.00474824108102,50.52914627922658,195.3420850305512,6.229955572080199,0
2026-01-01 21:10:00,53.57101797302941,86.6729695164136,214.09373508353974,3.6466386582762143,0
2026-01-01 21:11:00,125.53083270921286,57.581853586486744,201.2134498431479,4.4656804010986075,0
2026-01-01 21:12:00,71.6598046005881,84.0014566304533,269.37160510086244,1.7638672031288345,0
2026-01-01 21:13:00,109.00740299468342,58.84587530098728,194.29557723520435,5.560000067131669,0
2026-01-01 21:14:00,130.1575526797399,56.923491007772526,220.9452516200429,6.418665453815079,0
2026-01-01 21:15:00,90.15766859983933,45.087325397661495,236.36557978024365,5.702300531276514,0
2026-01-01 21:16:00,55.33032737474091,40.313354370640006,201.44406342090642,6.462418825843322,0
2026-01-01 21:17:00,169.2043892833435,73.69521884757879,202.04845612983578,11.087733470532008,0
2026-01-01 21:18:00,117.66577095392901,71.54847950874505,236.18672551085308,4.492872654648959,0
2026-01-01 21:19:00,38.16735355251639,52.95513924989412,195.0468466877591,4.429203818450601,0
2026-01-01 21:20:00,39.83106805808136,67.82557633092951,220.12403003090338,5.6740483983816965,0
2026-01-01 21:21:00,141.79656241495599,36.88238774385516,213.14505464944546,2.1847143651086673,0
2026-01-01 21:22:00,37.09921769803124,71.45652304941734,219.90552286004413,1.727278016781705,0
2026-01-01 21:23:00,106.93311863847093,57.625190664408265,270.3589376174341,5.5788972043682685,0
2026-01-01 21:24:00,129.30408971086635,73.8663003036447,202.53531084869564,5.1032381451227655,0
2026-01-01 21:25:00,96.16981753459068,53.03500547920655,179.25704410721488,8.571129250198089,0
2026-01-01 21:26:00,54.565312645718826,46.5772616547194,208.38289758173255,7.420368564866262,0
2026-01-01 21:27:00,177.0338795958197,26.37440729552194,195.55806835737317,4.083359581416762,0
2026-01-01 21:28:00,140.31771976368205,42.36279793367446,161.78075058829765,0.8626232334903374,0
2026-01-01 21:29:00,48.733847425642715,62.18941394398468,198.16220090759677,8.321011452651959,0
2026-01-01 21:30:00,117.43178821881506,67.76106731119282,236.2531688502726,4.763174127803541,0
2026-01-01 21:31:00,146.68128919226984,51.57840324650869,225.6248539002341,6.705342014622056,0
2026-01-01 21:32:00,30.67294281074639,55.81794208891027,198.83801949732953,0.3310536886119193,0
2026-01-01 21:33:00,33.629190794102215,54.03905551830566,158.3465008043608,4.687578523750601,0
2026-01-01 21:34:00,74.58845975519479,45.10162706661963,266.2478021028205,4.6917719025213644,0
2026-01-01 21:35:00,132.90475996905587,55.634286747394356,189.6727051433461,3.8790365801953706,0
2026-01-01 21:36:00,-7.341933478950466,85.42314741123627,188.89321026637077,1.5805347593419619,0
2026-01-01 21:37:00,235.27900011016072,90.4024870337099,185.04488607009398,4.483276374685779,1
2026-01-01 21:38:00,171.09169656589773,71.59814772022449,120.90097939650398,5.682339815851434,0
2026-01-01 21:39:00,60.239506935151546,45.235623735131945,137.34824353939894,2.437173509282501,0
2026-01-01 21:40:00,72.62864552093828,63.1983854185191,201.66758361530196,4.453483982545056,0
2026-01-01 21:41:00,123.75785152585567,38.52837360780045,219.23599755167368,6.668020177020542,0
2026-01-01 21:42:00,57.92081077694863,41.16237350132885,174.08511956072988,11.685852303770528,0
2026-01-01 21:43:00,138.42699626343045,39.247445782626386,238.85412606471363,1.2954777372854918,0
2026-01-01 21:44:00,147.21665583029778,85.30488247242415,178.22510854257285,5.465199947360879,0
2026-01-01 21:45:00,89.29399512654234,52.80625132430626,267.9856796033545,0.9996774765278333,0
2026-01-01 21:46:00,133.1742818111288,78.77074700363798,217.45947333528792,5.148006129568729,0
2026-01-01 21:47:00,117.89003708391496,52.42672665883055,185.294211119456,7.960971932449432,0
2026-01-01 21:48:00,161.42366058243636,48.154607991231856,152.40930000412436,5.3193153923637375,0
2026-01-01 21:49:00,68.96908230806883,57.28815574375271,127.34916549370844,6.291650997375273,0
2026-01-01 21:50:00,110.4221195993196,52.9574293842079,212.76505408890966,4.374769231975237,0
2026-01-01 21:51:00,139.8708900011502,68.24879025602667,181.92526473233355,7.176161416063954,0
2026-01-01 21:52:00,190.40973534784916,70.0894699735042,234.75993096769008,7.458225131082208,0
2026-01-01 21:53:00,96.43959749896831,81.71354730399605,282.3508206689734,4.860156426957666,0
2026-01-01 21:54:00,158.40047758387811,51.45435848446532,202.2164924395636,10.504953896690772,0
2026-01-01 21:55:00,168.391739819902,34.73584617513929,230.5736065769335,6.030121459903623,0
2026-01-01 21:56:00,113.02244193102595,61.25404135648507,259.0011799602359,3.1589490785025784,0
2026-01-01 21:57:00,144.15720423704656,63.44134446796018,166.5912792188664,6.504094611091809,0
2026-01-01 21:58:00,113.14333604014165,72.50764880490252,172.59830922125659,7.1314410938698956,0
2026-01-01 21:59:00,168.52811565668856,63.66024562155825,159.51634793241158,7.221822554838847,0
2026-01-01 22:00:00,133.46551428073,62.15093721820921,198.9830818010666,4.116502871425863,0
2026-01-01 22:01:00,91.58938154630668,77.99140730003313,142.97899106749432,4.096389118680099,0
2026-01-01 22:02:00,79.38818399856984,54.46226335852807,153.77780597793156,9.03565103490088,0
2026-01-01 22:03:00,175.09012946851618,55.66057933422999,191.00198049326835,6.312601875055678,0
2026-01-01 22:04:00,21.654952184348147,70.73338945534807,233.14192680086035,3.4056478207955774,0
2026-01-01 22:05:00,158.28239868191275,48.53026556817098,211.67964725174306,3.2829157485772194,0
2026-01-01 22:06:00,75.88819659653427,58.82854430822202,211.78983973330358,2.0527407517765273,0
2026-01-01 22:07:00,199.6805003487883,57.35114817402284,202.9912421057781,8.933701494351979,0
2026-01-01 22:08:00,176.58825377651203,61.905035132014866,225.61120792195436,5.4085410301088075,0
2026-01-01 22:09:00,61.47975087481303,75.53482319700834,213.1535288205479,5.6253237596825345,0
2026-01-01 22:10:00,77.06238762162921,61.80160834278363,193.02835072669706,2.7015767424105244,0
2026-01-01 22:11:00,89.16019608665722,57.13109106683409,191.07065502276464,9.240972873993137,0
2026-01-01 22:12:00,103.83357763271408,48.43554401536953,190.20142625628975,8.822487837680239,0
2026-01-01 22:13:00,-5.467068431552931,40.71824425105987,167.733520811169,6.645327476237245,0
2026-01-01 22:14:00,154.1060760164803,49.83693632260847,154.17641866736344,-1.4713060676739609,0
2026-01-01 22:15:00,119.96861682648297,64.15100346517401,213.10034328224046,2.5182488911471914,0
2026-01-01 22:16:00,79.56390621998628,64.54999117060594,195.49102139595843,2.471363560870915,0
2026-01-01 22:17:00,60.333310928025156,37.84450644698025,134.83809910491996,6.98372162604577,0
2026-01-01 22:18:00,124.88597102273539,59.72348214136186,232.95405396218626,5.3989111700000185,0
2026-01-01 22:19:00,107.47795240928731,44.972499724096444,216.5560307546676,11.518381454442462,0
2026-01-01 22:20:00,61.66231215083042,67.21677841733434,238.54414184652646,6.262501708056808,0
2026-01-01 22:21:00,153.3255645724554,80.78438320253395,183.95279351761616,2.775114490436572,0
2026-01-01 22:22:00,72.07994705307013,75.48924188528984,262.71161832935,5.553424020843917,0
2026-01-01 22:23:00,59.84343304301581,87.91086375151787,211.1533495218146,7.50652547391323,0
2026-01-01 22:24:00,177.86220689824347,31.741574479035,149.40218793921403,6.156910855080541,0
2026-01-01 22:25:00,117.17928148202806,90.70471258831691,180.08102116333393,5.948481936917625,1
2026-01-01 22:26:00,104.79197250421929,87.02612826236947,187.99147273233902,1.9508314626382828,0
2026-01-01 22:27:00,56.452070520686846,67.79447074216212,194.0696123951992,5.074947887816135,0
2026-01-01 22:28:00,125.60392035523114,75.51586273121882,217.53166878422064,10.361091325006173,0
2026-01-01 22:29:00,61.98649979938997,52.40219671627387,155.3130418152361,9.25951730343312,0
2026-01-01 22:30:00,105.04841115173525,59.27261690750553,143.2835461846543,2.746951917728574,0
2026-01-01 22:31:00,103.67151002555168,66.75278644326343,255.94341126210097,4.701603479947331,0
2026-01-01 22:32:00,132.9006972055817,42.32523620291016,186.02947724468652,1.05776691885991,0
2026-01-01 22:33:00,82.8396452399571,81.17651782598759,283.3256737515987,2.4544339133291047,0
2026-01-01 22:34:00,128.71804695277294,68.5938470567078,201.1085752979176,0.9702387600785105,0
2026-01-01 22:35:00,116.70463432404625,57.12159788144871,176.2931018941722,8.248361061325227,0
2026-01-01 22:36:00,61.149620684988776,57.74655542156394,137.4060586560923,5.684930717914939,0
2026-01-01 22:37:00,85.17670290886694,71.21486802384905,160.63371058732383,6.669933933072796,0
2026-01-01 22:38:00,92.28998233624054,66.93404537031219,227.69132281849357,3.8312964007294,0
2026-01-01 22:39:00,133.08504433196669,71.0951016831087,161.20979490773777,10.527128347264314,0
2026-01-01 22:40:00,83.9380535113104,71.52975314988237,168.2307944194803,6.794185716098034,0
2026-01-01 22:41:00,117.44757765538557,46.178629417172516,259.62817847121806,8.553243923431134,0
2026-01-01 22:42:00,49.60466862030888,54.12600311974309,296.30007404074865,5.2673694005363565,0
2026-01-01 22:43:00,29.781465741754502,40.35391146096468,233.86434498667128,1.7152632941001489,0
2026-01-01 22:44:00,22.548952538997682,44.19009040946242,241.3122872555349,3.3482211579181826,0
2026-01-01 22:45:00,136.52081813492285,36.24738533620264,232.82678527400586,0.34402371723822434,0
2026-01-01 22:46:00,41.887356896528075,69.8872125020413,183.89200818200283,2.43537439201385,0
2026-01-01 22:47:00,29.929907520089998,41.02280475021598,217.84210846138996,3.949189745615182,0
2026-01-01 22:48:00,143.5486582089345,40.985800450047414,129.46054510308792,6.76901809294406,0
2026-01-01 22:49:00,212.57551492817333,31.509914131254316,155.20053312781522,2.9839269689400614,0
2026-01-01 22:50:00,187.2200481590575,56.086492304623214,139.69570954088786,4.645707124614265,0
2026-01-01 22:51:00,101.83500803387018,53.80516652343408,186.59456537695505,7.618138941119986,0
2026-01-01 22:52:00,99.8072828609537,68.70904875999035,213.7002065679001,4.1560649066128725,0
2026-01-01 22:53:00,21.55394601035566,76.92260450884662,195.04813223371528,4.6699330681461095,0
2026-01-01 22:54:00,163.29646742645855,46.10948748665232,174.711345579169,1.8330172362539172,0
2026-01-01 22:55:00,95.97942980885615,79.15923621785244,163.34650967886907,2.8906031359546858,0
2026-01-01 22:56:00,66.1484832252485,67.04973410180538,135.20664940805685,10.659234624794756,0
2026-01-01 22:57:00,80.49135887633435,71.41931230698258,223.67171672479574,4.191587675364264,0
2026-01-01 22:58:00,171.97728934111245,38.77558834817634,251.08687073056717,5.832713121974284,0
2026-01-01 22:59:00,78.65685743932299,46.29889780872255,187.4936715446497,3.9459017833053593,0
2026-01-01 23:00:00,61.37865933863974,58.14216694807614,197.0071138070801,10.099714946517002,0
2026-01-01 23:01:00,62.725204026937256,52.18411893277638,186.29171882515683,5.741387661751938,0
2026-01-01 23:02:00,63.11477755661718,62.63863309440455,192.06421047295848,3.831767545658752,0
2026-01-01 23:03:00,160.54805253132068,23.097891600660027,242.00611146658488,-3.18268610789732,0
2026-01-01 23:04:00,60.91602410627798,52.548711375015046,182.6372602994191,8.429316417594034,0
2026-01-01 23:05:00,133.83612175435812,62.46325310538845,223.65351478083613,0.6214060919635962,0
2026-01-01 23:06:00,119.90170808163008,44.55844596367109,134.58232891204634,1.361501696424936,0
2026-01-01 23:07:00,182.51898026502295,93.93407100554006,289.54184798537506,3.797285155872401,1
2026-01-01 23:08:00,53.83675527650915,84.31516038992534,178.95102990598176,3.57560716270374,0
2026-01-01 23:09:00,78.3945220618063,70.28912686977306,247.195160405656,1.8790937337984248,0
2026-01-01 23:10:00,178.4004765296219,73.31068549249358,180.2173111463748,8.635587377249216,0
2026-01-01 23:11:00,73.78490953488577,58.101085987058234,212.52341322305776,7.583248912401128,0
2026-01-01 23:12:00,64.59644694037387,44.76119570937063,188.55824487954857,7.924018590468631,0
2026-01-01 23:13:00,85.01108281542479,60.94626612415496,193.45431040597686,10.031605121318947,0
2026-01-01 23:14:00,69.4805554234904,53.597156589474835,252.60987527437103,5.242279269804655,0
2026-01-01 23:15:00,180.54468485898616,88.32289043051964,185.43032778221806,2.1785596819921094,0
2026-01-01 23:16:00,96.77210606979138,65.49786240272464,136.0488330681088,3.8092964405676515,0
2026-01-01 23:17:00,47.25752111260144,51.64968121692996,159.44986024551056,4.900600303444734,0
2026-01-01 23:18:00,125.843091294961,72.41385153598524,210.1200021999834,4.656266246767466,0
2026-01-01 23:19:00,106.19062725341719,79.6625522721955,170.918447778033,5.414074012739751,0
2026-01-01 23:20:00,177.76444287358476,42.951933140570794,194.35167820622488,11.410801722378496,0
2026-01-01 23:21:00,56.299787998262076,68.66947775880624,167.07266648497892,1.7117980038170817,0
2026-01-01 23:22:00,118.70072416217343,48.7350691854874,199.64354906151075,4.768084710213274,0
2026-01-01 23:23:00,130.62600032532447,47.47151606475055,199.30201920036097,11.96442818455463,0
2026-01-01 23:24:00,116.07132535492931,52.12598751859229,185.4705128499603,4.363648750188751,0
2026-01-01 23:25:00,91.90315981838859,75.99355493124693,214.21071083907114,4.9546118583055305,0
2026-01-01 23:26:00,119.74705889973083,46.01539089156159,175.35556987816827,4.9176388930771635,0
2026-01-01 23:27:00,126.90880514624997,70.77430104313956,205.90990429802252,4.206536427454019,0
2026-01-01 23:28:00,112.83378310145137,80.36697224464804,284.7708962500393,9.026174164155652,0
2026-01-01 23:29:00,154.97396985851938,69.57365248457515,180.36627523647016,13.800290820050295,0
2026-01-01 23:30:00,44.58588927003406,71.66876891195889,227.23502790853004,6.1199736525269515,0
2026-01-01 23:31:00,129.47155549292418,59.71203798151164,229.23974091281008,4.052138114210598,0
2026-01-01 23:32:00,137.44313283076843,84.37976584999775,171.12398082955426,2.8149594079335993,0
2026-01-01 23:33:00,76.08202476664476,68.03551218758336,186.4932526010905,5.902857396187532,0
2026-01-01 23:34:00,132.48185907805146,76.74338915644239,138.9798106596895,9.172092968847055,0
2026-01-01 23:35:00,54.514878078486994,68.16768782133458,208.32608887344293,-0.25627457685360966,0
2026-01-01 23:36:00,96.06922090031175,58.495650721444896,189.0404503200115,2.642748748932215,0
2026-01-01 23:37:00,98.02376274192929,45.72996990354785,199.05960877858308,4.697215188198598,0
2026-01-01 23:38:00,130.22090375117443,48.65648014798187,291.10940413947594,6.613625841143533,0
2026-01-01 23:39:00,84.92332813744835,56.532723011251306,200.65614483957805,6.850878503372694,0
2026-01-01 23:40:00,-9.730923522095253,42.95266576831581,143.2668906150782,4.197670808874805,0
2026-01-01 23:41:00,110.20571102384393,59.628094301144046,206.0345317454002,3.053145312520485,0
2026-01-01 23:42:00,141.9318381896109,69.67168398234266,258.70624754427973,1.9076119627944488,0
2026-01-01 23:43:00,104.44503291513593,52.57830494527042,212.59162636571548,2.2371140371760583,0
2026-01-01 23:44:00,156.72529984062695,91.85396698321759,200.31908254800155,5.599131547669829,1
2026-01-01 23:45:00,70.9628807143383,73.14239627193528,125.7679873331017,3.481037024966831,0
2026-01-01 23:46:00,190.8084961412605,61.36833846477275,196.84598400378667,3.821900741989024,0
2026-01-01 23:47:00,64.7856156513697,49.98071807964972,232.3644991133433,5.066761027675876,0
2026-01-01 23:48:00,172.52044745179577,78.69613069723896,247.00759972834535,6.3645731671417005,0
2026-01-01 23:49:00,93.71696206321154,61.85806107984607,171.44543658927626,6.279687009568709,0
2026-01-01 23:50:00,122.92404157519108,62.39420276438727,217.42865493075513,6.049828256168642,0
2026-01-01 23:51:00,35.28825041426235,61.82575257897392,171.22393511070095,5.197210095640277,0
2026-01-01 23:52:00,99.64467401957018,64.41061166767841,233.0105716690765,0.5720817910839884,0
2026-01-01 23:53:00,143.60988027892736,82.01330601992817,179.70768708390227,8.237844026303156,0
2026-01-01 23:54:00,142.15232363053718,71.9416014482617,216.72984475964537,0.9788134371134642,0
2026-01-01 23:55:00,54.719648727341244,42.67235378382071,230.92508466542577,6.098384665518708,0
2026-01-01 23:56:00,56.133191745367405,62.45533259282481,230.45525813730166,8.42248410075049,0
2026-01-01 23:57:00,89.26182757961324,71.84540802436717,269.0690761035058,0.8598680861719536,0
2026-01-01 23:58:00,93.34754295806475,77.40874246831652,205.50077224065444,3.180854526993805,0
2026-01-01 23:59:00,117.10996577477783,45.21478890332307,220.49609936897727,8.470247148970428,0
2026-01-02 00:00:00,140.35157631772103,43.89630368586397,148.1242299379267,1.101936729548577,0
2026-01-02 00:01:00,74.69518392473896,76.42540164481821,195.34440393766909,1.0495705289727004,0
2026-01-02 00:02:00,105.0790948873857,62.39116126055073,168.9990504887714,7.566012289740976,0
2026-01-02 00:03:00,92.70400341797443,61.44104142163533,133.60280928307253,3.7245620014938217,0
2026-01-02 00:04:00,94.458608956423,38.99317614240517,171.76084747170484,3.9514217005112973,0
2026-01-02 00:05:00,50.23006002652262,54.90032073038651,230.27778796133165,6.1696587406362475,0
2026-01-02 00:06:00,142.84721403613872,83.93823948736899,183.93665862144655,9.221428355848367,0
2026-01-02 00:07:00,189.55770578028296,100.1084902900188,240.54563571092714,7.578371687662944,1
2026-01-02 00:08:00,67.31204807176309,87.69074234656816,220.35191752359768,6.004044624543197,0
2026-01-02 00:09:00,159.71522261547858,48.84496806370021,176.95641915888683,9.415278232492422,0
2026-01-02 00:10:00,71.9524849263363,76.17806640469118,145.27476981503153,7.716056040003474,0
2026-01-02 00:11:00,90.17927196352713,85.71350782590027,178.50500427348473,5.16555766725895,0
2026-01-02 00:12:00,36.38291978741197,49.01849947797432,272.9349689339219,0.9591733931162123,0
2026-01-02 00:13:00,179.77865939968922,57.94460479515831,184.20016823303848,2.1829150148131244,0
2026-01-02 00:14:00,127.06159904814629,91.21806111246926,211.25253361660137,7.442217207780034,1
2026-01-02 00:15:00,110.53306515607363,87.3636453306543,225.21666249263657,3.558396176415261,0
2026-01-02 00:16:00,28.233067810421673,48.61824658160401,117.93477628661412,10.986688778273496,0
2026-01-02 00:17:00,67.04984857229279,55.571505007950236,206.02445327465693,5.3093446242659175,0
2026-01-02 00:18:00,156.76146516401826,65.13283106437615,275.2349069761968,5.060003720054725,0
2026-01-02 00:19:00,64.72229115024413,47.92241657840974,185.65961343402705,4.337651982235625,0
2026-01-02 00:20:00,174.17060754060503,39.00198843308495,191.00197660492614,8.34603607292226,0
2026-01-02 00:21:00,72.55679230755885,104.10855391955418,262.5049658940062,6.334581088809228,1
2026-01-02 00:22:00,88.73226040417913,66.66310339692734,168.0168456522904,3.9804627914386286,0
2026-01-02 00:23:00,102.00735750673496,51.52029795717742,237.51555669734498,2.7129234564103673,0
2026-01-02 00:24:00,19.993595349282828,38.04543748514471,225.83365454996772,8.733079088268354,0
2026-01-02 00:25:00,171.48081170012398,48.59628924954809,77.60110789137187,4.631697341481417,0
2026-01-02 00:26:00,24.462120720717692,59.087830915972766,226.61392460117523,3.9949867705768836,0
2026-01-02 00:27:00,134.254967429683,67.17884751694594,215.41898981368502,4.983255645715589,0
2026-01-02 00:28:00,143.52571757459364,54.17237900250757,158.06981295402736,7.263157093064438,0
2026-01-02 00:29:00,91.20302892237227,15.912782776885905,265.3683028023909,3.7036793204443366,0
2026-01-02 00:30:00,165.08182880333746,40.09540239146237,130.86295385192147,2.2573243414740722,0
2026-01-02 00:31:00,140.02889431787864,59.610380643028186,175.569889941811,2.3265617022250473,0
2026-01-02 00:32:00,66.33887906149317,39.87116022666417,126.91229370977837,8.30398295417923,0
2026-01-02 00:33:00,182.00576176927495,51.08913433160887,225.04917165585854,6.754948875659,0
2026-01-02 00:34:00,152.12916140644478,78.48685071111672,231.82778253418385,0.0828527611974561,0
2026-01-02 00:35:00,106.6401621614183,86.32931091940058,156.57580799246477,9.677135235725073,0
2026-01-02 00:36:00,100.06898911985954,47.86705172030192,243.13970566368172,5.365462318989569,0
2026-01-02 00:37:00,115.18076608305802,63.5888436723571,154.36604870566896,6.856566767882264,0
2026-01-02 00:38:00,128.8788624486005,33.15988527826206,250.9477757360192,8.377293303407775,0
2026-01-02 00:39:00,178.1494495992975,63.65952259879312,168.16443393256435,4.2713744654272086,0
2026-01-02 00:40:00,143.56166260148714,66.35615580498374,167.1804511938102,-1.3270389733424253,0
2026-01-02 00:41:00,141.15420437804696,71.08825525181535,175.93951993954772,0.6029900172827789,0
2026-01-02 00:42:00,56.575420618398006,58.644450852949916,191.23743154023347,5.751970279582282,0
2026-01-02 00:43:00,68.13654697058735,69.32729101711124,222.2606368124579,5.792815572534898,0
2026-01-02 00:44:00,46.38182446278422,95.9954413444302,225.10576427387167,5.542178494041915,1
2026-01-02 00:45:00,173.74938238708467,51.55603009894461,190.75002901448957,3.7501377298487526,0
2026-01-02 00:46:00,129.89252349531282,41.15994100083826,193.13866079003665,3.7173564130219456,0
2026-01-02 00:47:00,186.69699811783497,41.6520831195275,187.06874459461997,-0.6872628063865065,0
2026-01-02 00:48:00,256.94571559391056,58.042104201320704,177.36082257929334,1.1673479536842226,1
2026-01-02 00:49:00,144.10175913102017,71.50461513734615,208.42455930572515,9.914189295502545,0
2026-01-02 00:50:00,117.42003825537509,67.22791682783773,213.1914959024925,7.014942371409963,0
2026-01-02 00:51:00,118.08976073001892,67.1866115497289,147.11450046338837,0.738406081450468,0
2026-01-02 00:52:00,177.2225327305136,46.43381168512874,147.24466794529155,3.874361213902913,0
2026-01-02 00:53:00,150.80589844878546,58.28192350286946,235.29488100457016,4.421058713440904,0
2026-01-02 00:54:00,141.48404623855473,38.47243080309731,201.73058936285312,5.871671516483095,0
2026-01-02 00:55:00,12.696905775978678,63.496786480751396,167.2752596655004,7.048442999646448,0
2026-01-02 00:56:00,112.40539842888877,65.3027641126264,247.36468990927824,8.88936381968008,0
2026-01-02 00:57:00,122.8223569975911,54.998799625948855,184.7246889865287,2.7667643460882103,0
2026-01-02 00:58:00,116.36096313237726,49.14138668148696,219.60371995720132,2.048011677334869,0
2026-01-02 00:59:00,55.588898832360236,58.503060401806835,212.31467150932917,3.2282015972678493,0
2026-01-02 01:00:00,119.86805161110416,45.35393069373544,223.8651931370406,6.374262733808907,0
2026-01-02 01:01:00,109.25253068109411,70.63004614003403,178.69794865571887,8.4896759478138,0
2026-01-02 01:02:00,97.90974281587091,58.487978662832774,152.37575923015783,6.731956437828003,0
2026-01-02 01:03:00,85.14341302724347,36.322425215203126,184.48563449347438,-2.107099850760372,0
2026-01-02 01:04:00,140.47456287347651,63.667050357488364,231.88189378615047,4.839597153497192,0
2026-01-02 01:05:00,69.1733824163548,60.10696500284325,234.29199622914422,7.495457019755906,0
2026-01-02 01:06:00,56.62275443944455,53.173047351463225,217.70882968030136,6.950815881160784,0
2026-01-02 01:07:00,144.9023802464183,66.61110152412456,155.45788497122612,8.488629432738684,0
2026-01-02 01:08:00,173.5589766469397,32.87679388545498,247.66976526262664,4.938777341667767,0
2026-01-02 01:09:00,116.79996909620006,64.19443386701032,166.80330153660856,10.739703488718957,0
2026-01-02 01:10:00,77.38752119499809,55.01682459701002,235.7896030660193,6.0548895764028225,0
2026-01-02 01:11:00,65.99987342487304,57.946054634772025,176.2557309228406,10.465861074058623,0
2026-01-02 01:12:00,217.04407585839317,39.82369141372118,119.25331601256177,6.230571936929478,0
2026-01-02 01:13:00,8.394245699868307,33.86597972091894,224.71917168028796,6.568365371747378,0
2026-01-02 01:14:00,69.67351506029728,62.87476149234626,131.32957641699085,0.061531860666231175,0
2026-01-02 01:15:00,56.510264703495444,81.40203657557615,281.8445942523444,4.922948948206628,0
2026-01-02 01:16:00,153.9288119615272,60.249968448307236,170.74587941909374,1.626268707421905,0
2026-01-02 01:17:00,164.27930885660038,60.90812943296238,217.5071891299849,10.705886379538015,0
2026-01-02 01:18:00,101.59266698770365,58.8854853407425,150.9963032154136,3.301343419730025,0
2026-01-02 01:19:00,53.73914476983827,63.16119893641024,158.47750169472013,4.423280863615622,0
2026-01-02 01:20:00,142.99707767836117,61.98535445713375,182.9205863222537,7.928586265059737,0
2026-01-02 01:21:00,176.8086726088904,38.77723286007513,229.08362447602678,7.373707144307244,0
2026-01-02 01:22:00,151.0459980898121,81.23742769974156,257.0214382349079,3.062723893108251,0
2026-01-02 01:23:00,117.86546681574413,71.78175113225765,151.78096702448192,-0.09883760249394058,0
2026-01-02 01:24:00,156.55167715562123,26.923114365206487,172.7149468057123,7.858329589015553,0
2026-01-02 01:25:00,176.12319339565386,58.0326020585167,188.85673498125772,5.955255313144169,0
2026-01-02 01:26:00,47.839263153399244,35.66482240488433,192.50077300164196,1.6259828276373032,0
2026-01-02 01:27:00,99.93863043292379,63.79683687303899,214.84510527494743,4.473324248287137,0
2026-01-02 01:28:00,124.47685669319023,39.38845792847124,199.81014829511744,6.265067352798211,0
2026-01-02 01:29:00,64.91470602616693,91.35346270964317,116.08771962158437,9.05915359820704,1
2026-01-02 01:30:00,114.0844080881516,54.62051231275279,159.55512218322136,10.35599663118819,0
2026-01-02 01:31:00,117.6975933480986,54.31241050513583,177.63547161483893,5.239680414157013,0
2026-01-02 01:32:00,-3.7791773293175197,63.04579466759551,228.86613675899542,4.59497814037516,0
2026-01-02 01:33:00,-7.525843370821946,55.77531016864091,221.76527163956138,5.751084641008049,0
2026-01-02 01:34:00,134.61286857541216,47.65927697444091,272.5964627929412,5.042582386826792,0
2026-01-02 01:35:00,96.1630425695218,70.90059950774192,194.10371252815642,8.489786962574557,0
2026-01-02 01:36:00,186.58984667661565,42.296130641543186,175.8673370032176,8.940442787697815,0
2026-01-02 01:37:00,88.06680679952491,90.63429556367481,185.60846186214525,8.127479163372643,1
2026-01-02 01:38:00,140.67310200723654,80.9031957250744,197.758381984845,9.29384826820134,0
2026-01-02 01:39:00,75.47536488660484,41.092551295030205,153.13851882158434,3.590337810194621,0
2026-01-02 01:40:00,127.37564564120943,50.65035008488103,175.24716416883294,0.7074191796032085,0
2026-01-02 01:41:00,1.8184401364113683,67.45110162522118,182.76652261015568,5.030181061129449,0
2026-01-02 01:42:00,59.29888155955504,48.23077855885328,219.3000220270441,0.2876009429822588,0
2026-01-02 01:43:00,141.22753192206943,67.17758244201866,106.1716799139967,5.616657683463339,0
2026-01-02 01:44:00,123.86022674540905,76.20372657342962,179.12417591442974,6.949948601488585,0
2026-01-02 01:45:00,99.27815249035562,76.99456624353893,201.0561633492253,4.543981758126482,0
2026-01-02 01:46:00,54.30025640377896,50.22191112227518,201.4806089699677,3.1581102915510124,0
2026-01-02 01:47:00,-4.776565456625221,47.030563690230096,198.74994014386897,2.095443279991017,0
2026-01-02 01:48:00,88.86713051797284,64.6852098430781,186.79379706464994,4.901226730504749,0
2026-01-02 01:49:00,98.56240874730264,57.25838577556795,193.67806479000214,3.0899596053358063,0
2026-01-02 01:50:00,87.75296647359109,23.340385032558764,185.10576941020778,4.913936791466654,0
2026-01-02 01:51:00,57.8088597017839,56.75538845928104,216.245324955313,10.174014634310325,0
2026-01-02 01:52:00,129.0574877258952,67.46690047332133,185.18054286575048,10.050275833826841,0
2026-01-02 01:53:00,175.69807974619175,29.615400157634657,183.37597963586896,7.30415188711736,0
2026-01-02 01:54:00,33.65915101159344,69.10660933091957,208.5086839797636,-0.2150446569908695,0
2026-01-02 01:55:00,113.76550997641854,87.22140020264173,203.19761265228829,4.546393226574521,0
2026-01-02 01:56:00,170.5023264340824,51.07492277650429,112.63926412803826,-5.949247602843638,0
2026-01-02 01:57:00,57.546364934180346,56.44342540233719,150.1556251240329,7.774378179615249,0
2026-01-02 01:58:00,19.898007975623997,65.12526883804395,210.31409014715427,1.8577813650200294,0
2026-01-02 01:59:00,87.77145681657946,73.56036164059556,188.3834336905506,6.191483248167081,0
2026-01-02 02:00:00,132.52190381763532,48.78963179378469,109.38605275482155,0.6588075491650445,0
2026-01-02 02:01:00,40.891529879729326,58.799008715828805,182.4788539249501,4.033534111082924,0
2026-01-02 02:02:00,197.36250812879211,38.94200569660416,218.01456930185424,5.546370447382332,0
2026-01-02 02:03:00,86.7209117900603,34.64474760414565,241.22305161366683,6.829100580429843,0
2026-01-02 02:04:00,57.363050929690125,61.66844936569914,180.54802043214661,8.416609648383599,0
2026-01-02 02:05:00,184.94392283281053,70.64650759650864,158.53736777618826,1.6864376141879456,0
2026-01-02 02:06:00,87.36990633532497,82.26778011188118,74.26248312579148,3.0128021284997386,0
2026-01-02 02:07:00,77.34404606263453,32.849589073866596,162.59349055709217,4.426128604885332,0
2026-01-02 02:08:00,104.25280743005884,72.29388678736242,197.42863050333952,2.883872690438628,0
2026-01-02 02:09:00,39.8570775774309,52.21989766308923,168.16651216713552,5.060509647191835,0
2026-01-02 02:10:00,166.0888877800475,77.02145517888556,248.76897845731037,6.402517035041569,0
2026-01-02 02:11:00,111.40379259899875,62.830658101988554,164.73664422103286,4.59230169401893,0
2026-01-02 02:12:00,11.91137457273264,60.32355000977123,162.23247271615875,5.922413207490988,0
2026-01-02 02:13:00,148.78944018186178,37.14667929140204,186.63754380364313,-0.3648102965325686,0
2026-01-02 02:14:00,71.58270575725521,70.91494213215611,215.44317548281987,11.212997876310126,0
2026-01-02 02:15:00,125.13439164424727,43.369443708873675,177.18801168006797,0.6816832166008506,0
2026-01-02 02:16:00,200.16979952233842,76.88735152000085,76.78250453872195,1.9530694825685542,0
2026-01-02 02:17:00,122.82897724144719,82.43951426751374,168.7406381887106,6.243427671491978,0
2026-01-02 02:18:00,74.94741849883394,44.959193347597825,192.63897749553212,4.126347291217266,0
2026-01-02 02:19:00,90.32053013229384,68.16982283208282,163.55603853672517,-0.7377636856646665,0
2026-01-02 02:20:00,-7.82303821394153,45.77307106877501,235.86860132271357,6.7061293210182065,0
2026-01-02 02:21:00,75.89790870146196,72.87837998329252,164.47737478515685,8.667625357805285,0
2026-01-02 02:22:00,93.34558171623824,66.75682266012814,224.95270615160968,6.978988356744508,0
2026-01-02 02:23:00,93.87195209978468,36.724426660791025,260.2175325680421,4.209408431283691,0
2026-01-02 02:24:00,124.87271952432525,46.976429106597784,261.33817504213846,8.87312298700938,0
2026-01-02 02:25:00,34.793616749752786,39.969222351338644,275.9703322219668,3.540725078547314,0
2026-01-02 02:26:00,68.95015556492385,61.77046326794287,215.34239885369337,8.083368940379529,0
2026-01-02 02:27:00,64.81224361601832,62.24914001495453,179.70271715202642,8.014168038854637,0
2026-01-02 02:28:00,105.77935039612859,72.16428868142496,151.70928874836488,4.831688319244281,0
2026-01-02 02:29:00,29.525630821354625,53.30881038240158,126.47299887385213,5.050336337822416,0
2026-01-02 02:30:00,147.1549098982529,22.825761345878576,198.40252658366174,3.257817286509172,0
2026-01-02 02:31:00,48.84791318185982,67.48663892777137,197.52639502286667,9.843855251635183,0
2026-01-02 02:32:00,119.3015532523742,39.98823319069722,142.39694455181794,1.9474500260254048,0
2026-01-02 02:33:00,137.76333064796728,62.45883018942673,260.9456753963525,7.333062648213799,0
2026-01-02 02:34:00,81.15796612663726,52.420626562598024,242.4881257726033,4.794971441125976,0
2026-01-02 02:35:00,95.9760429496467,83.91599186215126,180.1529926420631,4.312902502345446,0
2026-01-02 02:36:00,174.2839575608454,60.305028636754514,221.93255120483997,9.1625220583679,0
2026-01-02 02:37:00,185.9292807229158,57.46951764257738,258.4530769034916,8.24391480709675,0
2026-01-02 02:38:00,62.82410638934653,73.83751928197253,178.44523520753057,1.5128513501984484,0
2026-01-02 02:39:00,29.761796539356553,73.56375843112579,215.01657329871483,2.4174868947104495,0
2026-01-02 02:40:00,94.55313174115354,67.3809591010014,179.17557564146725,6.266424300879683,0
2026-01-02 02:41:00,37.402635340565325,46.42923370087521,203.24925304429914,4.690242912360712,0
2026-01-02 02:42:00,86.48947927713157,44.859826454161635,195.098422770336,1.246908544209277,0
2026-01-02 02:43:00,138.41653553414088,71.37359909943953,239.24220988030143,4.757508851630849,0
2026-01-02 02:44:00,124.23535838575768,42.463365770352816,126.54383260222713,3.706546366150807,0
2026-01-02 02:45:00,131.65584712072396,79.60725582411285,204.77201003788664,5.044633790370217,0
2026-01-02 02:46:00,73.52624475304829,63.982752935435244,189.7663309734886,3.882563601463601,0
2026-01-02 02:47:00,163.50543012370625,59.398165725279036,245.0155502516993,4.088208937597691,0
2026-01-02 02:48:00,145.84146318459102,30.842800934296264,127.86887586141786,10.298172463900402,0
2026-01-02 02:49:00,153.83116039053354,63.33795217105581,221.19134687684695,2.9039432897848214,0
2026-01-02 02:50:00,64.52561494514251,86.16448817523987,152.1780628104138,7.863872186365855,0
2026-01-02 02:51:00,127.76559995226232,64.78847379353712,236.2418179372533,4.467220280937987,0
2026-01-02 02:52:00,20.703754470600515,38.02879143308317,229.52355094877538,6.988167366333086,0
2026-01-02 02:53:00,158.1388340246893,74.43723619635688,241.0854794456725,8.089036785968583,0
2026-01-02 02:54:00,107.29846810408873,48.24890640337022,168.58742436345165,4.443817059976839,0
2026-01-02 02:55:00,117.8805528814058,82.7789509690357,128.44282395909096,5.5584120670357,0
2026-01-02 02:56:00,48.546508351303586,60.85855436215813,207.834923942282,1.4930480663512675,0
2026-01-02 02:57:00,100.73619655534102,82.58651137579994,136.65933709682957,3.143765098529456,0
2026-01-02 02:58:00,72.84015750916632,51.56712108070308,172.73028787882652,8.39804209268215,0
2026-01-02 02:59:00,143.44370941057565,58.14151729987923,204.57705839240313,-1.0988168434447987,0
2026-01-02 03:00:00,69.74172382787646,66.06051966050796,149.59310449691606,-1.4306697094354828,0
2026-01-02 03:01:00,114.14580252093702,71.72956598550073,153.47385569038448,5.720511783524616,0
2026-01-02 03:02:00,138.16988794112385,52.58056068175595,107.74206091728308,6.599337644348838,0
2026-01-02 03:03:00,113.89025787979934,77.78408535067243,182.578710779591,2.7278619740069736,0
2026-01-02 03:04:00,116.06604459707238,59.198589915500605,168.77929319101025,5.278271917814571,0
2026-01-02 03:05:00,91.89903253996613,54.17853089185013,199.436085228437,6.163740556564929,0
2026-01-02 03:06:00,82.11112918342401,28.7783734500384,199.83890728206035,9.109718946727899,0
2026-01-02 03:07:00,97.10930394728729,59.20104484492993,213.31403985660734,2.7570906088016764,0
2026-01-02 03:08:00,109.0950653394847,67.74881712035669,274.55418693543595,6.673534289857027,0
2026-01-02 03:09:00,168.94538294347097,79.06432089029772,179.63555094878618,5.999175172172565,0
2026-01-02 03:10:00,142.96899781163404,55.0887947828855,231.59432687787654,4.184935785217765,0
2026-01-02 03:11:00,114.68544231954249,60.99602156492019,271.33652080751006,4.7382578098930095,0
2026-01-02 03:12:00,68.7187873951552,64.93251835052044,210.13615930741042,7.024191489612864,0
2026-01-02 03:13:00,146.0338744531378,75.50317178554167,133.4295127679843,0.7866218448243005,0
2026-01-02 03:14:00,49.56175327317971,64.33817817003401,241.7476103531301,5.157455705481188,0
2026-01-02 03:15:00,142.19534817816287,40.2964258965925,225.03793787879815,7.507454082186823,0
2026-01-02 03:16:00,78.08877626628347,53.41547374753616,242.92984498285625,7.307357797983471,0
2026-01-02 03:17:00,107.05408363127198,74.3119198358583,258.9211218260626,4.202962502566068,0
2026-01-02 03:18:00,144.7350936513741,75.29729708856223,148.10695017798633,7.432328302336009,0
2026-01-02 03:19:00,134.85751979119485,61.60155664973463,219.56005028034758,6.951420864273773,0
2026-01-02 03:20:00,78.88962504401282,47.750142576205626,166.95150997123687,6.920472652697405,0
2026-01-02 03:21:00,136.15683746019397,84.41301386422127,156.52302136741972,3.4263273779338164,0
2026-01-02 03:22:00,210.48131202438603,50.95948633378796,200.99891375187866,0.9853354445084976,0
2026-01-02 03:23:00,8.720238238716902,70.74060436210462,294.29304230696056,5.904262391578237,0
2026-01-02 03:24:00,53.22123567304698,77.3116978351854,170.0363476910028,7.540949589006396,0
2026-01-02 03:25:00,132.83828844927922,60.62611764865031,158.4850946627743,6.5825961550789085,0
2026-01-02 03:26:00,41.04495004990048,80.59435666315537,246.6762022137898,-2.544410303415612,0
2026-01-02 03:27:00,148.49866886405724,56.341343143737404,244.78254762185819,6.868472387689199,0
2026-01-02 03:28:00,82.47264764376126,59.67437953976867,275.8335353204628,4.736796707562989,0
2026-01-02 03:29:00,155.21987943216612,52.804364021678026,308.90646577305205,6.944604733457428,0
2026-01-02 03:30:00,102.26803945419898,71.28553741313362,136.60929437623238,-1.9216281431090838,0
2026-01-02 03:31:00,121.94211168604173,55.7864313157701,197.59815022743624,5.411658472878348,0
2026-01-02 03:32:00,125.29939123283434,45.42840255396452,154.329938890289,1.8699861842046173,0
2026-01-02 03:33:00,193.73014372308887,54.759696164218994,220.4991831535602,4.6366390058121825,0
2026-01-02 03:34:00,112.99233401036128,38.99126947897734,231.8067202607559,10.474749323834466,0
2026-01-02 03:35:00,112.24803472186275,71.98224162045717,240.18609438123488,6.473965166665668,0
2026-01-02 03:36:00,35.256617483116386,81.89107064689398,246.2230599991405,4.78165114190383,0
2026-01-02 03:37:00,91.42827513624565,73.36829716381673,195.33235095410146,8.724790608357491,0
2026-01-02 03:38:00,127.9508766036076,49.70243300384851,159.76546358915925,4.125668936431479,0
2026-01-02 03:39:00,0.5593692615683494,35.39629514965479,217.02634870124712,1.115848806669998,0
2026-01-02 03:40:00,97.1018725316577,66.51972631315948,272.36821481261313,8.231211544336915,0
2026-01-02 03:41:00,110.54433210899428,52.65261324978015,188.63400651741512,6.210887823366294,0
2026-01-02 03:42:00,75.82145675403764,63.622725096669654,176.30530286024276,2.7941941195086484,0
2026-01-02 03:43:00,20.824647967996853,31.226057477694702,232.92481031254326,6.5300304472120265,0
2026-01-02 03:44:00,105.02585790849056,50.26760334896974,158.15632611862594,3.8892289534544418,0
2026-01-02 03:45:00,150.9180476753514,81.57336343396359,192.70565926694957,5.441787402916192,0
2026-01-02 03:46:00,146.86633426689488,56.14366219482799,196.32712947138404,9.934751955769471,0
2026-01-02 03:47:00,92.73549104803554,82.1766257427416,209.61723856793262,5.86149809641661,0
2026-01-02 03:48:00,102.03359005677109,58.29345888636633,217.3225678515922,6.274929918030439,0
2026-01-02 03:49:00,94.22156724552903,62.949915187891314,142.3646407847093,3.2527073029287976,0
2026-01-02 03:50:00,115.64828829040466,37.38797950078141,151.5543860303609,3.259502308200021,0
2026-01-02 03:51:00,83.12950434611209,64.00413304845222,218.37122930908015,9.502152394213754,0
2026-01-02 03:52:00,34.11820732046323,47.10077705305562,149.7598450942467,0.9123168329060585,0
2026-01-02 03:53:00,106.77030575645091,61.448247006743955,183.59064917424655,3.9072062845873825,0
2026-01-02 03:54:00,121.91594527906577,60.00992100871771,186.60990970327464,1.4210483855598737,0
2026-01-02 03:55:00,177.8390402810512,81.67156142194878,89.15657176511158,5.926629917059765,0
2026-01-02 03:56:00,190.1004840632209,33.182008468393946,210.91007336283985,9.021287188388483,0
2026-01-02 03:57:00,60.88709118847975,67.5848938813761,187.87724660941555,7.3791638841133205,0
2026-01-02 03:58:00,89.49854986490794,53.1942249978653,172.61323444810623,6.1933655756037265,0
2026-01-02 03:59:00,120.5854827941746,60.03900405482531,186.5555379288311,4.3178985378334565,0
2026-01-02 04:00:00,141.9158287433804,98.0443655197613,153.31241313354138,5.019078876581025,1
2026-01-02 04:01:00,178.47743909481667,79.34851712481381,179.06806526024914,1.7851133839569275,0
2026-01-02 04:02:00,92.73392514377355,55.647305916772495,214.527201274123,5.265167311765112,0
2026-01-02 04:03:00,50.94051011441226,60.74255716932583,184.17734616817395,-1.012057601714477,0
2026-01-02 04:04:00,118.7308421133091,60.11446722244102,241.15166808069773,4.101726910113339,0
2026-01-02 04:05:00,3.2666290676857415,43.57574854770619,210.4057114432316,2.5772453448106267,0
2026-01-02 04:06:00,149.75182690997113,76.27108786563531,161.93766981779905,3.3236913251631512,0
2026-01-02 04:07:00,55.019355808262866,58.020689090453395,183.11710392521377,7.461693404836282,0
2026-01-02 04:08:00,-1.5542855047172992,64.57475559747647,202.95404432735216,8.544199059600352,0
2026-01-02 04:09:00,169.60340478658202,46.62968838642823,260.5807461702995,8.121442679019205,0
2026-01-02 04:10:00,99.47786436588011,66.65730098501919,216.04351196030254,3.2483462502994307,0
2026-01-02 04:11:00,70.4850224739764,56.046802375814146,269.0287353569034,6.496817752849235,0
2026-01-02 04:12:00,63.205244627968625,74.64149117785776,114.34764754916591,-0.07793570869137767,0
2026-01-02 04:13:00,154.86265843095404,67.88830545696975,222.89829248569373,2.2557465078508834,0
2026-01-02 04:14:00,165.55139972069566,58.46530625637155,298.38868960385605,8.235319660537606,0
2026-01-02 04:15:00,84.50038556724984,59.22520717854006,238.8609823860669,8.476373043375446,0
2026-01-02 04:16:00,147.49219567338628,62.74866593123496,182.87536247919195,5.501556539763264,0
2026-01-02 04:17:00,184.62394900691112,55.97296650214218,221.1626308327358,1.789130124593676,0
2026-01-02 04:18:00,109.5381141444944,48.00055562605853,138.54936408183667,1.9922484560270077,0
2026-01-02 04:19:00,49.69830551460983,37.37841510218321,163.96361656223382,6.0404889489237705,0
2026-01-02 04:20:00,135.05639553590615,80.5590072188456,240.61600193539758,2.050264115713935,0
2026-01-02 04:21:00,153.19126583170183,65.26061462442506,257.16869595300886,3.2694052034589753,0
2026-01-02 04:22:00,186.47463497956306,43.892378153122,169.05452950209343,9.912260979104946,0
2026-01-02 04:23:00,35.663302043463105,73.5063463284734,206.50540632183035,4.779853355260093,0
2026-01-02 04:24:00,102.02660609157496,60.760627689460755,237.62244037665204,0.7608252178335881,0
2026-01-02 04:25:00,195.05020883399274,45.012007421720675,199.941885556871,1.7217988906630532,0
2026-01-02 04:26:00,59.640473629823305,69.0404104554909,186.5100119144696,1.102915245331392,0
2026-01-02 04:27:00,100.24919690084147,39.10613759184203,212.30823488145634,7.909118903764647,0
2026-01-02 04:28:00,212.64634319027036,49.24784803455718,178.86273837324129,3.4226456081435983,0
2026-01-02 04:29:00,152.41276468595382,50.98839968036115,242.2934278345905,5.274488693731011,0
2026-01-02 04:30:00,75.63099242981106,58.40116670152476,172.58137991108535,6.0326929240430704,0
2026-01-02 04:31:00,58.70423111035751,49.18549980753949,231.00126520647245,7.333257527625421,0
2026-01-02 04:32:00,72.72935917909102,65.45531883306836,153.5900366984152,4.9734465792736975,0
2026-01-02 04:33:00,59.71299051455085,59.3841507492375,204.8259089775395,0.6890788221677999,0
2026-01-02 04:34:00,80.82091160090243,57.56947571955876,168.8050432752587,5.320116277316635,0
2026-01-02 04:35:00,58.62583435580531,74.33615968125977,237.83417152252443,4.379182933866712,0
2026-01-02 04:36:00,37.93700162426732,61.905497438078484,162.07583016087938,0.47181573095019846,0
2026-01-02 04:37:00,162.35056444098421,83.85540467535347,205.19343868477486,8.01744825881473,0
2026-01-02 04:38:00,103.39640558299249,68.62334575577843,172.53990431069988,6.0512785587875095,0
2026-01-02 04:39:00,78.61782348415358,40.5624178974293,210.1459413171292,6.599904883215025,0
2026-01-02 04:40:00,89.38567303552058,71.76528324302714,237.31205741390437,8.852780346383732,0
2026-01-02 04:41:00,59.773864287369854,74.67070006197511,160.40605098106016,4.583210572156943,0
2026-01-02 04:42:00,71.22604713921288,42.18795449363073,229.65725070190973,1.5409674463072172,0
2026-01-02 04:43:00,30.192926714131957,56.58715092899409,273.6413742104782,7.04960338026569,0
2026-01-02 04:44:00,38.801090827793104,44.969453526327264,266.5645921092708,3.412610368194505,0
2026-01-02 04:45:00,40.317397435580425,45.078207834716494,273.4853255069489,2.329895971060632,0
2026-01-02 04:46:00,143.82810048988893,73.19248568590433,187.3578794124803,3.7831720061005614,0
2026-01-02 04:47:00,60.13619378216181,39.48207254965125,204.78854881837952,5.766794274285874,0
2026-01-02 04:48:00,130.53420460546644,36.40202454584748,233.69404286131655,4.165148710267932,0
2026-01-02 04:49:00,25.75128968747032,41.855435800320684,220.665598064746,7.8411037976561095,0
2026-01-02 04:50:00,50.527514312259704,65.34505594148534,294.12325888257885,4.176330621174223,0
2026-01-02 04:51:00,120.16031910856711,70.77673002009843,124.02027152950023,6.835191936074311,0
2026-01-02 04:52:00,146.68553934302008,61.55641173673569,173.51216180305363,8.424089269977706,0
2026-01-02 04:53:00,112.2937041626336,72.62995744282227,206.2662173293953,7.105222035066988,0
2026-01-02 04:54:00,131.84330458211616,81.53366408667101,217.9047820652578,3.7740756415250054,0
2026-01-02 04:55:00,153.66488197793626,27.79804294315211,223.1122559452101,7.027248734781233,0
2026-01-02 04:56:00,110.7470521975261,55.440126146920775,239.91211861467207,9.982665119294044,0
2026-01-02 04:57:00,77.49165483979858,67.99964730254459,181.81029984275168,3.776856016520693,0
2026-01-02 04:58:00,259.03220046294393,61.76974440289925,232.87548812657536,2.9499455286514067,1
2026-01-02 04:59:00,71.55574645500914,62.205015448170414,115.76386607436848,6.194378530151416,0
2026-01-02 05:00:00,38.65271497303421,58.4149768774021,279.5960518608513,6.847284461935335,0
2026-01-02 05:01:00,130.23179861557693,46.29473519469042,277.5656762626416,2.772411056538063,0
2026-01-02 05:02:00,161.36595819968662,53.74650065402253,178.43735458287537,7.19913888731408,0
2026-01-02 05:03:00,138.45166375550633,60.0308105922073,251.53682899309672,6.4980260657763225,0
2026-01-02 05:04:00,51.03140942440441,47.62212235046916,156.19554971091833,7.010514016249075,0
2026-01-02 05:05:00,145.44756467264165,69.86954792508334,167.93146331532884,5.425124254311131,0
2026-01-02 05:06:00,82.53850588324268,43.55515908326638,179.70360435884797,6.885143298510362,0
2026-01-02 05:07:00,82.34096474106312,62.47262546087055,182.5031636053593,7.711412245798847,0
2026-01-02 05:08:00,217.95031105743038,55.07923928908508,188.9523510120939,2.9684561055234258,0
2026-01-02 05:09:00,88.82222462172466,68.42409574753967,184.90021920536736,6.704769842158395,0
2026-01-02 05:10:00,117.62065619286633,51.06034440383003,228.6165188679561,4.288293821928502,0
2026-01-02 05:11:00,68.05027730588559,62.725036480650786,218.06539967883572,6.83757758493959,0
2026-01-02 05:12:00,109.92142193377755,61.315293496189135,234.24231416095836,7.802726124729503,0
2026-01-02 05:13:00,110.23483025259901,61.46442937556199,137.44548617006865,1.7765850389679452,0
2026-01-02 05:14:00,118.04828379114737,45.74012495639482,80.17337392265142,7.295404606531882,0
2026-01-02 05:15:00,191.95518913715142,63.501701557993655,176.20875214393277,3.6100382287064843,0
2026-01-02 05:16:00,96.47961550475533,64.42187120293919,302.7834891202707,3.7812140131114367,0
2026-01-02 05:17:00,49.47197008821196,72.81694211846062,205.8954853170913,0.8546178334604608,0
2026-01-02 05:18:00,161.67157579527714,53.33620351822139,137.00755234213625,4.409095134358437,0
2026-01-02 05:19:00,70.77491609630016,45.91561259018611,247.53431054455888,8.0077192381742,0
2026-01-02 05:20:00,116.92929685225191,85.89061843783861,207.33024126572897,6.141787585104474,0
2026-01-02 05:21:00,53.36509939662813,61.49383521046451,194.15589207600124,2.4185908071298696,0
2026-01-02 05:22:00,127.45343099316764,46.305948436998975,193.61641037644398,7.702709883745063,0
2026-01-02 05:23:00,137.90130204609397,46.516955372910566,208.90366733371252,1.8067850153347633,0
2026-01-02 05:24:00,116.86710274858501,37.4109141155476,200.73727422633164,6.365924800729347,0
2026-01-02 05:25:00,91.17932913106219,84.32919876609748,253.99739920927763,6.118348006102716,0
2026-01-02 05:26:00,115.7636600337924,75.10654890861062,169.8139426153976,-1.3330914981514876,0
2026-01-02 05:27:00,183.945791510969,61.457374454769486,188.13132966484687,5.975750448765786,0
2026-01-02 05:28:00,181.14916914036195,62.22051608587075,204.0254891354665,9.010717255874653,0
2026-01-02 05:29:00,65.26910823724901,71.80513472377314,142.9813872109867,6.32039588432319,0
2026-01-02 05:30:00,117.54099533482079,82.87653334373759,239.3616925860732,5.914368805764536,0
2026-01-02 05:31:00,59.75071331853303,34.537835441513025,177.54046323245757,1.625972388118372,0
2026-01-02 05:32:00,96.75399628702769,47.816365760074035,195.8475701017468,9.846425363037136,0
2026-01-02 05:33:00,75.59371206705654,41.14110012374222,168.95263240616038,1.1460723435328388,0
2026-01-02 05:34:00,111.01660455663124,23.556507274648723,262.20452091575726,8.876864521012202,0
2026-01-02 05:35:00,67.94277059899501,54.434282402439386,256.05063513502586,10.133722550039355,0
2026-01-02 05:36:00,-3.9471808344859483,47.35548097135721,225.56840074782139,6.385916201357801,0
2026-01-02 05:37:00,99.45479835852886,73.03799852971768,154.39762559482273,6.218092998650887,0
2026-01-02 05:38:00,288.35080479894174,60.029239244105824,160.3979812258008,8.16531232102089,1
2026-01-02 05:39:00,12.918257328394276,52.370554226516724,140.14714137356967,0.316128781077083,0
2026-01-02 05:40:00,141.25249558751602,49.25777320905493,175.01801580433354,6.927188177141449,0
2026-01-02 05:41:00,47.78321476795986,59.399593970961774,236.21109042053558,2.8126245736531312,0
2026-01-02 05:42:00,150.4623424809194,61.451091271333716,144.13163522115025,8.375642118923327,0
2026-01-02 05:43:00,140.7030197700479,79.30082056119122,199.24713691316245,1.237550263886014,0
2026-01-02 05:44:00,89.58715204493149,49.01626993312869,171.45107052868337,7.297951469090444,0
2026-01-02 05:45:00,96.15390427617696,60.7718183595995,189.47117422914607,10.248294595976684,0
2026-01-02 05:46:00,223.60874810342443,55.226254112166316,191.38490323313482,5.693470826270644,0
2026-01-02 05:47:00,69.24734270827864,95.55408909054849,174.9552918709991,10.310167255959888,1
2026-01-02 05:48:00,109.77672196048407,58.120325350400385,116.17232365399065,6.282386397177136,0
2026-01-02 05:49:00,135.1157287137442,58.1929508097775,190.0088459993416,8.486408022768533,0
2026-01-02 05:50:00,89.1091967839888,60.538887858002234,129.61261164542879,3.2442363453052376,0
2026-01-02 05:51:00,15.711796726074652,57.58763954768621,207.39195077259367,7.381893801636529,0
2026-01-02 05:52:00,45.59107532533011,54.74251552211355,220.8391828112149,6.811102607510851,0
2026-01-02 05:53:00,30.180219999999707,48.39416248972537,269.6154681365873,7.416442639551722,0
2026-01-02 05:54:00,130.13509543447734,51.40110191426014,170.13029941595678,3.652330860990043,0
2026-01-02 05:55:00,130.97294607049537,57.34041077036147,233.40092026712625,2.9967625713413364,0
2026-01-02 05:56:00,127.02921828769807,50.90681402353283,181.5630019722642,8.779013913698423,0
2026-01-02 05:57:00,129.7959214754845,62.80773553024907,216.5157476847101,6.093663635748,0
2026-01-02 05:58:00,140.77135777404948,62.69790321027536,251.12398418946486,10.972406580279458,0
2026-01-02 05:59:00,77.75989235864158,64.26732934951127,186.92638953546452,6.483694960451784,0
2026-01-02 06:00:00,75.798570427097,54.96545685712222,220.26044018167656,4.731280826760035,0
2026-01-02 06:01:00,187.94138846618193,78.63684482618365,196.80958593978085,11.602492637806339,0
2026-01-02 06:02:00,185.46424388440613,64.1404124673949,237.79806027182343,5.182351689602953,0
2026-01-02 06:03:00,104.929999982731,61.98420754559654,207.32481131089392,3.0804279592395467,0
2026-01-02 06:04:00,108.5891762631529,53.83651751006788,163.44111473140617,5.071748097718338,0
2026-01-02 06:05:00,124.2335637720359,70.95027578909276,193.698699403344,-0.09990725718155513,0
2026-01-02 06:06:00,110.21368932528166,48.7387984045295,177.50967392331233,5.986085897925203,0
2026-01-02 06:07:00,68.11604051129834,74.45393290211472,194.30880481317553,3.788774111129639,0
2026-01-02 06:08:00,50.31399819226255,59.37223439123686,244.07240782956646,3.9555578727541167,0
2026-01-02 06:09:00,31.098612232810424,30.199724727545682,309.1697252321002,8.316128517196592,0
2026-01-02 06:10:00,71.77670690438782,53.83831041050021,229.848080144598,2.2838385352042936,0
2026-01-02 06:11:00,124.95899051108165,82.7639074181531,171.25241519462074,2.9557213257658557,0
2026-01-02 06:12:00,118.26305935855714,52.54753197916048,230.27233674137398,3.219703569523708,0
2026-01-02 06:13:00,95.85397449104482,60.107034165420835,227.51884273915203,3.690653214858324,0
2026-01-02 06:14:00,128.96805145106384,68.48165637921737,192.5338443539288,0.372905840934882,0
2026-01-02 06:15:00,59.61221123793919,64.61746782791366,215.77129854318073,5.815712665219828,0
2026-01-02 06:16:00,171.8515754652542,63.3531589485388,144.85278675422336,4.689909422382904,0
2026-01-02 06:17:00,176.58952053549578,45.46210933586462,226.22727283452693,0.26542125051241783,0
2026-01-02 06:18:00,148.12864690023827,48.655352930116166,298.37596290481,4.475390182496152,0
2026-01-02 06:19:00,50.87859247512414,68.2347629772147,243.7551628241934,3.46847394590229,0
2026-01-02 06:20:00,48.90016798904858,61.99381146817102,135.83924825826946,0.9045224910553271,0
2026-01-02 06:21:00,159.36451691123418,43.0645852251987,160.20834716962483,4.718828042410037,0
2026-01-02 06:22:00,130.28739950704696,76.22921727762339,161.1102961126143,2.608574126936065,0
2026-01-02 06:23:00,174.38429029970007,33.09452827004564,198.73102617048227,4.720179433738526,0
2026-01-02 06:24:00,30.94335965999477,33.78639914287944,153.91035445851236,3.6091611673126547,0
2026-01-02 06:25:00,23.4943178946355,53.59604306356121,250.7975921902223,6.378193252057458,0
2026-01-02 06:26:00,72.54170196105896,61.4825559161364,194.2817889287678,3.379442599903684,0
2026-01-02 06:27:00,35.48785856427729,50.64841301542861,189.9364193237689,3.3681365920897806,0
2026-01-02 06:28:00,67.19081043127738,65.55316203275247,193.74510149146084,1.0584288229865466,0
2026-01-02 06:29:00,25.22172714303028,98.7991539943601,146.2093804699635,4.543975027072787,1
2026-01-02 06:30:00,52.176952704994214,76.27476426281072,238.9959282387136,9.815412463442364,0
2026-01-02 06:31:00,166.8545736492227,35.92177942233583,155.84165984763277,7.947796458514302,0
2026-01-02 06:32:00,64.214315274498,64.33900026735331,131.9987588828663,6.942604764681768,0
2026-01-02 06:33:00,49.457788779235244,53.70019606003193,226.43469967576425,7.529491690307135,0
2026-01-02 06:34:00,191.39974917963653,32.07885794495829,213.29336952839995,4.880694182713793,0
2026-01-02 06:35:00,27.74563047816531,56.045189349109016,162.8526828388795,6.908176930089152,0
2026-01-02 06:36:00,135.0400269699104,37.430078036934276,195.70266088743955,5.792401265680965,0
2026-01-02 06:37:00,41.13523793395055,52.556992087239024,204.72545425545368,3.553832989127858,0
2026-01-02 06:38:00,178.8343134095149,72.82001293300159,186.0110209950666,3.077415537073565,0
2026-01-02 06:39:00,115.67374878603201,38.835902966628325,220.6976416750847,3.6344542871580807,0
2026-01-02 06:40:00,137.07847617615815,67.6277886778341,201.61307957923162,8.423395289896893,0
2026-01-02 06:41:00,93.56854271657062,98.890947801717,207.11308182945118,7.9375850271928305,1
2026-01-02 06:42:00,70.96230546836931,42.06226457106861,198.13218042798414,5.14277292711803,0
2026-01-02 06:43:00,16.84126176855385,48.73767700142086,231.78487648466668,7.627509052517521,0
2026-01-02 06:44:00,47.29531666046144,70.271512700545,212.70600073879532,2.1099737592247876,0
2026-01-02 06:45:00,137.55284051403163,35.948103831835965,279.855529913572,5.671753647292562,0
2026-01-02 06:46:00,106.41244197456743,64.95798422377877,203.67923982803592,6.8210976154235805,0
2026-01-02 06:47:00,88.7547183821326,64.13377288819838,229.88406025616672,4.532379955974259,0
2026-01-02 06:48:00,93.39838150172064,29.728111250119913,221.83320347176553,5.291359640379413,0
2026-01-02 06:49:00,90.79991817359549,88.20245926332636,227.32192881483286,7.020465311984523,0
2026-01-02 06:50:00,107.12174324740101,107.29361012532635,250.6937051108989,7.371518875885871,1
2026-01-02 06:51:00,88.66342945110577,71.40982851856481,186.70528674284208,3.4802454271873158,0
2026-01-02 06:52:00,55.87116582965312,79.47628530297632,112.66168933724794,4.2443829936281565,0
2026-01-02 06:53:00,38.03334838488405,63.93917851700819,247.11945036032924,5.914858702181746,0
2026-01-02 06:54:00,169.76273980044323,76.40530172316384,175.55515390738648,3.4343579308168546,0
2026-01-02 06:55:00,163.81205752286587,62.87848626076991,281.10616399494785,6.228575929955422,0
2026-01-02 06:56:00,68.40195415892262,66.88284310478215,152.03507771353765,2.716871763865261,0
2026-01-02 06:57:00,101.61286476868733,58.88398734472671,240.97672577618783,7.712743475834064,0
2026-01-02 06:58:00,135.04460579794357,46.44010429008969,157.95840477743053,7.2574843931980695,0
2026-01-02 06:59:00,83.15144542556106,81.26219996311733,223.88387152644515,3.89854264509953,0
2026-01-02 07:00:00,120.11651942945315,64.4533247795156,159.04298226788103,-0.9036090178961276,0
2026-01-02 07:01:00,79.69778817992335,41.66689072655117,189.98519880511634,1.8472527480108631,0
2026-01-02 07:02:00,95.3952402348214,58.73917324696168,211.45559281706292,8.517419901207626,0
2026-01-02 07:03:00,61.46588002226056,78.42696162841261,169.44974510689946,3.250013076688022,0
2026-01-02 07:04:00,28.714496582744204,91.51801296989734,185.3759395421058,0.13738409343076263,1
2026-01-02 07:05:00,183.44508085093184,53.924517763945886,155.35995036674638,1.7583431765435797,0
2026-01-02 07:06:00,23.85789370897085,46.28838924670932,154.37437197145374,1.849908700705027,0
2026-01-02 07:07:00,6.007888325351033,45.58131140539277,177.41171280188954,3.337050190709715,0
2026-01-02 07:08:00,72.67624915558034,59.45382345258104,209.2394955714487,7.260737109375853,0
2026-01-02 07:09:00,101.70959739164455,36.11994967028352,222.01993732704145,1.412544568578113,0
2026-01-02 07:10:00,122.24492831092134,84.48497148112946,171.77741168239723,7.663322253229639,0
2026-01-02 07:11:00,80.07722732196403,68.84703100304499,171.29950565971959,-0.015854435132675704,0
2026-01-02 07:12:00,117.37051876979649,56.9834730138104,171.7240080066063,5.2878187043865434,0
2026-01-02 07:13:00,29.059962742405006,42.92435492166942,228.39470093781347,10.42599121221577,0
2026-01-02 07:14:00,159.7886831709277,55.092425027851654,225.6841206946239,6.620996014254336,0
2026-01-02 07:15:00,190.36504164076229,68.77390887051774,175.01764270521318,5.767258481356498,0
2026-01-02 07:16:00,34.66065673838867,83.78206666668055,230.02492681603616,9.431386035172316,0
2026-01-02 07:17:00,141.6316986223213,57.3991601189209,236.3552150996514,6.661271450531867,0
2026-01-02 07:18:00,109.58583560267813,85.4175190246194,172.7497844762901,3.2835208125660498,0
2026-01-02 07:19:00,138.256917080151,68.68111814905822,154.19326212223433,5.297301537891856,0
2026-01-02 07:20:00,91.66575446819449,51.09459698239077,221.58656182967636,10.16312359311578,0
2026-01-02 07:21:00,117.42763662155929,82.45398470770388,214.51275041319778,2.0029694395078086,0
2026-01-02 07:22:00,144.94436085230063,81.2047134343351,154.07719237592943,5.756871669704386,0
2026-01-02 07:23:00,112.34955498117945,52.82199802235059,124.77660268040226,7.8771830587933,0
2026-01-02 07:24:00,107.92864671777204,71.41023990340811,245.2351393116264,8.118468484999527,0
2026-01-02 07:25:00,120.60103033913515,46.856534113154524,229.76016133418338,4.4154790486483275,0
2026-01-02 07:26:00,134.18888240017904,59.89664312534459,209.84113098853592,4.14400115137518,0
2026-01-02 07:27:00,86.29351245920161,65.01934912039428,260.9364575855462,3.504578792013696,0
2026-01-02 07:28:00,219.07544051822185,71.03620959499875,171.27991917156896,8.652492997171848,0
2026-01-02 07:29:00,51.61802351073268,80.31407137901246,162.4067957751099,4.175818884392273,0
2026-01-02 07:30:00,72.56704908476962,58.97908415245661,265.8595609704691,3.2006859184963936,0
2026-01-02 07:31:00,217.97968905346295,48.0604942601061,278.99728257836097,6.545606007783393,0
2026-01-02 07:32:00,34.50756924057255,68.46334419063004,164.6705630323632,1.673970805450507,0
2026-01-02 07:33:00,97.26394681910834,54.5791639207507,218.59314467559813,4.079615254016016,0
2026-01-02 07:34:00,128.18875558675197,36.24549511049305,263.8478707804908,6.772180950072192,0
2026-01-02 07:35:00,76.16868327078134,68.44813582293227,239.66712993627013,-0.2859175835330614,0
2026-01-02 07:36:00,159.92768533729017,60.96795694192467,231.89261325701432,5.929073395989345,0
2026-01-02 07:37:00,125.91952312263032,84.82935753547972,233.8594875920216,4.284817124927216,0
2026-01-02 07:38:00,26.20570462928599,36.38134660028541,203.25361737347478,4.448285098464915,0
2026-01-02 07:39:00,183.98788691275092,65.85181032430275,211.05243042976994,11.262752208508791,0
2026-01-02 07:40:00,18.4833027186653,53.292355042331025,156.71169626269176,1.6924598720467854,0
2026-01-02 07:41:00,40.01852752866918,43.98162295309098,190.29600913126723,-0.41660978239670854,0
2026-01-02 07:42:00,185.53070622214514,68.57150268493153,200.68196707879056,-0.8619258001142587,0
2026-01-02 07:43:00,123.04898289399962,69.87409707328817,240.2602033719742,1.874069547454368,0
2026-01-02 07:44:00,96.87961006462326,61.82383104970085,214.32358718727767,4.372088042763874,0
2026-01-02 07:45:00,53.24651981677394,50.93667877736301,191.39247897191063,7.2280164473727915,0
2026-01-02 07:46:00,62.831227641951344,46.92329728709022,210.95099455381734,9.169970336582287,0
2026-01-02 07:47:00,66.90612435560729,68.6898094162924,210.3475969147125,5.39643287669504,0
2026-01-02 07:48:00,85.9367786326195,61.058650654084026,173.46790136880838,2.885293783282971,0
2026-01-02 07:49:00,140.41420852755596,52.838726692732955,149.81544635706024,2.5974098475808334,0
2026-01-02 07:50:00,137.74547736493162,67.2798936442349,177.3974708407939,3.5028886105122963,0
2026-01-02 07:51:00,145.15309405790177,60.197908167015136,248.94491186527856,4.374149022582505,0
2026-01-02 07:52:00,135.69255746495776,72.66399671101381,215.4505321142822,4.704523250526387,0
2026-01-02 07:53:00,134.84829957137237,90.7837781552937,231.5145887934734,-0.04402304404087687,1
2026-01-02 07:54:00,64.65119942780231,57.40271854599912,119.2630618445237,6.193275236570863,0
2026-01-02 07:55:00,29.335052441675217,57.33576980905191,214.1021379066779,10.38459062370223,0
2026-01-02 07:56:00,62.40956772736145,58.47205046136407,257.0722148352117,6.523863562228065,0
2026-01-02 07:57:00,103.3837004438946,42.40073258378567,241.04528879358037,6.915243305097152,0
2026-01-02 07:58:00,98.61545773023344,89.85573669366431,200.44397276157702,6.898669456174824,0
2026-01-02 07:59:00,130.65664247664188,79.99201555263,179.35282220898551,2.2809370822549155,0
2026-01-02 08:00:00,146.43515168069374,71.2773584291973,153.30724014241258,8.208344508527135,0
2026-01-02 08:01:00,95.33021270174338,48.737581846566776,264.98593689587364,9.768742767512908,0
2026-01-02 08:02:00,8.43524451761769,74.30992126338032,166.50473120380178,6.31242361919028,0
2026-01-02 08:03:00,137.18179241855628,57.024424466185174,268.24688007752343,9.85828961322227,0
2026-01-02 08:04:00,96.53860758639344,68.55005698681381,205.45426896002718,3.7516997718003564,0
2026-01-02 08:05:00,134.73162162344818,62.805983610742,203.12487946124622,-2.921943536764843,0
2026-01-02 08:06:00,46.12144179531684,78.83756840033945,203.14039653656198,3.6822249233895743,0
2026-01-02 08:07:00,55.731486607077116,49.54942911327682,214.96252848343735,6.608001625468008,0
2026-01-02 08:08:00,144.22446919045092,62.83865125037634,239.84971092696588,1.9112958121145973,0
2026-01-02 08:09:00,81.14220868973241,66.11674375510448,248.22834210515663,2.4384562245271786,0
2026-01-02 08:10:00,95.72866604921435,84.67090459984615,178.21706618454112,1.897299219650098,0
2026-01-02 08:11:00,105.85713279934315,47.667878369906134,237.93363896567962,11.632649573452193,0
2026-01-02 08:12:00,60.61634002266396,50.171817772246555,219.03081701586888,3.5689032046570794,0
2026-01-02 08:13:00,107.22313938214218,58.19315038967988,300.2697004028497,2.8315266162747204,0
2026-01-02 08:14:00,129.32122078066254,41.78196740174281,156.4993781575978,3.407354447795187,0
2026-01-02 08:15:00,20.815172373664097,80.11738977586168,187.40079295578732,5.396128607722524,0
2026-01-02 08:16:00,88.47151869836648,47.763491694363935,197.20306699073876,4.338071722272915,0
2026-01-02 08:17:00,190.73405032712708,72.44934855539891,141.6179609890408,4.210680586344876,0
2026-01-02 08:18:00,128.5782396642303,80.34367265563135,204.15616992378008,1.2640551460846265,0
2026-01-02 08:19:00,97.91640771375248,50.35284935311776,240.09822906865776,8.567772038136141,0
2026-01-02 08:20:00,167.94798981637942,64.41316535059126,112.7177892140333,1.6629280564282625,0
2026-01-02 08:21:00,192.87939465829675,48.04265462612289,136.2404348769912,3.6640664611598552,0
2026-01-02 08:22:00,61.30866398851095,44.032638660250825,177.07216372755695,-3.1353352578471103,0
2026-01-02 08:23:00,163.60717864316223,59.9403177902184,165.19939893736603,5.208834165581162,0
2026-01-02 08:24:00,119.69588709915978,82.21403083160229,179.65759172086916,3.798602588470467,0
2026-01-02 08:25:00,147.3440953104269,52.11384344006953,129.75949059564437,7.661857473156189,0
2026-01-02 08:26:00,158.66908580073152,73.50712337788278,288.0222471670399,7.69614906886733,0
2026-01-02 08:27:00,2.662865104645391,22.523910016800997,163.76994371605755,5.90806169936724,0
2026-01-02 08:28:00,68.09358043215754,66.53501284022374,208.54066239185607,4.032274384726474,0
2026-01-02 08:29:00,151.4209467171189,52.98044791850519,180.6697310927123,3.6131929439934973,0
2026-01-02 08:30:00,81.14575938251403,63.24245804640863,159.8302775930219,4.0585977469600145,0
2026-01-02 08:31:00,28.453544551441766,74.81043671263954,198.78853526302723,11.49377558356479,0
2026-01-02 08:32:00,44.50912141347418,55.010385060516484,238.9297632483739,-0.6157136911167305,0
2026-01-02 08:33:00,82.31821059911417,63.222969161968166,162.0576077696279,4.260533119788833,0
2026-01-02 08:34:00,149.3679550189067,70.5873733394764,236.7775911560756,5.716529874299873,0
2026-01-02 08:35:00,75.27202881337479,67.10928359572469,143.9797653952679,4.920178597407197,0
2026-01-02 08:36:00,148.59162697352292,47.25176356620441,186.25666969169015,10.362151759618955,0
2026-01-02 08:37:00,97.32066206709408,59.23796607276182,255.50771538970065,7.427894147786595,0
2026-01-02 08:38:00,97.78965954853012,62.30150782457335,263.6103718887695,3.574012951659852,0
2026-01-02 08:39:00,181.22858223488555,82.56679532982301,228.6442027555677,4.801488098890633,0
2026-01-02 08:40:00,100.7633106902994,68.98076322463164,275.04111317244804,3.501318220529477,0
2026-01-02 08:41:00,69.62570022576752,52.484670086287935,181.0132553785982,-1.2600515868665187,0
2026-01-02 08:42:00,59.856516934955785,74.87605857849887,258.3712065103839,-2.0022574485630873,0
2026-01-02 08:43:00,85.36527074595782,46.56089125481395,178.82046614976036,0.47535092839948856,0
2026-01-02 08:44:00,138.0685538065195,78.3941602703475,208.633420503606,2.6149986393956706,0
2026-01-02 08:45:00,104.93735317679686,56.10892183640186,256.55948112547435,10.526405805173505,0
2026-01-02 08:46:00,173.3908603290766,57.48276022182788,142.9789322669964,7.191843859740427,0
2026-01-02 08:47:00,106.98890703620336,68.01742347340218,215.77550395693052,3.460737987022971,0
2026-01-02 08:48:00,80.1020549430569,94.61224064984606,241.61919172202343,0.41063819452936556,1
2026-01-02 08:49:00,120.62630928786713,46.82940309106519,214.94594168247585,6.2823970081894025,0
2026-01-02 08:50:00,89.02271655849216,24.058671600205642,242.56903393427172,1.7280758649703105,0
2026-01-02 08:51:00,72.98015384301401,38.64972299807542,193.1183714960971,5.846940737949493,0
2026-01-02 08:52:00,133.13981692002977,70.95899411060654,180.94579797297052,3.940562583542022,0
2026-01-02 08:53:00,65.5812787275706,57.631132607760456,136.954692940771,12.506102381457788,0
2026-01-02 08:54:00,156.7148114200409,44.86777539160075,194.00060685191022,3.7756366183523578,0
2026-01-02 08:55:00,170.76758978805617,70.6554585731522,281.041282124748,7.5383777874888525,0
2026-01-02 08:56:00,168.4934352896268,58.72166741808717,165.7422629254723,8.144952431390774,0
2026-01-02 08:57:00,86.58963045807462,79.58450194887928,269.64480173985163,8.53536576695586,0
2026-01-02 08:58:00,187.72597796463896,58.71576658800112,128.67824528140466,4.319373986345664,0
2026-01-02 08:59:00,86.60504726095581,60.43375593212778,168.73021423819426,0.9330141349017058,0
2026-01-02 09:00:00,142.30764529776133,60.956498179925056,278.1456698762116,3.8696955520239644,0
2026-01-02 09:01:00,219.31519344328058,57.29366731053856,152.75073945089832,5.009825841558627,0
2026-01-02 09:02:00,34.113751666007374,87.80960354968092,195.2074248119049,4.792396992640473,0
2026-01-02 09:03:00,116.04559856605805,67.36516038812576,266.7859825885787,0.837453803867203,0
2026-01-02 09:04:00,74.21763592968469,81.2983092202732,208.5644906677857,3.3852683885538237,0
2026-01-02 09:05:00,157.86207565008343,34.26489104573551,203.9118895022211,5.5835902409005875,0
2026-01-02 09:06:00,80.96278101107725,40.5341634418003,173.3925363254452,4.411575660798727,0
2026-01-02 09:07:00,13.874927549131499,70.09478774583661,164.8740371123805,5.44520885315156,0
2026-01-02 09:08:00,37.41827970361906,93.32066766799178,218.17650306286666,5.89787206567662,1
2026-01-02 09:09:00,44.73613608854298,95.52572172251371,271.60556190248724,1.5650239673049553,1
2026-01-02 09:10:00,67.73626741937989,73.72231598473496,225.24667320795828,3.0414087896403625,0
2026-01-02 09:11:00,160.06760032509362,63.94719020770282,217.1987777923949,0.2790721829971057,0
2026-01-02 09:12:00,57.51080850214715,64.04496138520518,193.72005908554345,10.553357068519796,0
2026-01-02 09:13:00,93.87695091699686,56.16540444492576,305.4554221042407,4.217435841753651,0
2026-01-02 09:14:00,49.06221131991496,66.0812836945612,201.54545504342204,5.227533916590771,0
2026-01-02 09:15:00,178.19319560923552,76.10037138457423,132.02305077637322,4.295761951149105,0
2026-01-02 09:16:00,91.2020340179702,57.01085987705731,199.435385256638,1.8703722329467203,0
2026-01-02 09:17:00,67.79945234102021,58.0220357086278,166.00212197487357,6.485000519770473,0
2026-01-02 09:18:00,130.898642856075,58.874026784899264,196.0428349528765,-1.8326182045422446,0
2026-01-02 09:19:00,51.77112941127327,69.79696492401817,176.88969168928708,6.982250076678501,0
2026-01-02 09:20:00,114.48957375528711,70.17202574728249,127.19570413281106,3.371293377303638,0
2026-01-02 09:21:00,107.24766184694715,41.300689566250384,175.28260170992468,7.308202404747748,0
2026-01-02 09:22:00,101.2449622933151,63.64716763383045,199.3556288953148,3.6972321845921194,0
2026-01-02 09:23:00,63.429991713843,63.66965214414406,166.61111027206178,1.0110795249378004,0
2026-01-02 09:24:00,171.24934548286728,43.281110810626124,156.41753488965014,6.209918385378626,0
2026-01-02 09:25:00,99.84526377013258,63.78575619741148,148.7365158634869,5.96735205279351,0
2026-01-02 09:26:00,189.34989077146582,50.33905871720164,238.35327573884229,8.142116955719267,0
2026-01-02 09:27:00,33.11586366451006,58.503852660923826,206.99703687407458,2.500060305625035,0
2026-01-02 09:28:00,107.26944264809603,59.9922964482048,122.55911559156988,4.699482926599482,0
2026-01-02 09:29:00,55.3509068351489,74.16402809023967,245.5680573754961,2.611773001319948,0
2026-01-02 09:30:00,139.46961120092928,77.09716657485475,181.67982298361247,8.318255441650313,0
2026-01-02 09:31:00,96.01510328983193,66.81213595522524,165.80218802821094,4.496853138112934,0
2026-01-02 09:32:00,145.1055454535056,66.30000758774975,177.44730342827933,7.949190277743882,0
2026-01-02 09:33:00,155.8883527837121,79.67901373826888,184.7816434276707,3.054143187201013,0
2026-01-02 09:34:00,188.54993635148273,71.33919547721389,216.92652369218501,6.826749188507213,0
2026-01-02 09:35:00,162.31327184762517,81.1664122100091,235.01952456564723,6.214383052276363,0
2026-01-02 09:36:00,144.67082221376222,67.83880445063276,218.42748268462225,3.587150008192568,0
2026-01-02 09:37:00,119.07358939271617,72.37534281297802,116.22176847882406,8.01174101933133,0
2026-01-02 09:38:00,89.61220294402963,68.71835448741334,206.45204665765957,6.898090102586464,0
2026-01-02 09:39:00,113.26706134637794,57.80913492015521,215.79749951169262,8.105795421344732,0
2026-01-02 09:40:00,118.53308243986456,53.24365621468211,138.5909835552381,2.931254559966395,0
2026-01-02 09:41:00,95.52122660890832,69.14411234510067,187.21928903500324,5.026182601985936,0
2026-01-02 09:42:00,146.81252680433778,41.4409642802989,204.70437122984205,6.949957696130944,0
2026-01-02 09:43:00,93.53968159865032,70.24379194606273,191.08845955655804,4.943600462172998,0
2026-01-02 09:44:00,154.85615229290158,51.92896204772568,102.92930331911333,2.2084338678087887,0
2026-01-02 09:45:00,24.961150973971215,53.94283954311693,198.57517322674298,3.898864523155413,0
2026-01-02 09:46:00,71.32274816219152,59.18135506538671,148.44969884566345,4.839726361427241,0
2026-01-02 09:47:00,111.85910026790035,67.44919586043883,171.97874939494176,-1.163519320417116,0
2026-01-02 09:48:00,192.192614835873,41.35045696129356,220.50928745487033,2.2582975729564785,0
2026-01-02 09:49:00,150.6400737156195,64.09900606196852,172.30155608138006,7.8939528285026315,0
2026-01-02 09:50:00,123.20974360061224,29.94270214042275,149.75621862086797,5.787458304452775,0
2026-01-02 09:51:00,146.50095274309732,37.12959456618708,187.88104455497503,3.7911359704565144,0
2026-01-02 09:52:00,183.42767803948215,59.62126736787221,180.4404516743759,6.555582877322083,0
2026-01-02 09:53:00,87.38832169215334,77.52566260263657,282.77479241100104,5.942550038630493,0
2026-01-02 09:54:00,98.14285424584286,49.76889094717565,146.70582338895386,4.192077919033182,0
2026-01-02 09:55:00,50.04336891177414,84.90314743341185,187.99844498637117,7.221683726709379,0
2026-01-02 09:56:00,17.25496327437888,79.81338148666123,185.61328828225066,3.11806889145726,0
2026-01-02 09:57:00,111.95413639749887,77.10906400040332,209.36946075381996,10.525247642089147,0
2026-01-02 09:58:00,33.60353465193357,65.66290532466886,158.70223733153614,2.602186768963541,0
2026-01-02 09:59:00,123.85409537601768,69.66176531415118,211.4311191887974,4.256000176644459,0
2026-01-02 10:00:00,126.17342565218561,80.83145966726988,258.5679112090161,7.079615608131302,0
2026-01-02 10:01:00,110.82849032728653,63.63977353322241,197.2228090878234,3.8810803923567483,0
2026-01-02 10:02:00,77.24155412351706,52.95231007455974,177.36559451392327,5.449855400011834,0
2026-01-02 10:03:00,15.063255020787167,50.83791417286667,126.61432242095381,4.306501386933629,0
2026-01-02 10:04:00,83.48871965765532,53.14402086933727,201.06398713661704,4.385758436210302,0
2026-01-02 10:05:00,122.1596429066691,76.63228083844353,203.45516728388554,3.447288015405749,0
2026-01-02 10:06:00,135.2364801964246,58.520927047323774,201.88390548803187,7.200074938518325,0
2026-01-02 10:07:00,126.25428093251011,68.71283761438919,154.5500396160209,15.453350827048432,1
2026-01-02 10:08:00,89.1694658151156,62.9452496872327,257.25480956860133,3.4733337988817365,0
2026-01-02 10:09:00,50.22950780868669,62.85623985142891,215.35547798923042,6.125843637842469,0
2026-01-02 10:10:00,75.13373824271095,44.62698794924752,197.14997369227618,0.6202793606415078,0
2026-01-02 10:11:00,5.041655648755338,63.257452769413376,182.99045018350517,8.565034110492764,0
2026-01-02 10:12:00,31.528036515643805,74.98937045031202,246.49455154244396,9.797278335535637,0
2026-01-02 10:13:00,145.7242691559917,25.437005691481545,306.74435554993966,6.012348918927191,0
2026-01-02 10:14:00,35.6787107306949,62.464070963065176,189.084611252835,6.410399887283141,0
2026-01-02 10:15:00,67.8031671422972,51.291078948530696,212.12674246867647,4.828386789270981,0
2026-01-02 10:16:00,126.81052334357324,46.155584585997154,189.8463049926226,4.371998978548284,0
2026-01-02 10:17:00,-33.98965364670619,62.73603922476228,161.0163043400166,5.202764983485531,0
2026-01-02 10:18:00,17.509277575321832,54.39116510210938,174.86572840733223,3.5750935075166783,0
2026-01-02 10:19:00,137.9160000868332,48.803373950868476,176.94250410065098,4.002364690433199,0
2026-01-02 10:20:00,109.99299546343074,61.35996003453469,176.9977126836149,8.115681034701783,0
2026-01-02 10:21:00,96.16267749041569,67.34879309379716,169.57924952001255,7.352317431402161,0
2026-01-02 10:22:00,101.45664050583198,70.00014636934438,227.46852028344134,1.575714756665663,0
2026-01-02 10:23:00,64.05114224704847,61.495607387860005,180.39585778181703,7.405656664592417,0
2026-01-02 10:24:00,123.2484650684589,47.30377321746714,166.3222048302059,5.007679272229334,0
2026-01-02 10:25:00,95.07353792108604,65.4732734494193,223.63694884345426,3.701102934798757,0
2026-01-02 10:26:00,137.4773314778422,4.788767240378647,121.10639405887247,6.249516789782528,0
2026-01-02 10:27:00,73.18398730925384,56.032979174315706,121.80224352323485,1.4823083049370913,0
2026-01-02 10:28:00,102.28422707460808,62.98587636353141,218.90593610982924,6.912421281417694,0
2026-01-02 10:29:00,80.73072429382013,59.01807084123052,203.74871159950436,3.8082114788901835,0
2026-01-02 10:30:00,35.18366228647169,73.06264567137706,291.3286307677126,3.5105860258465156,0
2026-01-02 10:31:00,101.68737415090118,60.497157871155274,174.38180700629772,4.067091485664687,0
2026-01-02 10:32:00,137.58758021923848,51.23752977136403,202.98958548180275,4.980497758305672,0
2026-01-02 10:33:00,107.57221709703413,71.07714209466712,188.92327124780525,7.872880323967343,0
2026-01-02 10:34:00,83.18121371059007,61.099355551858,224.07562948744197,1.798900607054768,0
2026-01-02 10:35:00,86.1697738711618,52.948358080200286,147.5903161897296,0.44911619763825517,0
2026-01-02 10:36:00,78.14021114427463,42.46516461260296,163.57448779660749,1.8815646777462334,0
2026-01-02 10:37:00,158.6698011997354,91.18252506722114,169.6598738309899,8.615128791982517,1
2026-01-02 10:38:00,16.644441308324488,33.48047574081487,229.25378318582295,4.130177480242185,0
2026-01-02 10:39:00,173.99196566571896,63.71492016179578,183.68376773341393,2.619571227454612,0
2026-01-02 10:40:00,74.91754628876897,40.22722273985036,190.46032486641616,5.881579872451208,0
2026-01-02 10:41:00,80.38078050099446,75.77957054352481,168.86768063867686,0.7465845705672383,0
2026-01-02 10:42:00,185.32194705974604,56.12104244982429,250.36113929587646,5.2636455091037435,0
2026-01-02 10:43:00,19.558934065837946,62.660216953248195,221.53499843904774,0.6319522504570161,0
2026-01-02 10:44:00,51.15548167804237,46.380317148246284,166.1862375136211,4.006149595081369,0
2026-01-02 10:45:00,100.31297242959042,36.56409181049865,184.60265968290514,0.863082211887769,0
2026-01-02 10:46:00,151.88864979176012,59.42952601758145,223.35603518149387,9.611574584495886,0
2026-01-02 10:47:00,196.55172273924705,68.21335589574983,223.06714707272087,5.196376462315138,0
2026-01-02 10:48:00,60.92801571830977,67.66738363201488,220.47748327952826,4.5475945181311985,0
2026-01-02 10:49:00,27.218241673487626,45.10476298586833,205.49564376252167,5.6812236817278805,0
2026-01-02 10:50:00,115.00154825037922,64.48334830161144,135.82394073021817,3.782402936894686,0
2026-01-02 10:51:00,183.162928389526,51.36681414895445,239.4854062126922,5.686839810440798,0
2026-01-02 10:52:00,108.18913472722812,44.62720374759392,171.51878064498658,2.34543524165147,0
2026-01-02 10:53:00,117.6263717275228,82.19702514423217,208.5604534336215,5.598765222194848,0
2026-01-02 10:54:00,108.77940284747702,66.08750073266366,216.48278879744865,5.370346580885867,0
2026-01-02 10:55:00,132.6617868521472,44.23762580491859,225.74842409437767,6.882283692421984,0
2026-01-02 10:56:00,70.40949097731873,61.272970057643356,165.19563081557988,3.436483315437584,0
2026-01-02 10:57:00,-17.323603773570497,64.75713410177922,213.52624961337847,8.851633119356467,0
2026-01-02 10:58:00,96.86997726073427,46.59154018753386,206.59709749701565,1.0937304721492977,0
2026-01-02 10:59:00,105.05568289245078,51.48198550248155,205.03540928265568,3.2598188865841466,0
2026-01-02 11:00:00,176.7806018424597,38.317335713000595,178.8755320255844,0.9038111108541047,0
2026-01-02 11:01:00,124.354766631757,57.54232108887594,221.7100333163192,2.9949831103307756,0
2026-01-02 11:02:00,119.64051115130744,57.301838090605706,205.48334347608036,4.262091831634759,0
2026-01-02 11:03:00,139.73948931064632,59.87125537218479,276.6394929080778,9.022599464135283,0
2026-01-02 11:04:00,130.08428067858574,35.17070876366153,166.07241997972818,5.00216625487425,0
2026-01-02 11:05:00,148.01474750542636,60.10127468139422,207.967996965062,2.8149270189079045,0
2026-01-02 11:06:00,188.3682671027845,69.82438474959751,292.33929018311693,7.162894069076229,0
2026-01-02 11:07:00,163.39841884802496,45.40974111173924,198.94190126810958,4.29312352930761,0
2026-01-02 11:08:00,69.44302801503956,84.22066112062357,113.81948440352411,9.436172413461875,0
2026-01-02 11:09:00,41.874324125929654,76.0725475809576,191.49802529939058,10.85903359982272,0
2026-01-02 11:10:00,-7.509081088366898,47.493032435505626,141.79349395200816,4.926664767581506,0
2026-01-02 11:11:00,92.62139238900802,66.2353210603331,139.7673002479223,0.9993748949558334,0
2026-01-02 11:12:00,186.95748293889932,72.46479310213215,171.38191432110372,3.884369122752008,0
2026-01-02 11:13:00,72.81554641595554,50.051045021689106,185.58544627095287,3.346213849950506,0
2026-01-02 11:14:00,78.47208032850858,51.92607920260373,138.1719469689192,6.858387429551395,0
2026-01-02 11:15:00,189.61596725168837,55.30177866118733,173.7346154800703,1.9271350845248887,0
2026-01-02 11:16:00,194.42530591617566,51.01196884061061,215.19640885116135,4.552330151907039,0
2026-01-02 11:17:00,102.28843287808405,96.04132675447899,214.28997647736546,7.416305048802459,1
2026-01-02 11:18:00,156.48702688092067,54.66105464052683,257.24977958451746,3.9148639798949874,0
2026-01-02 11:19:00,7.270814912266374,74.2692058441562,229.8470603803253,0.612034348911882,0
2026-01-02 11:20:00,50.69591383112393,82.16915425140856,206.46714663495194,7.409488605393852,0
2026-01-02 11:21:00,76.0935133591589,58.13904201994851,208.22558616004022,5.068319847833479,0
2026-01-02 11:22:00,113.61788520797371,59.97555133556916,234.7481491975879,-0.862618713386107,0
2026-01-02 11:23:00,71.5416211542222,76.14688488650427,208.07448430199244,6.218599765788243,0
2026-01-02 11:24:00,147.85678110116913,57.69584478342644,190.56569449989684,5.096516188763385,0
2026-01-02 11:25:00,57.90500949288987,43.6443167178285,153.6250614437932,-0.2841215642251136,0
2026-01-02 11:26:00,130.00578648435496,37.159130802495504,226.81697844787013,2.7186045193608006,0
2026-01-02 11:27:00,72.63920968027374,36.070776548511574,210.16622998875536,11.662475219169943,0
2026-01-02 11:28:00,128.2172138198588,59.41761210392099,222.90005939064451,3.149284007887868,0
2026-01-02 11:29:00,88.00665611039429,58.6264879990361,127.39480850088792,5.279299081577714,0
2026-01-02 11:30:00,138.82547792210295,66.73747602905922,122.62876091164857,3.405158238775867,0
2026-01-02 11:31:00,94.23508531493675,53.06933550931738,274.5820620597376,1.9704494951034501,0
2026-01-02 11:32:00,135.8142839944606,74.11859648337743,279.2137523130598,3.487985835128705,0
2026-01-02 11:33:00,77.87658790890586,55.951959970866966,158.55045255458157,8.793476963869622,0
2026-01-02 11:34:00,186.5793787403024,46.70543533519445,203.79438920509767,6.473503369323824,0
2026-01-02 11:35:00,116.5897737729813,61.054485695614524,259.0307240590483,5.7649742704113605,0
2026-01-02 11:36:00,75.52515459678588,59.30168814917095,231.06311363340154,7.250991513922042,0
2026-01-02 11:37:00,77.24777866828535,84.50937124320886,187.0149213301259,0.5291543463157247,0
2026-01-02 11:38:00,118.19827270605543,47.841794331042394,164.3708518643021,4.15349051505158,0
2026-01-02 11:39:00,124.65347778111769,69.86882814177196,229.44983314724055,3.7202102567748185,0
2026-01-02 11:40:00,130.55381642924522,80.42728526116599,168.56537430249153,-1.922845686339981,0
2026-01-02 11:41:00,55.176668455856145,61.96155128918722,179.7536917206752,7.6877534245960675,0
2026-01-02 11:42:00,126.14225602008695,49.96712547079214,247.1700936940399,4.40901392915837,0
2026-01-02 11:43:00,133.6144104747002,82.82314578645762,200.17961769904795,6.121901025717202,0
2026-01-02 11:44:00,98.8005583091983,45.88975627861135,175.76086803088447,4.195199812362699,0
2026-01-02 11:45:00,147.6591015979513,51.00103702892383,183.6806643561557,5.83899392787504,0
2026-01-02 11:46:00,114.90676335364566,69.76800565417201,223.79115729480566,5.389450086727123,0
2026-01-02 11:47:00,162.29267941758604,50.81159317680603,226.37643712277543,6.694282193461065,0
2026-01-02 11:48:00,131.06871024557742,58.76191886595148,147.03373245608947,7.135134210731253,0
2026-01-02 11:49:00,40.402441302904215,43.602157482279814,174.71782902602155,12.996114989443017,0
2026-01-02 11:50:00,143.32417448388614,62.77829885109563,166.43139815438713,6.582560996468106,0
2026-01-02 11:51:00,80.36576115657536,50.648740718786584,197.88915852377295,5.453734978995155,0
2026-01-02 11:52:00,62.35662998429533,69.65726107569027,167.8947826843726,3.3718454724240408,0
2026-01-02 11:53:00,161.77507940549452,85.77672411290905,200.55873791504845,9.831964141331504,0
2026-01-02 11:54:00,65.80015928689066,67.1579385881214,188.96526125659105,1.5611459900935611,0
2026-01-02 11:55:00,66.70555281938096,65.30074989261317,181.37899577100907,10.945871267864565,0
2026-01-02 11:56:00,-2.801167264378293,58.77342646550455,168.44961288984547,6.766734960188885,0
2026-01-02 11:57:00,-6.674634648426874,44.492302035097616,196.55936830802386,9.707608360915561,0
2026-01-02 11:58:00,103.52723835749117,53.31730319442149,237.2218910078917,5.165892850671847,0
2026-01-02 11:59:00,20.366682656634936,55.901137164250514,231.33042906190667,4.847319497521374,0
2026-01-02 12:00:00,112.1417678513697,71.66952174973325,115.66998691212716,4.028765710886975,0
2026-01-02 12:01:00,161.61996133203758,39.97487550955165,240.89942785887584,6.404173389163039,0
2026-01-02 12:02:00,99.51325269901197,43.79692664240265,177.1800420955691,8.691479403986502,0
2026-01-02 12:03:00,113.95765937339985,73.33569081854147,205.84733346778194,2.0810159831323705,0
2026-01-02 12:04:00,143.06434854436117,41.84802702185192,251.61001128486075,9.432855289473915,0
2026-01-02 12:05:00,135.23379925572726,47.48909944517423,218.3055769291115,4.157760174961192,0
2026-01-02 12:06:00,103.53657433590966,70.26202645729231,264.9844569614146,9.021509195635728,0
2026-01-02 12:07:00,102.2080695291601,41.153784119856624,199.43220587245412,7.894004538834636,0
2026-01-02 12:08:00,159.23101106361918,67.72347185602767,212.48819283181888,4.710438709126559,0
2026-01-02 12:09:00,146.72209723669943,44.35741283883665,165.96329861795175,3.5543051659034837,0
2026-01-02 12:10:00,109.428979420563,55.49718099831937,218.3365191127631,11.500779261948558,0
2026-01-02 12:11:00,72.0774714661537,53.544004890342286,202.38097774389277,4.1072859338553815,0
2026-01-02 12:12:00,83.97369363200079,51.65687844735956,182.4579712608329,2.4592817966864584,0
2026-01-02 12:13:00,142.77531846559148,72.87923306026136,272.377628022782,4.3024650660087165,0
2026-01-02 12:14:00,125.85704592217509,43.203362037028974,210.60623531653687,6.854834365033496,0
2026-01-02 12:15:00,59.62579152365855,43.457419647207686,180.1776835609295,2.8768871710726334,0
2026-01-02 12:16:00,210.33331034206546,60.42554841180677,186.92953480119291,7.033831577635432,0
2026-01-02 12:17:00,194.99489275038889,92.73235868957383,265.7117536260052,5.055490135287668,1
2026-01-02 12:18:00,110.44947481524254,57.601191825143964,270.7146885724253,8.928036614966224,0
2026-01-02 12:19:00,51.562269220398996,71.6053968511744,250.11460965211933,-0.0031469401354824456,0
2026-01-02 12:20:00,94.27854819279607,65.76487963658967,166.9537735472985,9.529193384650402,0
2026-01-02 12:21:00,60.57213526251426,58.681149416990166,191.83790284932996,5.940898976916873,0
2026-01-02 12:22:00,80.77804156050661,58.274518906635244,224.51987531724873,5.2144753142392855,0
2026-01-02 12:23:00,75.24634004388804,71.69656327345328,212.82685537594634,4.048170678721689,0
2026-01-02 12:24:00,43.383240390415715,59.980093744779154,224.70457550774387,1.2964552383213235,0
2026-01-02 12:25:00,122.03255298996521,68.66263024541547,202.99689847276102,10.431130963028416,0
2026-01-02 12:26:00,129.05865529658996,90.8926286564755,146.19063838579535,2.1399609249604117,1
2026-01-02 12:27:00,142.59403899159736,54.17973278408154,166.18929924535877,2.1164195640049677,0
2026-01-02 12:28:00,56.269481604760315,77.30886001131944,238.98437441552167,8.984429365747392,0
2026-01-02 12:29:00,47.85991390068585,82.21798327182023,195.24891602792374,7.307740023788927,0
2026-01-02 12:30:00,52.723109279903106,67.2795406957412,192.97664715593945,6.761015354859719,0
2026-01-02 12:31:00,125.7731151839083,79.03167819341155,230.75605644594108,9.100730462664876,0
2026-01-02 12:32:00,86.1962401423848,52.973624265514395,186.4487759145514,8.350531172032742,0
2026-01-02 12:33:00,84.58765318570563,54.880554371531154,136.49723898862584,4.960187133723554,0
2026-01-02 12:34:00,126.9047672832141,68.47064875502018,167.4401451328324,0.9534324625159432,0
2026-01-02 12:35:00,148.66154789362855,38.90953358660124,249.72148183309073,6.291151564729452,0
2026-01-02 12:36:00,193.99482984464618,61.88720357768806,221.2589894334671,5.86616930807389,0
2026-01-02 12:37:00,86.25974363144775,50.666617150307104,179.6082014553694,9.452387316545384,0
2026-01-02 12:38:00,132.2345939338534,19.232049653382184,151.09737477649452,6.371473194238319,0
2026-01-02 12:39:00,44.85015189097774,78.14421629944601,191.1033851227166,6.918162471092105,0
2026-01-02 12:40:00,150.15395085746871,46.4798119547119,256.0127958081247,4.946629101631139,0
2026-01-02 12:41:00,165.11631794332175,40.914978327845674,247.67473293546016,7.638818001938157,0
2026-01-02 12:42:00,42.513667788984975,34.84513259764027,104.37518089954148,-0.6548377492136703,0
2026-01-02 12:43:00,114.07871906749833,31.390278199554558,254.10316851487568,4.5792966599502085,0
2026-01-02 12:44:00,148.38527602334102,78.48596179464867,231.46846289460197,7.922865131306963,0
2026-01-02 12:45:00,83.00286794717553,58.96713812845813,229.20667202159032,1.5980228316519645,0
2026-01-02 12:46:00,93.39465937621597,67.00282670832618,307.9247634758906,1.972911152237935,0
2026-01-02 12:47:00,98.2473842997206,59.88792781993597,244.5273116369039,6.820583339829287,0
2026-01-02 12:48:00,99.6465862848784,63.27295399912757,207.96111572660544,4.595603936386519,0
2026-01-02 12:49:00,45.51709109675613,77.36312794207322,206.5006881473064,4.5569603504904865,0
2026-01-02 12:50:00,163.7458823140687,50.12369076141975,188.28442331447093,3.738940395594062,0
2026-01-02 12:51:00,87.5211937630159,44.56711149568304,162.80187713913554,4.502278649261073,0
2026-01-02 12:52:00,68.33816294463102,82.59589192524818,210.16087587302587,0.09611944911143411,0
2026-01-02 12:53:00,133.65202668493666,43.97694531450843,201.56719538956293,5.195165829243109,0
2026-01-02 12:54:00,157.58870208212883,55.69177698071688,204.47748438357098,9.36859864603296,0
2026-01-02 12:55:00,112.38952781846935,67.20518115545353,190.07323553939491,3.0169601930022143,0
2026-01-02 12:56:00,83.67902102366139,50.91513424076941,206.37505791854943,7.146549034253318,0
2026-01-02 12:57:00,101.4207936250121,68.3185637172314,209.68590845982752,5.275595739220848,0
2026-01-02 12:58:00,100.47246755616516,38.28940224633096,173.41808176989832,4.703191423407428,0
2026-01-02 12:59:00,163.7522556158084,44.60422242856042,206.24736234645965,6.224591760833462,0
2026-01-02 13:00:00,74.5071792005938,64.27300268856757,128.45100121196631,3.5002329434573625,0
2026-01-02 13:01:00,104.35115089631567,84.45341889296603,189.3720178563096,6.166717611213208,0
2026-01-02 13:02:00,191.47026173672123,75.15781845174148,193.38062343385616,6.82016025735235,0
2026-01-02 13:03:00,80.18492452478486,66.05722226039136,142.1850328314014,4.679838496157369,0
2026-01-02 13:04:00,117.78304699962601,42.369060372563155,239.72277590469076,5.76431011254761,0
2026-01-02 13:05:00,157.10615315853926,59.51537166130796,188.58074453214007,8.563080798108945,0
2026-01-02 13:06:00,151.92480253673574,57.199843183458675,222.19904601799942,0.22459868020179385,0
2026-01-02 13:07:00,131.37247150312774,60.49843752616013,229.86083685910842,4.6026750621619845,0
2026-01-02 13:08:00,64.7706595879076,35.74436232957828,241.60035625453438,4.0405744352344195,0
2026-01-02 13:09:00,97.40044106242131,72.43419491104699,306.6109480782029,7.950912687594618,0
2026-01-02 13:10:00,120.83781077444716,50.98398759459569,261.0447336269715,6.378228633578238,0
2026-01-02 13:11:00,124.0133892349672,80.68074743431885,159.61857371282576,4.4624166213549135,0
2026-01-02 13:12:00,108.0627647928828,25.389565879654647,205.11238538496224,8.827498764567277,0
2026-01-02 13:13:00,118.8323941156468,47.56892621644167,209.10714259115653,8.138740255826562,0
2026-01-02 13:14:00,107.52071168334592,80.04841819493515,218.66213113348098,2.826490906198181,0
2026-01-02 13:15:00,103.47332602945633,68.35904097923937,212.41356368299446,3.0924243353399046,0
2026-01-02 13:16:00,40.2196073433504,41.93361578908095,224.32043144253433,2.535288316881432,0
2026-01-02 13:17:00,131.1663309942418,55.57327100778504,295.2838225165793,6.605466341615908,0
2026-01-02 13:18:00,13.63974328775194,40.9821572657469,162.1457641195876,7.127292856790367,0
2026-01-02 13:19:00,128.6331875486672,82.38412508576745,154.35525026044058,8.611692760027998,0
2026-01-02 13:20:00,-3.236223992864666,58.085340345561335,195.9469123593955,6.580646434411472,0
2026-01-02 13:21:00,88.98819456410372,66.10122525162006,220.38625742747308,5.034985350842308,0
2026-01-02 13:22:00,64.79137481083924,38.55976328822108,199.65128170600553,4.872553881701505,0
2026-01-02 13:23:00,145.69948534981057,69.52751479427765,160.56623347300263,4.822326769141534,0
2026-01-02 13:24:00,71.56398914132875,44.332188162494994,188.44252217682597,4.871711468238029,0
2026-01-02 13:25:00,98.51560023437267,45.109364362777825,159.4692372909814,3.88780244273587,0
2026-01-02 13:26:00,200.3068663847274,71.39140296680618,194.4965178409993,3.6683588141503014,0
2026-01-02 13:27:00,93.85782614788457,54.923493393720214,207.48531869587887,0.9771723987205592,0
2026-01-02 13:28:00,26.893001789616406,57.03343841031834,138.4471650784093,0.285135542889579,0
2026-01-02 13:29:00,102.12349017916014,48.229326779508085,244.01928073873557,5.2944602288988705,0
2026-01-02 13:30:00,-25.21645014218646,95.84962010027434,211.2453266052981,1.2653510995204211,1
2026-01-02 13:31:00,150.1897710591842,60.447464556548205,209.68247594808207,0.061523439637300115,0
2026-01-02 13:32:00,116.70382679414695,68.5421912116081,236.44793470060262,-0.11304122899313462,0
2026-01-02 13:33:00,39.147789764345035,79.21195398825793,165.76601930838171,-0.4463190405274773,0
2026-01-02 13:34:00,127.07211803595203,49.58370199942878,236.15996742143733,3.7228550906949724,0
2026-01-02 13:35:00,35.578709370717306,92.59295673029625,222.2311740580068,1.9492227040527514,1
2026-01-02 13:36:00,131.12253540632543,63.02556890519092,189.8028109767751,2.8169940485944105,0
2026-01-02 13:37:00,76.85505303198573,50.61022724036921,190.02174890533288,5.337067059261546,0
2026-01-02 13:38:00,55.25667350662994,31.781531858981264,148.0011738221811,3.544773426371726,0
2026-01-02 13:39:00,22.1959102068935,43.72734910383302,195.97737702424618,9.70117467382617,0
2026-01-02 13:40:00,93.57716658645808,59.65895209712967,201.7983865338034,4.509007963686714,0
2026-01-02 13:41:00,182.237708756914,28.092262594650993,204.2709656629892,6.149254179621864,0
2026-01-02 13:42:00,157.09231998196628,71.39372191837303,238.48018392586852,2.5312038095905005,0
2026-01-02 13:43:00,-2.697879844674844,62.29718029972182,285.5838820685509,11.214585736717053,0
2026-01-02 13:44:00,14.10018510407724,65.81132277267656,229.9588939373918,8.4174055698103,0
2026-01-02 13:45:00,183.2013615450421,59.86016797089034,177.66588669785534,6.340869337235565,0
2026-01-02 13:46:00,44.695498067190364,43.66439446963905,239.41195361052854,4.197120061344904,0
2026-01-02 13:47:00,63.66672170214585,70.25098161851727,167.93143291178137,7.477893095542786,0
2026-01-02 13:48:00,77.0726773981156,66.00480206728375,256.27995149775495,3.980578269927497,0
2026-01-02 13:49:00,115.04595134155815,54.32048098441728,267.78398439938115,4.436027090399074,0
2026-01-02 13:50:00,64.84294519819566,51.74058953398846,171.59358427667294,5.319595154998908,0
2026-01-02 13:51:00,95.72466777244117,51.38426900864225,113.93153703876366,4.763087469344094,0
2026-01-02 13:52:00,187.60175271406598,41.911587520398214,301.44014825854657,8.232488240017,0
2026-01-02 13:53:00,112.66067775809502,63.37776979010195,258.06608150029416,11.441395102426823,0
2026-01-02 13:54:00,35.28653104924764,74.05814177491654,197.63038622334176,3.6020796358238396,0
2026-01-02 13:55:00,232.233331012843,49.43546153955111,122.29796643389055,2.1754257504259558,0
2026-01-02 13:56:00,184.1961111964126,60.45626544179665,210.87038373200267,8.896630574070532,0
2026-01-02 13:57:00,98.24306219690514,33.217376046226356,175.7103998766945,4.457648070541149,0
2026-01-02 13:58:00,86.58348295510842,45.901592926021976,175.85283543877887,2.836961995372339,0
2026-01-02 13:59:00,35.03433560961943,73.54540671773394,260.972672726135,2.7206320967488327,0
2026-01-02 14:00:00,197.25078018192238,58.345803529971896,161.10327701039586,4.863231301578251,0
2026-01-02 14:01:00,40.09102399983833,62.29122723299139,179.99070438263757,1.7382077456334404,0
2026-01-02 14:02:00,86.33459254817059,60.185934406304476,216.47140352039025,5.061062715645058,0
2026-01-02 14:03:00,22.706648427581186,70.81591971351001,181.97087508127703,2.0314261712963004,0
2026-01-02 14:04:00,105.45807195969292,55.193178691433104,202.53049782690036,6.175903457102421,0
2026-01-02 14:05:00,163.17817215595505,52.89869842706088,192.1443327122084,2.569002133797219,0
2026-01-02 14:06:00,113.34211801364053,53.562145640148216,162.6439324714496,-0.9180954393841905,0
2026-01-02 14:07:00,98.08086987472971,57.437870701451004,177.97831679094227,2.5868528953691436,0
2026-01-02 14:08:00,104.23097772788468,73.74894736276701,173.08218328481422,1.2837228393027384,0
2026-01-02 14:09:00,62.71824657040342,70.93626775192108,209.34921651515435,7.326127645811252,0
2026-01-02 14:10:00,94.46181342042303,80.34799297897023,194.65717704163632,2.1588751118453784,0
2026-01-02 14:11:00,123.97773144023853,77.1287093951124,161.0567100345241,4.580746245893705,0
2026-01-02 14:12:00,116.1405752979461,42.17541785454813,255.04475783321277,7.359603909800662,0
2026-01-02 14:13:00,41.44896197647589,46.69261496612168,216.84167502376656,7.13225260653005,0
2026-01-02 14:14:00,102.29849836167386,45.64202291308469,127.42933281931,12.558294963830065,0
2026-01-02 14:15:00,18.473324076432306,61.638025070795734,238.88888749251424,6.652908315487192,0
2026-01-02 14:16:00,133.9538723855132,40.03904931438596,114.15961635090868,10.70078108728904,0
2026-01-02 14:17:00,100.60245162982848,54.502663811836975,177.65713086469447,7.031113860034154,0
2026-01-02 14:18:00,71.26069827589367,61.26115296234711,224.8958487403934,6.057321909773952,0
2026-01-02 14:19:00,83.46705126507558,55.3408837621972,248.9062165335754,4.531222793237111,0
2026-01-02 14:20:00,70.7471529302765,64.03478443352905,322.61300885920593,3.1180149534472363,0
2026-01-02 14:21:00,127.34180679884116,62.697597243024234,209.35879490136307,2.6564825605390148,0
2026-01-02 14:22:00,-0.376627876412968,62.69389093986451,240.38041046375756,6.8347403855028706,0
2026-01-02 14:23:00,193.45662198281332,55.479698312684825,165.45515385928354,2.398790920289552,0
2026-01-02 14:24:00,135.52369517204096,68.32286292558425,171.23694576033841,7.820071139743067,0
2026-01-02 14:25:00,129.98379153061995,61.36200034037586,96.69797803440746,8.108253858104707,0
2026-01-02 14:26:00,91.08596577740481,63.814079348941746,136.57867438786081,2.70729441492687,0
2026-01-02 14:27:00,101.55813694536194,74.80839575763012,236.46675691146385,10.874478546199267,0
2026-01-02 14:28:00,105.72638555061654,30.30782740349518,205.05369531851008,9.294500086631162,0
2026-01-02 14:29:00,117.48248158324745,57.75453798832872,182.7869632963845,-0.5750704958601318,0
2026-01-02 14:30:00,120.83881930095298,64.32643437938069,223.16114689614292,2.80547713126824,0
2026-01-02 14:31:00,29.47889695966522,46.1472121175521,226.8307867683158,7.370113701742548,0
2026-01-02 14:32:00,85.89470646207643,55.31880521709821,223.41934853250876,1.2091197254249382,0
2026-01-02 14:33:00,160.08337973156486,63.77040099166901,211.17209801522444,3.782413203804195,0
2026-01-02 14:34:00,206.2333177769694,65.10571105628182,229.19117230102503,1.5726774589651882,0
2026-01-02 14:35:00,77.21236610875442,65.92689042469902,168.84163890487133,4.708392131362562,0
2026-01-02 14:36:00,102.4519859093612,87.0344639528521,197.62321759423972,3.7244563913904782,0
2026-01-02 14:37:00,178.7365840072454,66.67715554368327,208.41054620841382,3.5159655336372246,0
2026-01-02 14:38:00,107.60511089759893,57.30309326175325,190.10823965835908,2.534041183189728,0
2026-01-02 14:39:00,180.112357529912,79.0015689580181,216.14149344135097,0.9559266420002821,0
2026-01-02 14:40:00,87.57485607644874,45.40068541086288,170.8876627341617,6.146129332455205,0
2026-01-02 14:41:00,71.3218315821037,72.22499072396893,178.76036914181003,9.235176296183427,0
2026-01-02 14:42:00,130.99438922492365,3.5638841972876065,151.01029960230517,4.141292504732719,0
2026-01-02 14:43:00,124.63943740472502,79.34453743728352,270.82393524859134,5.434409636892251,0
2026-01-02 14:44:00,113.09179155116595,57.07868843866437,158.68877837150612,4.030016663312294,0
2026-01-02 14:45:00,133.02675590236808,60.13521107136219,261.8843093056125,3.930257710478,0
2026-01-02 14:46:00,163.81786568785978,65.67569470191847,179.8580016692868,6.701685328521931,0
2026-01-02 14:47:00,-9.137975168409753,50.826079039840195,178.7524009799529,2.232306470662026,0
2026-01-02 14:48:00,108.6667569540759,66.69871171892277,211.25320595193358,0.9977645387090899,0
2026-01-02 14:49:00,97.51088854542283,58.27366269350415,220.74304860115524,4.550960332667177,0
2026-01-02 14:50:00,137.68129131967999,67.71041194189992,194.85627578014257,9.739194063067181,0
2026-01-02 14:51:00,18.510250683869074,54.20298354041547,175.3249490642218,4.960113696328444,0
2026-01-02 14:52:00,20.74878883924586,72.66710966144822,194.48016451812097,3.8248624568060574,0
2026-01-02 14:53:00,162.27010750365048,66.35541266267549,242.40640708592673,7.810650879674896,0
2026-01-02 14:54:00,160.8065082309738,64.108476736752,220.9242018326351,6.69143297220891,0
2026-01-02 14:55:00,53.52427215266755,83.90184327457976,182.38136665200793,10.57092035112655,0
2026-01-02 14:56:00,66.12695976950202,58.84225689297723,164.55751351534153,8.429587508204797,0
2026-01-02 14:57:00,124.73143630483636,83.03509292558013,252.061546481895,2.97592741142745,0
2026-01-02 14:58:00,72.98481627033185,46.26622564463324,236.16749120944652,9.621017063192085,0
2026-01-02 14:59:00,107.65120597708494,74.47750247219628,172.23244964720794,1.9226700440772455,0
2026-01-02 15:00:00,58.45485847484797,56.96888741533308,204.38695357725803,-1.5008969842749744,0
2026-01-02 15:01:00,187.94623015950455,34.65169542404628,178.85706810096292,9.12713906920034,0
2026-01-02 15:02:00,-10.651571726972023,70.04761735256555,195.85093622857815,6.482395998726517,0
2026-01-02 15:03:00,68.50680960375973,64.75404416405704,165.48347136887983,5.292607613481567,0
2026-01-02 15:04:00,120.54849926893763,74.75110841917017,218.99103371354576,3.6906257962474722,0
2026-01-02 15:05:00,50.54501827611691,74.20397273721554,189.37835118748166,5.283624597652306,0
2026-01-02 15:06:00,42.666811081047996,75.41879805668881,157.13328425273033,7.095011276350464,0
2026-01-02 15:07:00,37.148950012750916,71.71715233249982,190.754768471177,6.756690932714399,0
2026-01-02 15:08:00,111.43753301646126,70.10349329702406,99.05454569618529,7.746477189932623,0
2026-01-02 15:09:00,73.45016339748373,52.30046806660994,216.25890037989592,3.7329408300903184,0
2026-01-02 15:10:00,115.96786283995708,63.1135842903178,161.05017134352994,4.980162360589856,0
2026-01-02 15:11:00,77.5117593056478,57.654109800660244,192.87919850165937,5.4441426978360115,0
2026-01-02 15:12:00,34.411389849895414,71.36837542452315,158.61167018082824,8.503960339898,0
2026-01-02 15:13:00,51.47787430417751,55.620788409606476,129.49594648007556,5.572192326192494,0
2026-01-02 15:14:00,151.29248588146103,47.324957029965674,167.69242507685556,9.92141014551241,0
2026-01-02 15:15:00,53.748660669006185,23.497656252155252,201.36710212733593,8.55628533967378,0
2026-01-02 15:16:00,105.17207869998273,61.40319447207598,253.60259945832973,-3.621835228360583,0
2026-01-02 15:17:00,75.67421185889022,64.29946387586692,186.3868812322181,7.055597908788504,0
2026-01-02 15:18:00,29.379429765222426,68.70153148386011,143.10147180134774,0.6484342153706901,0
2026-01-02 15:19:00,95.17593215318132,55.37563454040655,312.65958718781064,5.218641706788519,0
2026-01-02 15:20:00,160.83837917057818,72.78982207085716,215.03214822957904,6.531619635900368,0
2026-01-02 15:21:00,73.88340076660779,58.88003635320192,166.28077852396734,2.952263770795875,0
2026-01-02 15:22:00,147.58506360225323,63.31180624790929,171.55474739644984,5.6912012845698685,0
2026-01-02 15:23:00,92.0107238260984,48.878109151576865,206.32793104350554,6.364917577640747,0
2026-01-02 15:24:00,75.87778749684125,33.55675850548582,207.19470975573964,3.963818206245935,0
2026-01-02 15:25:00,118.4191701359915,61.17864313995289,187.6947649915602,7.133232591313802,0
2026-01-02 15:26:00,76.35458247917833,49.74206245747176,232.6062809204603,6.794928090268193,0
2026-01-02 15:27:00,43.26626091580425,57.284731282354144,167.57433308910217,2.861286786362044,0
2026-01-02 15:28:00,56.11431058885758,51.81619539003222,236.74271792069231,8.863361763734051,0
2026-01-02 15:29:00,68.36489508159453,49.107366140208995,194.36275994198326,4.446424768060245,0
2026-01-02 15:30:00,182.9027615953728,92.98334382615063,284.4098794077072,6.051169911911263,1
2026-01-02 15:31:00,56.555051317235424,59.981635640699665,272.11854144038307,3.407012139411981,0
2026-01-02 15:32:00,38.746123038735846,34.913968225127036,242.5197804157996,3.2278528085177776,0
2026-01-02 15:33:00,82.13313681977866,83.67253380293884,177.43361661107753,10.168186614648802,0
2026-01-02 15:34:00,133.7382068370412,73.22386972283743,126.34344712218618,5.850557879481351,0
2026-01-02 15:35:00,74.52136317483006,52.905551763464864,271.0695507497127,11.890129244448309,0
2026-01-02 15:36:00,34.37521147075047,56.33131491742819,233.82660545815253,2.9216382979615583,0
2026-01-02 15:37:00,176.86595928494646,54.026448452158014,236.05062231930532,4.650722811613355,0
2026-01-02 15:38:00,171.11506285624662,57.62295560750846,185.74356510598432,-0.7134471947729857,0
2026-01-02 15:39:00,71.07756666084629,45.032283965738884,162.53561129059665,6.128155884799519,0
2026-01-02 15:40:00,140.9044900025577,31.864918894648028,244.77231415450137,5.1529280679744565,0
2026-01-02 15:41:00,142.3199110413965,63.237206938718316,198.19919797467867,11.502210925520213,0
2026-01-02 15:42:00,14.186635559525868,24.610626401787194,127.32827445514116,4.596808425955703,0
2026-01-02 15:43:00,-4.0828316057378515,63.65671064458935,185.45146946241817,0.6383775927406816,0
2026-01-02 15:44:00,-26.618658948241517,56.262118256252734,112.91814824282305,6.880829565023223,0
2026-01-02 15:45:00,122.20004905671792,42.64469281789032,179.9187154565044,4.86123102051009,0
2026-01-02 15:46:00,17.7133623502246,73.30897652850032,247.57571194408985,3.1580656888091982,0
2026-01-02 15:47:00,140.10672216549477,77.17862537237022,198.85113673025933,6.998964451458301,0
2026-01-02 15:48:00,167.70271083856545,58.08159024575329,217.3924482517667,6.985809981245335,0
2026-01-02 15:49:00,154.27468427062664,96.65981996084892,161.21049099786865,4.219321135847017,1
2026-01-02 15:50:00,98.45610044759562,86.38921367074309,136.62050395211318,8.551336477814049,0
2026-01-02 15:51:00,102.79118852201836,64.31473001759093,145.6437685194353,0.7816921646264108,0
2026-01-02 15:52:00,102.11095492631996,81.5379657576852,285.8408304493424,2.0291539262045517,0
2026-01-02 15:53:00,138.7166170135978,45.96436082057907,218.32224027317875,6.748245819072386,0
2026-01-02 15:54:00,110.3286764479798,64.82819343235832,213.6870109469672,1.5520359610420509,0
2026-01-02 15:55:00,116.02977888424365,46.75673373930398,181.86347558339855,2.7252183002003942,0
2026-01-02 15:56:00,114.28397212814315,65.10068672634614,225.12045560473965,9.126701481997507,0
2026-01-02 15:57:00,163.6226627997646,62.349061532720675,185.5892290001048,3.857503615245524,0
2026-01-02 15:58:00,141.00317400866138,28.815097803279766,260.7275032791972,15.350065227749836,1
2026-01-02 15:59:00,166.87857032603043,36.207665343979485,241.0706556413578,1.8999310594727454,0
2026-01-02 16:00:00,111.54979337839265,88.16364929840425,278.3420375226837,7.326306400887226,0
2026-01-02 16:01:00,95.84433475128614,46.513485787970836,205.2022232600551,-0.07629168504371808,0
2026-01-02 16:02:00,81.96132003535982,73.0931583002455,117.62488261418618,1.1936728653264628,0
2026-01-02 16:03:00,94.58738907737643,52.95912847400788,274.89875622762213,5.6380947577656135,0
2026-01-02 16:04:00,53.831887347695385,37.787826150104465,174.7227470477125,5.173979731915021,0
2026-01-02 16:05:00,115.75782096488653,77.38861077631033,258.893512239133,5.501141280992622,0
2026-01-02 16:06:00,81.63064524930564,59.14044281374032,241.95124931554813,6.36462466034683,0
2026-01-02 16:07:00,113.5316260504844,74.0285733397316,214.02498141004995,4.804797441938611,0
2026-01-02 16:08:00,98.95822500123573,59.81185348953749,162.18566537698237,3.518103226625811,0
2026-01-02 16:09:00,50.62222015831701,72.94661991070363,199.82321299102887,4.1903025515037,0
2026-01-02 16:10:00,120.08644644291235,54.90742040411289,181.56955983453483,3.6783758917050724,0
2026-01-02 16:11:00,51.03621815675542,53.65065870737422,257.3653557384415,-0.2122581707193083,0
2026-01-02 16:12:00,123.2094204494629,50.55708804800797,182.4895410511453,4.631114826156011,0
2026-01-02 16:13:00,62.23795442331132,80.51002273044061,216.60368151529823,6.839920577556779,0
2026-01-02 16:14:00,80.36185920487615,55.61694512744092,236.53269124752427,3.5474513902302034,0
2026-01-02 16:15:00,146.52651649676875,54.61195610074899,213.04328153935148,4.6722148166164885,0
2026-01-02 16:16:00,118.77229933791129,47.54705206987664,225.72737360116733,9.193925668820754,0
2026-01-02 16:17:00,92.28012818825651,46.46225858448709,241.95074521939375,6.207922633220858,0
2026-01-02 16:18:00,42.1544921977022,52.28466935151568,213.3094684412455,4.475280295111215,0
2026-01-02 16:19:00,168.93737885841915,52.44538449517523,212.81025482759017,6.477164468505483,0
2026-01-02 16:20:00,107.76055851119312,59.175414185674185,257.81577392838534,1.0575912316885479,0
2026-01-02 16:21:00,206.180397979592,59.80760679659625,146.34826840397133,5.025689596092031,0
2026-01-02 16:22:00,118.66456733611236,40.35703732855035,260.32051257587284,1.6729583431680917,0
2026-01-02 16:23:00,131.90119070775606,91.25169170607347,191.19931854317556,6.408608489926622,1
2026-01-02 16:24:00,123.12176139710579,85.30923344442499,152.801329393138,2.3694770097348354,0
2026-01-02 16:25:00,158.01838722525915,61.264102388849125,178.3943847137587,0.0077455729983118005,0
2026-01-02 16:26:00,36.40556418050884,69.57920808505716,210.55499941160028,7.818583849748671,0
2026-01-02 16:27:00,104.60822036012692,60.99544321795465,226.6233975309834,7.2450625129410895,0
2026-01-02 16:28:00,113.47910032244906,49.01862812810611,251.76940111976026,5.635021255335349,0
2026-01-02 16:29:00,98.78549691013025,54.50560164514147,230.08316762979157,1.7814133613017318,0
2026-01-02 16:30:00,73.32897427221596,56.05808944679491,176.01468812564048,4.786803592296083,0
2026-01-02 16:31:00,52.7838110930535,93.62345351033525,161.8244982985684,7.991138404669127,1
2026-01-02 16:32:00,22.31520962365795,62.31345688850644,253.7197836827977,6.422036217511919,0
2026-01-02 16:33:00,105.16391407764618,55.22138233747676,236.27152520653073,6.962597622941249,0
2026-01-02 16:34:00,76.54840022180014,43.24656593206804,201.87946138203816,7.3447649369322106,0
2026-01-02 16:35:00,111.76322937623017,58.76206724980097,215.116585431397,2.4433618562508044,0
2026-01-02 16:36:00,77.96965502302606,65.28874987951366,158.25989698453668,3.101455980382655,0
2026-01-02 16:37:00,35.455649602421175,70.59238238126053,228.05496571089603,11.067402417431952,0
2026-01-02 16:38:00,126.37498145517465,51.464763808617555,270.1401865646322,0.517191299407453,0
2026-01-02 16:39:00,147.23387024394935,64.39389272025102,186.5284877958023,11.037712622051219,0
2026-01-02 16:40:00,113.41930767521492,70.49189241698903,245.83434539502548,9.984433902296479,0
2026-01-02 16:41:00,123.460985389956,69.09397424320008,239.50226087643568,5.657461002266251,0
2026-01-02 16:42:00,108.99087629982726,36.57221266075561,209.72124980129803,6.287595160991778,0
2026-01-02 16:43:00,89.65353058507323,66.9880118509957,101.73546731793344,7.69232101263959,0
2026-01-02 16:44:00,124.1737543063667,42.997251202319575,216.2902638760215,8.146807067334333,0
2026-01-02 16:45:00,78.88412010040642,90.73959562631069,220.03194947347018,0.9311888975060914,1
2026-01-02 16:46:00,63.51658839353898,40.75819345124016,154.87529786685064,7.343012557613092,0
2026-01-02 16:47:00,152.6392904045781,54.172587680612835,200.52643905228487,-0.09544434206275909,0
2026-01-02 16:48:00,180.0350186395705,43.01717844295149,197.27965009859733,6.231922060398112,0
2026-01-02 16:49:00,191.7450247275416,79.53474392592278,220.53457505811176,5.9220607611594644,0
2026-01-02 16:50:00,93.47328168597524,79.19443294047313,271.6143172029381,4.70959112028461,0
2026-01-02 16:51:00,131.6437952764008,73.8534128194375,209.61271730747677,6.660368965319721,0
2026-01-02 16:52:00,62.205177229616474,49.77721824278419,177.17778984271013,5.563517696437476,0
2026-01-02 16:53:00,70.63025498863347,66.52337470146452,166.267098259639,3.674187638984895,0
2026-01-02 16:54:00,51.77300577684369,68.33027510500199,167.974575325278,11.481962217771912,0
2026-01-02 16:55:00,61.33945521758628,54.47075952816238,162.51344004077538,3.1020098427283145,0
2026-01-02 16:56:00,75.0404846742721,52.926467327253775,184.31158009197202,3.141457536935473,0
2026-01-02 16:57:00,129.07710606016525,67.44376743549704,215.38531802568616,2.4986631594935544,0
2026-01-02 16:58:00,9.905345575669557,71.75595208514058,141.66575516411874,5.963476183193942,0
2026-01-02 16:59:00,93.35973147960279,59.59866289364775,122.60640461653318,1.278747194258334,0
2026-01-02 17:00:00,171.65167978653045,78.35826701211596,247.4031000645485,2.9545120963992133,0
2026-01-02 17:01:00,118.01141738620896,69.21220243093944,231.02481320869794,6.209764672287645,0
2026-01-02 17:02:00,72.63460106533086,49.50589228145486,191.74419899880627,6.985784787115163,0
2026-01-02 17:03:00,48.57310833128231,47.643036551760574,179.62908278591274,6.98734155407522,0
2026-01-02 17:04:00,84.88522113702265,75.44287051399668,215.84625263094074,4.508595470887558,0
2026-01-02 17:05:00,101.62277478731433,60.50416584643869,180.30462873173934,6.197159391526084,0
2026-01-02 17:06:00,122.7378636367848,49.927669893987215,222.77083793828302,1.7326722815461997,0
2026-01-02 17:07:00,142.45516667662588,46.39138637850875,169.09309081686092,3.878426705916536,0
2026-01-02 17:08:00,176.35668202404082,45.95080341797997,151.01969266952088,2.702165215253186,0
2026-01-02 17:09:00,54.91430306337259,54.657176560485055,222.70303077741386,8.798302499554984,0
2026-01-02 17:10:00,153.22034135231863,64.02469000553113,232.63167277762236,8.66461664367688,0
2026-01-02 17:11:00,156.54384431268574,48.56444793214023,169.71318127270692,13.257859051169827,0
2026-01-02 17:12:00,63.8207552154788,79.91650335784146,201.5106493878319,5.43108551513475,0
2026-01-02 17:13:00,75.89362032417651,18.285472558624598,158.98494522571468,2.314987530034634,0
2026-01-02 17:14:00,109.79808274830748,48.57478156474902,187.82892442793985,5.068934370226049,0
2026-01-02 17:15:00,51.545853737985944,52.14223715599012,150.78040676578163,2.84071958371982,0
2026-01-02 17:16:00,121.90492591015764,61.928691750180604,176.02451920065354,3.0251404981907695,0
2026-01-02 17:17:00,79.96895013666975,59.83262984110724,195.34193143942494,4.979280561383428,0
2026-01-02 17:18:00,7.296590539919066,72.49903221414523,183.44525256122472,9.365585073766837,0
2026-01-02 17:19:00,200.29466816971865,46.00925908699614,169.12563406084334,3.3310543728117414,0
2026-01-02 17:20:00,61.22932432343425,42.73611870776342,183.0254734228769,4.225314529261008,0
2026-01-02 17:21:00,121.85464938209427,53.25644955704812,233.1506883026447,-0.34897297703540886,0
2026-01-02 17:22:00,137.0090779846356,64.77812191568205,170.92564284863928,0.1518252944889138,0
2026-01-02 17:23:00,57.79673817039947,47.786841804424554,226.47410954659776,10.42324955470745,0
2026-01-02 17:24:00,81.2313332262136,62.71911149142382,189.95582577108308,7.1330588279672575,0
2026-01-02 17:25:00,112.09731173137244,41.21733467478688,142.22780295535276,5.247639202050703,0
2026-01-02 17:26:00,51.63234118345132,69.12138206416705,87.24096259711708,9.178800411229384,0
2026-01-02 17:27:00,150.76293681755044,35.99208350298127,241.80353220502036,4.246043607993435,0
2026-01-02 17:28:00,142.30774737788508,72.42877108243366,220.8024664557593,1.2368998204582144,0
2026-01-02 17:29:00,115.14193920327124,49.99651590227749,233.27784045479257,2.2875723423141636,0
2026-01-02 17:30:00,55.374331245322615,61.03817061130392,193.13984560683744,6.826101941569136,0
2026-01-02 17:31:00,131.06204300720105,64.94898833830892,222.0137790828751,4.151659656049603,0
2026-01-02 17:32:00,3.887718825637023,85.87558877916251,218.56158857537713,7.56881495380202,0
2026-01-02 17:33:00,205.88290479626804,99.76857129126863,229.21506348421718,10.690181136841876,1
2026-01-02 17:34:00,71.4073356485922,41.81302360240356,173.44525908269094,9.013467353983906,0
2026-01-02 17:35:00,87.96322074254215,38.62500923337721,200.61404830075452,-0.12833830605183394,0
2026-01-02 17:36:00,13.517536918643628,44.33243846745378,238.01819901456176,5.963564281637903,0
2026-01-02 17:37:00,171.04939948654763,40.70549977176586,205.28360531853497,2.966881807174812,0
2026-01-02 17:38:00,54.993908122298166,61.95992798547257,233.00831499955245,3.6181351386287783,0
2026-01-02 17:39:00,88.26760210463081,82.35316118997035,181.39313798150877,5.027138006404815,0
2026-01-02 17:40:00,20.28649923330326,39.769356728839114,207.03503370472308,6.066747708490642,0
2026-01-02 17:41:00,51.00108901970783,50.43536232135895,221.04543394199007,1.1386764414702006,0
2026-01-02 17:42:00,63.53221759439116,51.07244272391517,121.1352787761117,6.372356160612274,0
2026-01-02 17:43:00,34.160495587575596,70.32652025299191,166.2832815523681,6.460819937914238,0
2026-01-02 17:44:00,108.28029040402699,58.0148026600047,155.12133844647883,6.660270020643226,0
2026-01-02 17:45:00,225.98300641551475,85.94041962010918,227.80240851629455,5.706449947711635,0
2026-01-02 17:46:00,17.951238787476356,58.93310931362755,207.31202306936765,2.3157802117291983,0
2026-01-02 17:47:00,0.9956333817025893,40.646921073626174,217.7248623714308,4.234198122734345,0
2026-01-02 17:48:00,100.52465413893097,75.72321466994379,250.69924582166635,0.8599110067027045,0
2026-01-02 17:49:00,117.90801708823396,31.032986839067274,197.76924658170822,5.73336712823502,0
2026-01-02 17:50:00,129.79881824363432,39.41384473021191,247.8139836845969,6.704699095986637,0
2026-01-02 17:51:00,0.7402152300587801,64.05788974700705,254.6082489907512,8.41868602083821,0
2026-01-02 17:52:00,75.48912208643416,51.286158141898056,186.83221776718514,9.332052364503319,0
2026-01-02 17:53:00,165.14319869123005,61.182719455478136,256.9541543760619,6.455167381375151,0
2026-01-02 17:54:00,121.79171562872895,62.31802164273716,196.0266091853081,2.9230417517615974,0
2026-01-02 17:55:00,231.98073926360107,64.63962856889893,178.38937565420702,0.47465343979205876,0
2026-01-02 17:56:00,108.5791304104336,87.62328738556548,244.94679585563577,7.9554951094437145,0
2026-01-02 17:57:00,103.70640660374961,70.17082679029554,242.27949635283397,8.785095452290745,0
2026-01-02 17:58:00,81.72234273273781,38.165950804655246,213.22920429439128,8.353648057368211,0
2026-01-02 17:59:00,207.39815703924742,28.855350762084903,222.82736545978017,5.648017030551826,0
2026-01-02 18:00:00,131.7294465594726,38.305558391088184,137.15359604363562,6.244056988440313,0
2026-01-02 18:01:00,152.38472600847066,56.58625733816508,100.36459354489715,6.225026631480199,0
2026-01-02 18:02:00,69.54115748641831,60.26193433379775,203.66700714686638,9.243564317153728,0
2026-01-02 18:03:00,84.00750332532583,51.83522451600528,200.72701977719387,4.63004170106031,0
2026-01-02 18:04:00,32.966856533037316,49.351327447664424,213.8857254856653,4.88902382159207,0
2026-01-02 18:05:00,161.30213359419116,54.48742492244863,210.04267625817073,3.7710359543966154,0
2026-01-02 18:06:00,19.778219152680137,58.660380957341026,201.19858833398524,1.4988690640533084,0
2026-01-02 18:07:00,31.54514834047461,52.748496850968415,139.293673354895,4.25639205538617,0
2026-01-02 18:08:00,107.39222197042821,63.244670167129776,178.81361515504142,0.8626819780151331,0
2026-01-02 18:09:00,105.54061608904583,61.501037289400095,235.88120035998875,4.746412601427337,0
2026-01-02 18:10:00,170.0107163765503,44.26929550097073,108.43354533216866,6.720481946015632,0
2026-01-02 18:11:00,193.17859024264538,72.8016367569421,228.57647986462152,-0.13485815483844377,0
2026-01-02 18:12:00,-20.001294074525916,68.69847406324813,127.16973004556998,5.520452196246641,0
2026-01-02 18:13:00,173.2578036808407,76.28219678193331,168.0617466998527,6.39865187937904,0
2026-01-02 18:14:00,137.34538184180468,47.350306671669145,199.70440858118081,0.11604009574806629,0
2026-01-02 18:15:00,121.56708501508345,29.401964012126957,209.47642964500523,7.53611751381241,0
2026-01-02 18:16:00,109.75706838615483,23.47639956121649,127.50517933874164,6.2916463276045835,0
2026-01-02 18:17:00,38.42092980964145,75.28948138048312,194.5809724290869,1.1923924904564602,0
2026-01-02 18:18:00,24.715430798302663,61.8515283019289,141.09604673329181,2.278189986023428,0
2026-01-02 18:19:00,91.40340698689157,45.85442470126669,166.36787162530982,2.9500646628314438,0
2026-01-02 18:20:00,101.8361710811504,60.16854415230562,150.13112368487822,4.24470129180766,0
2026-01-02 18:21:00,125.85512308349112,44.66319060736156,232.54183611155196,3.8100178061944012,0
2026-01-02 18:22:00,105.68126302351988,60.283074073933605,257.95649094062475,9.834204265959661,0
2026-01-02 18:23:00,174.28597260579352,46.381194399149805,209.76280134838183,8.089083111806119,0
2026-01-02 18:24:00,21.962297397738638,70.71843855190313,213.75165395458055,4.181221006428444,0
2026-01-02 18:25:00,183.69065860411084,60.362691332141964,227.29651113236972,4.537912858516095,0
2026-01-02 18:26:00,124.62233364883674,69.52376120573885,175.0750077659839,4.302856188104038,0
2026-01-02 18:27:00,84.4943803753889,58.09719315226016,121.15987542658159,1.4952760316031384,0
2026-01-02 18:28:00,104.30515708335044,71.25918016297031,218.27058669765228,5.165979939907453,0
2026-01-02 18:29:00,62.32164778869024,64.08602299188304,168.62690777504747,6.637893124096758,0
2026-01-02 18:30:00,78.61012578971349,52.899138006716555,235.45700676829767,6.537294548830422,0
2026-01-02 18:31:00,115.67752866020055,56.58729563990507,135.40358873768156,3.477762455199405,0
2026-01-02 18:32:00,131.95071473940337,53.588996800942276,195.70206855578388,7.0557568645496875,0
2026-01-02 18:33:00,125.53769895644254,17.616879753297887,269.9126298085288,0.22269577673215668,0
2026-01-02 18:34:00,98.24937496977405,62.42897591462758,138.42723167769643,-1.3770708663718318,0
2026-01-02 18:35:00,71.70812655867162,47.79193300864732,209.7865401935618,4.727516885110346,0
2026-01-02 18:36:00,125.85641859197331,68.15439687624949,233.4376342912864,0.7172631992079497,0
2026-01-02 18:37:00,143.96239820130262,46.615918111548055,161.3841726595124,8.926151089901374,0
2026-01-02 18:38:00,-15.70412555705785,52.10912400707048,251.78382453706234,0.8820279317953723,0
2026-01-02 18:39:00,45.310532111811185,67.64040594006944,242.02870062686173,-3.397166745453875,0
2026-01-02 18:40:00,85.39989566449553,50.98333907696446,238.69872496597068,11.00774126912311,0
2026-01-02 18:41:00,116.52466945487286,52.091401917102125,204.82611723023237,5.432015887287053,0
2026-01-02 18:42:00,-9.127451073179344,56.92892855798408,132.6174074784875,3.757957082022555,0
2026-01-02 18:43:00,174.27427698557827,51.034851003426226,174.35716145648883,2.9350034753715892,0
2026-01-02 18:44:00,159.23052387434524,76.34674021298098,248.59522785701702,4.1254135757533845,0
2026-01-02 18:45:00,10.841024116804249,54.50190880671168,186.32082309630653,0.6834485581245682,0
2026-01-02 18:46:00,86.74121038109341,70.56031327040714,226.9051421255295,3.9068345364627866,0
2026-01-02 18:47:00,73.19711418879115,72.8191220051442,203.98999478256493,9.157285280762121,0
2026-01-02 18:48:00,103.91318736046071,60.983455072567715,216.14771126875274,-4.1687740944036715,0
2026-01-02 18:49:00,136.8501321238362,46.79368547228587,240.2924723837077,5.085716183390676,0
2026-01-02 18:50:00,133.67132068286713,78.78556357519612,187.033589989678,7.566810477092267,0
2026-01-02 18:51:00,103.15346870472982,77.00708968250433,120.98693215712882,7.868562420325361,0
2026-01-02 18:52:00,130.12276580612104,60.11556237094094,198.6997611966101,7.172621288409551,0
2026-01-02 18:53:00,161.6811547658047,66.02396651315708,141.5872003538713,6.41514379715922,0
2026-01-02 18:54:00,36.8969702655595,82.47311175566848,225.66846842624673,7.526903565644037,0
2026-01-02 18:55:00,23.876817842601554,49.194370456227695,170.35481350267338,6.746479639349589,0
2026-01-02 18:56:00,181.23808625405738,32.16727377719077,199.25905010966966,1.52957333334734,0
2026-01-02 18:57:00,43.47003554651967,47.37257741829516,195.87993248569774,-3.482155450251957,0
2026-01-02 18:58:00,66.65644733329876,68.15952299823275,187.74971601840946,4.130530872700503,0
2026-01-02 18:59:00,114.5208718412579,35.16917499264308,229.29874125138522,6.978025703587939,0
2026-01-02 19:00:00,50.15692552675428,64.67167272227368,169.46741024538346,10.745177857594816,0
2026-01-02 19:01:00,-54.70844858466407,53.598176449623246,164.62290535601576,6.071590339534186,0
2026-01-02 19:02:00,32.4412606670392,51.203277090854044,123.56685415384695,4.682554392045423,0
2026-01-02 19:03:00,113.37551780208369,54.949631747591994,235.74023871622057,6.5767426544681875,0
2026-01-02 19:04:00,188.3814048291299,43.927907893011614,154.80214780844875,7.220633173236444,0
2026-01-02 19:05:00,56.069354525618316,65.8653345047433,214.32147705240516,7.708692690424437,0
2026-01-02 19:06:00,144.37674445782042,60.270856026909456,200.59102335189723,4.645048454267163,0
2026-01-02 19:07:00,108.52826487563307,46.617466667817126,284.88537565740006,3.3121692529466262,0
2026-01-02 19:08:00,64.01597642735116,83.68961465103261,251.87351975471972,4.681357472810555,0
2026-01-02 19:09:00,87.106348620321,67.22293447606498,205.32216863325834,7.698461933376201,0
2026-01-02 19:10:00,95.67363527023014,91.32881384134126,218.4141605314417,8.767745493279815,1
2026-01-02 19:11:00,172.6790570899454,85.3266306263101,201.39729353223026,1.7847570496483574,0
2026-01-02 19:12:00,110.07720629606857,33.73563986548649,196.3249436766854,1.2975600628376056,0
2026-01-02 19:13:00,179.25173671078318,22.90256962922348,301.36550178937813,6.839214024288093,0
2026-01-02 19:14:00,103.39603849744454,57.52604277266781,240.86302224128616,10.507857615917594,0
2026-01-02 19:15:00,38.501208120041376,66.42836795680243,199.42531319348868,4.727883442860577,0
2026-01-02 19:16:00,113.13437346846139,53.93358217575647,177.14794014418285,12.045639907984674,0
2026-01-02 19:17:00,96.72343490269697,71.4623135664367,184.4912000324842,3.4820653390219913,0
2026-01-02 19:18:00,206.54583007742912,46.83713332066014,235.30022465811209,6.53260226981081,0
2026-01-02 19:19:00,14.746658087265473,75.54898158556705,113.75863735080193,5.491661938065172,0
2026-01-02 19:20:00,4.363781592794808,62.76167757072859,244.2875547156201,9.65201800456107,0
2026-01-02 19:21:00,87.49052554404766,42.84149997040437,232.50436311574566,5.3982471328065795,0
2026-01-02 19:22:00,70.41463099986262,69.07153798556297,211.07361507289613,1.503325593699933,0
2026-01-02 19:23:00,102.30799260030672,99.49534050814344,89.70543988834889,1.4791149476611727,1
2026-01-02 19:24:00,2.762857800747483,49.86343383680049,227.14789343045197,8.107889424155598,0
2026-01-02 19:25:00,135.70539383039346,48.810460988240486,315.8475645175196,6.842093024235273,0
2026-01-02 19:26:00,91.63764708157166,44.58386006499326,204.60234279486468,5.105625063693927,0
2026-01-02 19:27:00,85.62923360339953,45.695172187772116,226.62407921208546,4.421942581535482,0
2026-01-02 19:28:00,55.86743182476478,71.82355822327693,219.83768911443656,9.24191443154206,0
2026-01-02 19:29:00,140.1458586009729,101.66078448829217,195.62621280658794,4.1185102989667595,1
2026-01-02 19:30:00,120.09158890826015,49.6161573302258,202.8507289121453,4.9339288536683625,0
2026-01-02 19:31:00,146.56228587557553,61.4115498167321,222.6408420593459,4.482920293060817,0
2026-01-02 19:32:00,81.72151018686131,56.36065157227141,114.47464154292454,-2.6905975959290362,0
2026-01-02 19:33:00,122.90232270323966,63.31849931012261,208.19244681687002,7.670550531281009,0
2026-01-02 19:34:00,63.938203761448534,86.07396993272175,188.22182128818855,4.8065434309995885,0
2026-01-02 19:35:00,56.85063704520564,41.053649768127116,261.60920873700326,6.148331533435167,0
2026-01-02 19:36:00,84.50290921691071,54.104547845251595,174.101685574388,8.150251697290692,0
2026-01-02 19:37:00,163.6506266937966,87.3943488750831,169.04102312165446,5.256431066747618,0
2026-01-02 19:38:00,119.13627305728141,49.36268756475228,246.7660728466538,3.1535205972789524,0
2026-01-02 19:39:00,128.3968483068556,65.97596032979587,197.88964793380939,6.715410388335361,0
2026-01-02 19:40:00,119.69035062625422,45.773514533686615,176.3479083132918,5.430807028815566,0
2026-01-02 19:41:00,157.0534438233826,49.09493070290489,229.32456848382324,-4.404480062974448,0
2026-01-02 19:42:00,128.59645725584258,52.63186187245435,215.32415393358917,5.473825404330142,0
2026-01-02 19:43:00,103.72908879638044,62.62478665330589,229.55203030916238,9.391628166629712,0
2026-01-02 19:44:00,150.62684434502123,91.92332309625806,228.48838647766746,5.595348381531221,1
2026-01-02 19:45:00,77.30242993174014,36.343261805945495,187.2935895670889,8.09214069971334,0
2026-01-02 19:46:00,196.68786764379598,46.76337286436024,66.77963611464239,5.58616154453898,0
2026-01-02 19:47:00,23.994603933487497,74.0205489748051,173.1439784794717,2.8124012165917813,0
2026-01-02 19:48:00,46.692829400294166,62.830569107560116,191.3800327252951,3.4312390615190704,0
2026-01-02 19:49:00,54.604821225796066,62.54551667321995,136.5791286941918,4.041654803818139,0
2026-01-02 19:50:00,52.336853748930864,65.8785092575946,177.738333318765,4.724636468934532,0
2026-01-02 19:51:00,69.00748391377596,79.19897261567812,178.23800195558843,8.47048776745774,0
2026-01-02 19:52:00,88.07465257950003,37.60649228839189,180.76536695058098,4.2779996095522845,0
2026-01-02 19:53:00,169.80145425619406,16.522715256291768,186.49431125059854,-0.11391784927657866,0
2026-01-02 19:54:00,163.3295440545013,61.083950573372626,212.20829443018647,2.706830959518169,0
2026-01-02 19:55:00,208.39897991779065,88.47312619638006,183.561436011081,5.555109943099647,0
2026-01-02 19:56:00,112.13178319979951,51.15961117260833,248.92003749572174,1.2782783134891629,0
2026-01-02 19:57:00,145.8334380248358,41.84688777833365,269.25276788419524,4.091166980586249,0
2026-01-02 19:58:00,152.95565406836272,43.38531180655917,132.62134491161567,5.0577944240542285,0
2026-01-02 19:59:00,132.6593955039522,56.480237903851894,258.8597579889543,-0.3431988663860217,0
2026-01-02 20:00:00,78.81041985259634,51.97265608944128,185.10949221547062,6.917509736401412,0
2026-01-02 20:01:00,69.63994403346467,44.96115639391635,166.38842910784462,1.9234463342728194,0
2026-01-02 20:02:00,81.31298321811465,73.22282072974649,152.23103490725586,4.9732932687438085,0
2026-01-02 20:03:00,177.64686579565006,66.4563868752152,155.98373641693615,7.190284212100447,0
2026-01-02 20:04:00,169.36562427320922,41.831516335624876,203.6222538594511,3.8867912865384135,0
2026-01-02 20:05:00,70.7386932207896,77.89014896073027,220.40781208146387,8.4577362929592,0
2026-01-02 20:06:00,139.5917182779875,59.44127869243308,261.7172657270192,1.6032851115523492,0
2026-01-02 20:07:00,63.249426032459745,44.66799259908772,165.26943617913338,4.586510912173412,0
2026-01-02 20:08:00,181.06550437022003,60.79221581434289,147.99475379496786,2.4472118529776896,0
2026-01-02 20:09:00,43.02204023632129,71.2607678846985,238.17477285313853,4.838478429278545,0
2026-01-02 20:10:00,66.77048047660807,36.84917812569267,185.4965420082612,5.228579713368298,0
2026-01-02 20:11:00,132.45932745707364,50.81117723908142,205.58672201912879,2.966513020743527,0
2026-01-02 20:12:00,96.14531214800967,65.96102307554284,244.56281795191006,0.4293286001648813,0
2026-01-02 20:13:00,50.16221659653098,56.959948279972124,256.9725880540133,5.411321864581565,0
2026-01-02 20:14:00,51.55286830664744,79.56627771731632,181.2796111418615,3.5244216549046956,0
2026-01-02 20:15:00,109.17102086452982,46.21152500265134,257.7489018401566,10.745041617893591,0
2026-01-02 20:16:00,211.8213318035444,39.290183052930665,202.6124101428245,3.7766838281566257,0
2026-01-02 20:17:00,108.37675990458062,67.96949899358533,171.62121586434571,6.92949767150652,0
2026-01-02 20:18:00,141.90535080678688,75.6907655757815,166.25095309999836,2.319845854386548,0
2026-01-02 20:19:00,111.94019947848615,59.22363827087182,150.5909865151687,0.2174064466729302,0
2026-01-02 20:20:00,44.464581848739904,71.57256348859252,236.6734040034305,0.3579220858810981,0
2026-01-02 20:21:00,98.0498216628654,57.41926370788734,186.20960285252272,6.155034545913534,0
2026-01-02 20:22:00,58.26675675585105,45.726966811480786,208.4677063606517,3.589131752307879,0
2026-01-02 20:23:00,38.15407589288217,72.32119896925768,180.8843073987265,1.6601983935139621,0
2026-01-02 20:24:00,157.0417828998562,47.53424423818902,224.49437597540657,7.940741166090696,0
2026-01-02 20:25:00,204.7455491219671,59.554726748309335,168.70218758032024,1.5051286573630733,0
2026-01-02 20:26:00,74.90181262905621,70.27661461010555,160.83437191093995,5.612577396710409,0
2026-01-02 20:27:00,151.15202816384226,98.5103622765302,270.3018345955986,5.2332980442043295,1
2026-01-02 20:28:00,42.161462242666616,45.83435070395347,172.40632923660962,2.542530595269538,0
2026-01-02 20:29:00,102.17637242124145,38.79742994398316,239.04313266945087,6.90867829694813,0
2026-01-02 20:30:00,141.69215619317328,35.05377407637154,227.74279499874874,6.779541977615574,0
2026-01-02 20:31:00,86.09101011059269,76.53657241625717,279.01468009343176,4.0939763993224885,0
2026-01-02 20:32:00,100.77692189123024,41.92831709758997,204.51856228203698,1.8694076011667118,0
2026-01-02 20:33:00,88.97849856885131,74.25412839388201,230.67922698940987,-2.3381188293495168,0
2026-01-02 20:34:00,163.91487890207466,71.53701116520185,153.53771092647963,8.5149899585088,0
2026-01-02 20:35:00,185.69673358066817,39.37171451645993,263.9484333869657,5.499727105572725,0
2026-01-02 20:36:00,127.24419024228159,37.90336225655133,193.75767890040152,3.489364486942331,0
2026-01-02 20:37:00,133.13014142940523,72.70239669395475,147.2544289678059,6.038091176135552,0
2026-01-02 20:38:00,177.34102423380824,59.12143032061592,240.38592169884743,6.079365119831578,0
2026-01-02 20:39:00,49.10184701782929,41.19758790673902,300.0742246609491,2.1111949242124037,0
2026-01-02 20:40:00,96.9175479906613,60.54664018022087,185.72370371133286,8.294244109665511,0
2026-01-02 20:41:00,41.3363921144291,35.45323424013263,189.95686892871532,7.600393223970775,0
2026-01-02 20:42:00,81.63765420289779,81.9774620589776,271.6671187829047,11.725937033629238,0
2026-01-02 20:43:00,63.73028972038533,75.82135722259515,183.0015800674408,5.137823905805268,0
2026-01-02 20:44:00,76.45614280275723,77.21015923773724,222.60357905712996,2.1381118258105434,0
2026-01-02 20:45:00,78.0428728360326,67.8756164593565,194.3295635418241,8.29517794928583,0
2026-01-02 20:46:00,172.57424318123702,41.90763024990805,132.44892600302825,4.41953926874766,0
2026-01-02 20:47:00,142.9435989655892,67.46397016928069,173.02174930329872,0.9984624652046463,0
2026-01-02 20:48:00,93.09164929542028,78.34082878291525,271.3605373695418,3.5375984174012323,0
2026-01-02 20:49:00,124.55932203255071,72.28133797585915,152.0636958401994,-1.1011211034802972,0
2026-01-02 20:50:00,25.37537605518665,71.13991562497264,153.46846630160672,3.478728165395973,0
2026-01-02 20:51:00,73.6837713405606,86.15006578222057,268.15366035389883,10.026130684268859,0
2026-01-02 20:52:00,166.35415196305962,67.63642343900807,202.77663170721132,4.701837620692082,0
2026-01-02 20:53:00,-11.756336808668408,47.49635924385339,247.0947315536273,7.977413221279748,0
2026-01-02 20:54:00,105.03329130942608,48.01578356512391,203.68596301154108,3.956809936183511,0
2026-01-02 20:55:00,131.5349684949926,39.25877191603982,134.60323025740968,7.117305024089111,0
2026-01-02 20:56:00,104.737702073159,48.180941188426445,137.25867484539054,7.130243741282462,0
2026-01-02 20:57:00,122.97532177916518,55.28244818731036,206.45819840243666,8.719421413307444,0
2026-01-02 20:58:00,149.21216874137397,49.4662982588688,198.33210277417695,5.348251425581852,0
2026-01-02 20:59:00,80.09151650949276,76.03104733388827,216.8144687890349,4.875543391260122,0
2026-01-02 21:00:00,106.13723808782562,84.06085785410158,245.4044007287456,4.997054110576933,0
2026-01-02 21:01:00,77.32854270176156,54.85042374323392,172.99695195967408,-1.3977661974701263,0
2026-01-02 21:02:00,75.34360383801646,58.71451689735324,191.89828187206894,3.423332029812027,0
2026-01-02 21:03:00,-10.800578416206648,70.36503440734995,236.74468538066668,9.750486207132251,0
2026-01-02 21:04:00,128.55917540926148,52.79346877190665,187.23872560014533,4.893989022287815,0
2026-01-02 21:05:00,62.3404116555948,46.123034867819555,165.20826668894026,6.356007456719974,0
2026-01-02 21:06:00,28.69071820684931,77.14039932013505,148.52384300439036,1.737825157475974,0
2026-01-02 21:07:00,117.33500089678685,55.11511617714371,251.37034584508933,6.794559807221253,0
2026-01-02 21:08:00,41.91763991979969,61.17257256121945,194.41591993440193,3.2551774507153386,0
2026-01-02 21:09:00,111.29521501009387,71.82107794685938,169.48169905760074,10.153577221885634,0
2026-01-02 21:10:00,80.02621215024331,66.57995363076968,196.50192232033697,7.752974779746245,0
2026-01-02 21:11:00,0.31646107970588844,64.03812971231888,173.50193364507683,5.23939683199226,0
2026-01-02 21:12:00,46.31713157766772,75.22790187305918,214.2265611651889,5.3830393328604895,0
2026-01-02 21:13:00,94.63734770843114,81.21457928341975,221.4455202874267,2.8520128062634327,0
2026-01-02 21:14:00,161.414764937515,90.51219687413322,176.8004190717003,10.1487592311311,1
2026-01-02 21:15:00,195.913982638609,63.70020655482346,224.53558308629405,1.7161410194839974,0
2026-01-02 21:16:00,112.5684828891738,56.14052014137468,174.2563240274201,5.946520083480407,0
2026-01-02 21:17:00,80.63949152695396,40.014045313027424,171.74846094090316,7.352876832652429,0
2026-01-02 21:18:00,123.33945292355097,68.05562610260509,186.36714878484497,2.6845264823700425,0
2026-01-02 21:19:00,71.20454800905965,67.62010264749549,227.34570360360752,4.044606238929625,0
2026-01-02 21:20:00,107.46409863307545,39.48818897170913,201.30212487583395,6.103202417535614,0
2026-01-02 21:21:00,57.027137008017554,76.20961010919537,253.19179965650514,5.2712120363676735,0
2026-01-02 21:22:00,51.618167246361395,48.26151188062224,182.63905777520733,5.4724217819815095,0
2026-01-02 21:23:00,147.3775021818569,89.87509688328407,227.85143210228898,3.842230174604609,0
2026-01-02 21:24:00,21.244833670010465,59.7472135886006,224.3373714019749,7.176697108427081,0
2026-01-02 21:25:00,89.54620827224402,32.81701378015558,168.68211236900754,7.362355382617485,0
2026-01-02 21:26:00,132.03234667960695,48.932812925580464,214.52924741074943,4.050135917848223,0
2026-01-02 21:27:00,44.76773293372204,59.97450443543091,144.35206739694652,5.807985331329474,0
2026-01-02 21:28:00,135.582761184042,84.79718242228235,230.9400294799899,5.112944374483568,0
2026-01-02 21:29:00,185.87456967441557,64.18386591647108,172.3969192306016,5.505077807065981,0
2026-01-02 21:30:00,41.969231274750186,83.87991515365744,211.82024200215983,-0.13945551896924346,0
2026-01-02 21:31:00,171.31451122020175,48.68753146939155,199.63193743562286,6.962867906818595,0
2026-01-02 21:32:00,50.12112104016816,66.91417588635724,168.83622139433743,7.8905560597144735,0
2026-01-02 21:33:00,114.79942368230618,62.0239377562429,245.6850204242591,2.7285159672326187,0
2026-01-02 21:34:00,43.422577281672616,88.65073018327254,256.38299562095654,4.360531637853357,0
2026-01-02 21:35:00,72.69557524145323,68.57121140807993,252.42868884644437,4.261874488611904,0
2026-01-02 21:36:00,150.8351334407359,59.79713718894017,197.37152580313546,1.6346886967804704,0
2026-01-02 21:37:00,109.88145592350114,62.62404234692548,176.2037604635369,-0.22022678576100674,0
2026-01-02 21:38:00,178.8664784998092,60.024125790518376,217.41662282603926,6.529243099633775,0
2026-01-02 21:39:00,188.3312611695988,72.49396537475684,217.4757088136634,2.0999590689436776,0
2026-01-02 21:40:00,138.916542367646,23.63159072401838,262.70379142001264,4.172875236570715,0
2026-01-02 21:41:00,44.965777976174124,52.60614091403201,240.37905078242974,7.533088337216057,0
2026-01-02 21:42:00,114.94412709254048,33.566859538819244,173.9300026095912,2.16815467000099,0
2026-01-02 21:43:00,-13.404135294295855,56.582296175961574,155.29465749197877,9.311300643267904,0
2026-01-02 21:44:00,82.01776064395003,75.7406701781673,124.31331251519765,-1.6538899218481449,0
2026-01-02 21:45:00,89.71932950778034,45.32627312998321,232.4077417507243,3.7665071961529115,0
2026-01-02 21:46:00,191.15479478442967,53.06501294246215,200.4721781594144,3.2123846729029375,0
2026-01-02 21:47:00,70.63725148345424,32.32010267198139,197.49380644963856,8.312937470157221,0
2026-01-02 21:48:00,106.70713491067681,59.04765449497842,246.8913531434786,13.850102207552709,0
2026-01-02 21:49:00,25.654069276445867,45.185308708366435,144.93214099273158,0.9163496060586214,0
2026-01-02 21:50:00,92.6543072100976,69.2804037679866,236.3119955156997,3.0291331015801632,0
2026-01-02 21:51:00,150.50470700764976,51.96687647910477,267.30657690413955,1.9209727383498505,0
2026-01-02 21:52:00,13.837834783610816,76.54688605998118,209.09888486014333,5.797402898220483,0
2026-01-02 21:53:00,52.129083463476064,71.24340855378324,178.3651579080296,3.0659187643999637,0
2026-01-02 21:54:00,145.23970730444177,93.06680951435749,254.16056406286665,2.6821428381225676,1
2026-01-02 21:55:00,53.855953329570575,60.88575818154209,161.75129893428627,5.0206662519067775,0
2026-01-02 21:56:00,194.81745777965247,51.78211544873378,100.1996468279939,4.739244462997945,0
2026-01-02 21:57:00,189.15635347443123,55.26512582173339,216.55719320038617,2.9938356282133745,0
2026-01-02 21:58:00,198.54803379255014,67.74665352157447,259.0275320172703,6.313130393673362,0
2026-01-02 21:59:00,93.4168384230664,65.19643419445863,176.7693658970319,3.1991161496190315,0
2026-01-02 22:00:00,120.63851735989896,51.903140200547924,256.6782754325237,2.264411212645734,0
2026-01-02 22:01:00,120.85595226710389,59.194735161811344,246.07159715284374,-1.641691494320499,0
2026-01-02 22:02:00,66.45343958938253,53.33079766042414,120.21906432601362,3.2312235031512526,0
2026-01-02 22:03:00,128.5607808590626,54.83509967701154,233.3822711701409,3.53260925509346,0
2026-01-02 22:04:00,33.47096751465217,82.33316020276669,236.05597401195928,1.4375978655543924,0
2026-01-02 22:05:00,147.7107055807736,38.564482642372305,181.20934575099892,3.845781550002565,0
2026-01-02 22:06:00,188.5789385840509,51.603281974248915,163.8823312888988,5.034305090981497,0
2026-01-02 22:07:00,137.02114031721965,49.774107992820355,158.10365908018113,4.854954259643603,0
2026-01-02 22:08:00,47.23725540319334,42.823500585883544,217.81354884505882,5.662213418768142,0
2026-01-02 22:09:00,55.289136399464915,56.65620887854017,198.44471229167624,3.4137078285130737,0
2026-01-02 22:10:00,65.59528372457432,53.845358042191535,145.89849579670351,1.1530305317579006,0
2026-01-02 22:11:00,47.92935032856133,76.26214795788042,216.88762528996278,6.061852089978856,0
2026-01-02 22:12:00,85.85012333259148,62.45382638104488,164.70927237045987,4.93095162966934,0
2026-01-02 22:13:00,35.548105476166654,34.49132065903518,236.15334914840867,2.3173034238805936,0
2026-01-02 22:14:00,144.7618617797413,52.332846108941126,195.1146545562132,4.708505508504205,0
2026-01-02 22:15:00,81.09934062278549,85.97431375588503,177.59713772066243,0.9167260607252743,0
2026-01-02 22:16:00,88.65199552957142,48.25227469680371,92.07538085143655,0.2607205438397715,0
2026-01-02 22:17:00,40.38761760679029,51.210301745178235,173.3472477296646,4.60628953826882,0
2026-01-02 22:18:00,173.74197932100247,40.43107606500493,224.35061441364613,3.21473549671612,0
2026-01-02 22:19:00,115.07555567079714,61.632142121687174,181.47303562977294,5.547870997314948,0
2026-01-02 22:20:00,99.10766453757334,52.241605557238614,134.47350243827606,7.2529137773217105,0
2026-01-02 22:21:00,76.10022610308798,49.62001899305632,178.13437963875526,4.232621843615027,0
2026-01-02 22:22:00,134.13540430210196,90.58473388081269,214.71354305711688,6.308295293952032,1
2026-01-02 22:23:00,176.4090739734542,65.84377385346004,169.80729575330602,0.44453216802186457,0
2026-01-02 22:24:00,18.47507377625645,86.23657042694953,169.7327280472894,0.36232459238859516,0
2026-01-02 22:25:00,119.05740468643317,54.07509058655745,201.3789776852782,5.073228725968952,0
2026-01-02 22:26:00,34.94123439068312,81.33159683937478,236.9528363707486,1.51582572037143,0
2026-01-02 22:27:00,118.58735233333155,66.91739630091408,245.76951340631382,6.4851589469835345,0
2026-01-02 22:28:00,98.75807321575411,79.90401311535751,187.9177836997596,5.993055883037137,0
2026-01-02 22:29:00,89.75488088206973,31.24896906254593,227.5327479965274,9.74638809914278,0
2026-01-02 22:30:00,48.2902694736042,58.3714567227695,224.4407155260775,7.386831224219115,0
2026-01-02 22:31:00,37.977497419212405,55.71756193099235,165.95003769917898,4.685679230456008,0
2026-01-02 22:32:00,87.91000010569365,70.2432559145583,169.9829118660616,1.888468420132556,0
2026-01-02 22:33:00,81.31381106736059,82.05545137052047,209.25955917695683,5.591158136919798,0
2026-01-02 22:34:00,71.1762685812713,65.03462183945267,195.34765339682522,1.2149344295587383,0
2026-01-02 22:35:00,98.26514918626238,51.200571962723345,197.7271251570084,1.2282080063463212,0
2026-01-02 22:36:00,33.64393124941259,61.840094154369254,161.60864887007847,5.211582032648007,0
2026-01-02 22:37:00,148.54229310441312,85.30931560293826,89.07923610477404,4.921359123799739,0
2026-01-02 22:38:00,50.22280814876476,55.41642613623705,173.76592552793855,5.714645285696049,0
2026-01-02 22:39:00,94.3326731805668,69.51532962051348,132.77339185904452,8.801810382330247,0
2026-01-02 22:40:00,86.93906315522614,70.04171901910681,192.45877443409432,7.789568542730446,0
2026-01-02 22:41:00,222.41206689193024,63.42054420090098,154.92479299409936,2.3825284228727632,0
2026-01-02 22:42:00,172.37984888937248,78.50509428915156,232.33270328430294,2.854243890619961,0
2026-01-02 22:43:00,148.3158470738308,61.61687329227554,137.74773637736212,-0.5536692028373178,0
2026-01-02 22:44:00,184.27958708456032,58.39999655449166,269.842199837934,2.5254783335693145,0
2026-01-02 22:45:00,108.1071795304682,34.87128404509891,217.47912982831764,7.0077344914599,0
2026-01-02 22:46:00,216.54842025439928,54.96752919436317,189.17615046537213,2.7864988835521682,0
2026-01-02 22:47:00,106.94008975237732,44.31249340976704,102.89708304818703,1.0091762459495008,0
2026-01-02 22:48:00,102.38133447365821,48.797848962174484,200.2515467794092,6.821182656169951,0
2026-01-02 22:49:00,67.78498658167254,79.81492791343736,189.52634382924978,1.685762476568482,0
2026-01-02 22:50:00,162.1116650112723,56.24514938326256,218.45036284789225,1.9060345899641638,0
2026-01-02 22:51:00,28.939839526128935,60.85990234445706,164.82179352902273,6.773583887879216,0
2026-01-02 22:52:00,80.52821988025562,24.305989528234036,213.541934288427,8.292642222174813,0
2026-01-02 22:53:00,34.671987272438486,76.0658063569899,225.91586405613987,10.504439002068882,0
2026-01-02 22:54:00,107.39260268208025,35.49099411682741,222.83999777917134,2.230622305751215,0
2026-01-02 22:55:00,14.836099938592952,71.65463188714422,217.08555412267788,3.8621712547907836,0
2026-01-02 22:56:00,57.77784114572117,77.4036952512561,253.81267927693105,2.541230031067031,0
2026-01-02 22:57:00,52.382451767742964,69.86612967747516,224.15552502856522,7.114245865670036,0
2026-01-02 22:58:00,120.02922744001606,81.2807077695234,189.76839934181137,5.622548498241832,0
2026-01-02 22:59:00,103.47668793839323,74.8874031173004,218.92740224111353,3.418140387130244,0
2026-01-02 23:00:00,102.76374676936173,51.03461762006054,153.42957759897968,3.898287901340823,0
2026-01-02 23:01:00,164.48159769199737,78.24476071743939,191.50362037472826,6.14048683580385,0
2026-01-02 23:02:00,69.58056282048283,62.59257052487897,167.83931409185783,11.829163560401904,0
2026-01-02 23:03:00,21.40187075751993,40.59051906619717,144.87820464459972,4.575506154716748,0
2026-01-02 23:04:00,58.325591819109846,36.165563280709726,156.10662834323665,5.773401021307689,0
2026-01-02 23:05:00,126.03008578334243,50.13721985282814,186.78524443859186,2.5988117190641744,0
2026-01-02 23:06:00,76.65162727294825,71.55968235089946,224.5264075029994,7.313683715299016,0
2026-01-02 23:07:00,60.71331664319981,48.76592885098474,229.06468796858402,6.2883030181653705,0
2026-01-02 23:08:00,111.44796130098356,68.37951838425639,186.43488181928186,4.850340658812777,0
2026-01-02 23:09:00,77.51919004055986,85.5755021485643,156.84946640989006,3.311768422419054,0
2026-01-02 23:10:00,79.46819721731795,64.95204822912608,213.0213203366247,9.32743977224803,0
2026-01-02 23:11:00,35.50476675170631,71.58884589889382,153.89758480536133,5.223644020914187,0
2026-01-02 23:12:00,34.885923464895015,74.1916603230501,243.3840635015149,5.623934769919515,0
2026-01-02 23:13:00,37.12784505507284,63.19348230777005,185.28159607631707,4.5790724803713445,0
2026-01-02 23:14:00,99.5336766698302,62.120145388309766,226.1476225267246,5.7017345491868365,0
2026-01-02 23:15:00,54.873110823671084,61.62182817635711,162.32598682778374,10.440009589158498,0
2026-01-02 23:16:00,114.92470461375072,45.60448043248197,231.2936268285221,6.774011464777736,0
2026-01-02 23:17:00,86.44299755353575,53.8164735106578,228.08047423146206,-4.0467579113193,0
2026-01-02 23:18:00,66.19114490802488,57.1464263454252,193.7045994290168,6.584806067223904,0
2026-01-02 23:19:00,73.30279861191204,58.641220832924986,203.43767791565745,5.193877704242589,0
2026-01-02 23:20:00,151.74940322146057,61.058991548360076,204.18974715635196,6.284328452988948,0
2026-01-02 23:21:00,52.92898208544141,35.45955408585628,201.67586706965716,4.468793877314718,0
2026-01-02 23:22:00,136.05784534717816,78.69771376909014,248.3462199043491,7.535340214722635,0
2026-01-02 23:23:00,52.74429118875799,56.74248285125344,149.04769894381062,1.485623658033421,0
2026-01-02 23:24:00,44.35128235719365,40.605163367244614,293.33540832298763,7.143005367307087,0
2026-01-02 23:25:00,106.64159393679539,52.72234315688583,132.90434922160654,3.284951450527131,0
2026-01-02 23:26:00,147.23120086204477,49.42937439866723,162.2391120597234,4.3493629351922465,0
2026-01-02 23:27:00,35.153333864452634,55.64429811004709,215.70450395538685,4.7533664443165895,0
2026-01-02 23:28:00,17.859413149222718,28.350543293302934,218.0114015515937,7.559729214032888,0
2026-01-02 23:29:00,171.84632636595893,63.173279671965794,241.79205162325772,4.602869989746093,0
2026-01-02 23:30:00,101.0361422579097,82.80145225102828,156.30531897476084,-0.3750975066499773,0
2026-01-02 23:31:00,142.17976059130206,69.49220686353047,161.6017716115563,3.174120224311202,0
2026-01-02 23:32:00,114.6184316735151,50.6973271738721,149.42053356800312,6.537173617356239,0
2026-01-02 23:33:00,110.03875721036206,55.110809475087606,183.91694392561695,3.884149853945796,0
2026-01-02 23:34:00,113.9822280544948,79.33216954058639,202.51965765309862,5.519892111021986,0
2026-01-02 23:35:00,119.89509587819785,67.49506209392302,226.67613910211097,10.452256063619904,0
2026-01-02 23:36:00,118.11637588002733,32.13443762638456,234.23884636204804,4.44777290833491,0
2026-01-02 23:37:00,18.34788706950299,46.86513831601171,266.0859633613499,5.974918961847102,0
2026-01-02 23:38:00,64.88199099822653,69.60331221633561,181.43786212328587,5.214349881701802,0
2026-01-02 23:39:00,105.71085507865509,49.861199125681196,254.68955998728575,5.127302652868119,0
2026-01-02 23:40:00,55.74207034593395,57.725109504515046,220.56966618651012,4.626766955309009,0
2026-01-02 23:41:00,55.36447652176651,70.7343111484176,257.8088194251088,3.9725951754197517,0
2026-01-02 23:42:00,114.54037662119308,58.34420022584313,152.59640405112324,9.41593619158601,0
2026-01-02 23:43:00,187.9725580932943,54.79566940656788,218.62350003695963,6.987117598181316,0
2026-01-02 23:44:00,108.51350570295877,62.18324121754277,200.19801290560804,0.14036802820765004,0
2026-01-02 23:45:00,89.0933402988773,43.370097606772795,206.24241956504468,1.348466978438843,0
2026-01-02 23:46:00,86.72795724336922,55.746768410185844,96.64085494988853,-2.607859394288205,0
2026-01-02 23:47:00,108.37190235224409,47.685967371603994,206.82712061838015,0.5102476456340934,0
2026-01-02 23:48:00,186.9532361789146,46.495449593475875,233.62742723499184,4.405669754411244,0
2026-01-02 23:49:00,98.63683900965806,76.4904068946044,114.07969145587691,6.649181311394351,0
2026-01-02 23:50:00,126.82071841542317,69.52865346312106,249.22273059116483,4.52346931599637,0
2026-01-02 23:51:00,87.35035737515909,33.310826911741884,141.46999724678545,1.4120063742388296,0
2026-01-02 23:52:00,57.65953385081294,60.65997969102397,246.8821884371498,1.9140164142569214,0
2026-01-02 23:53:00,111.16971779901544,75.70322313141452,178.944495611745,-1.0094847880962927,0
2026-01-02 23:54:00,155.07885301019198,65.67466449631966,223.71133761224684,4.585831624451541,0
2026-01-02 23:55:00,201.26764594695692,52.56077187310105,150.60684042347964,10.504311656375005,0
2026-01-02 23:56:00,22.38027249374339,53.16362938683638,177.13179475897738,8.792247197335286,0
2026-01-02 23:57:00,43.079071880241216,34.683232516533735,207.44422791648765,2.519889997875679,0
2026-01-02 23:58:00,136.8206393130413,52.03129590314035,223.6318439665856,0.19391289832106118,0
2026-01-02 23:59:00,162.6449573752697,64.47032064769269,151.0353525777191,4.494571761133731,0
2026-01-03 00:00:00,162.01057876068757,56.428175541241714,184.35662989056547,4.853981995474649,0
2026-01-03 00:01:00,144.94696800765433,63.809092575592075,232.14335012675866,7.03171423678774,0
2026-01-03 00:02:00,118.65958451203672,47.69448040172796,264.1615543692516,4.7576685181939,0
2026-01-03 00:03:00,127.26249020623169,73.96239266736858,184.6876463870676,5.404957927073856,0
2026-01-03 00:04:00,-19.424518642652714,28.99594659419546,163.045326820475,3.9686445130902896,0
2026-01-03 00:05:00,68.76325352674598,46.87666459059035,249.3916476684171,3.2886532792662893,0
2026-01-03 00:06:00,46.68313208556435,70.63110503489777,311.26989853270976,5.315580073002249,0
2026-01-03 00:07:00,-29.88197745091722,56.98525632452665,168.8211397832731,1.4325387470019812,0
2026-01-03 00:08:00,28.282524224069135,96.35747409087334,186.11256103331053,10.38516480781261,1
2026-01-03 00:09:00,106.79630593776969,54.07034152231193,233.67345853613307,6.7881391851892605,0
2026-01-03 00:10:00,169.2676929980684,78.46080074285496,231.41231397088288,-1.9260366819375054,0
2026-01-03 00:11:00,75.64546116624744,70.52829324201012,181.84463369470498,4.395574721962187,0
2026-01-03 00:12:00,105.77439999158413,50.67213586604616,155.96937271014355,7.951147918012877,0
2026-01-03 00:13:00,197.8258867358337,70.49844213955848,224.11057019832302,3.126326836847861,0
2026-01-03 00:14:00,77.64116715249607,52.039778275601854,216.6971604144892,1.8375035653215521,0
2026-01-03 00:15:00,144.2659649465488,62.05327458244755,219.39790969960674,-6.031480412519766,0
2026-01-03 00:16:00,102.05223614298852,47.901287423979845,189.13512529795796,1.9301874726053794,0
2026-01-03 00:17:00,-12.98503201893088,47.29538289222842,201.2082322252995,2.6672704527601634,0
2026-01-03 00:18:00,169.7739442503521,55.830883060028256,157.13453126701808,6.533925076238793,0
2026-01-03 00:19:00,152.6394235626131,35.77875066280136,161.92323588022882,6.884458005561854,0
2026-01-03 00:20:00,52.98659484826905,54.93492524727653,221.68320212732408,6.940505425771425,0
2026-01-03 00:21:00,45.94777384110582,54.28107456451459,179.54883648727255,1.8948145640771252,0
2026-01-03 00:22:00,94.89788166267519,72.64012032661043,150.4258356971016,1.0718231172562218,0
2026-01-03 00:23:00,68.44072245842669,77.61566936071512,200.49771503120314,2.3097576060099523,0
2026-01-03 00:24:00,76.43786522436801,70.72205081048088,239.88526571915622,2.4535196762921516,0
2026-01-03 00:25:00,130.97888348048505,81.19471198343919,218.21257869453962,3.1493054548469392,0
2026-01-03 00:26:00,95.82064439710439,73.08342227828904,257.68104747781786,1.5983558603554422,0
2026-01-03 00:27:00,35.33176983804283,74.31026072600808,200.8678385006368,7.378760122290837,0
2026-01-03 00:28:00,82.9858499771276,61.755506968143834,230.53837309095002,4.757650143234251,0
2026-01-03 00:29:00,54.10226307852308,72.07506364917509,137.44981617158643,9.335871396999504,0
2026-01-03 00:30:00,99.51079258360862,39.97536783287757,267.1698820922129,6.415079202716227,0
2026-01-03 00:31:00,68.18547801932861,83.76956936870795,148.88145656137263,5.578256189653925,0
2026-01-03 00:32:00,111.25931108512465,74.24255314505089,274.49632298769154,2.798941831887305,0
2026-01-03 00:33:00,82.21891807322149,51.14733950096951,195.517618213263,2.6927527355320753,0
2026-01-03 00:34:00,100.03040352770796,90.75461688429954,236.82371868217433,4.102687451171281,1
2026-01-03 00:35:00,-2.889177168725638,60.21579875254103,287.24140995544775,3.640676190965258,0
2026-01-03 00:36:00,79.1964744690919,33.012776236825296,178.30885555337716,7.102631353472031,0
2026-01-03 00:37:00,99.41129073596828,51.34095005239653,164.49796135706237,6.078681154034773,0
2026-01-03 00:38:00,178.5650909821971,50.95033519948543,197.98880688336317,8.672929654856777,0
2026-01-03 00:39:00,109.71584393326769,63.17455110091103,285.35666218460716,3.486787203808611,0
2026-01-03 00:40:00,71.19336883038966,20.549532573565976,238.65272197295462,0.3708416331317874,0
2026-01-03 00:41:00,57.14292248410667,72.7869485023267,192.97572909067577,6.992548342774232,0
2026-01-03 00:42:00,68.99152739956904,68.42342684581814,216.0707308118111,0.5857622031354017,0
2026-01-03 00:43:00,126.84669413165176,38.69206845698222,221.6636880032051,7.848105878697092,0
2026-01-03 00:44:00,140.02262880337344,80.24753442007021,205.57315473253718,4.476726308797617,0
2026-01-03 00:45:00,154.2497776595562,44.21440735374819,264.5075012201369,1.3911094910596846,0
2026-01-03 00:46:00,100.24634434921495,13.836129292792343,301.09552958669417,5.459520849900668,0
2026-01-03 00:47:00,161.2363830634926,80.36886463054239,186.63740428216917,6.412340784253349,0
2026-01-03 00:48:00,87.48262110386882,58.16075657382211,243.3445177682394,5.531384173251527,0
2026-01-03 00:49:00,110.13718165457774,60.21106426720181,227.00328626337117,-0.32227770475050654,0
2026-01-03 00:50:00,132.384187288813,60.81353505905699,171.23259786528453,6.987640963554535,0
2026-01-03 00:51:00,100.94407214474688,56.74147452958059,201.42004275553992,3.8682495691086993,0
2026-01-03 00:52:00,53.50955876375615,67.09935228711954,124.44508393419498,11.388634082363115,0
2026-01-03 00:53:00,209.9724176881654,47.93889085971738,239.95480394997873,5.509546666193685,0
2026-01-03 00:54:00,97.14740091208897,87.5843186530536,179.834374234483,4.649094710592722,0
2026-01-03 00:55:00,87.73179836508639,42.244296353195196,135.3951078645853,6.0060623494243135,0
2026-01-03 00:56:00,152.85629667163386,68.66051854999498,187.9591175573942,8.432090965591929,0
2026-01-03 00:57:00,26.07589450217401,45.78849116061342,180.12159849169717,6.717101201623156,0
2026-01-03 00:58:00,64.56731525126554,69.94913761741924,219.99992802532003,6.2686583290917275,0
2026-01-03 00:59:00,113.49829263669442,57.40887416239204,228.74534701147647,4.206889327360443,0
2026-01-03 01:00:00,208.62829681932294,39.900693029387355,188.95841888350105,1.2025613783074443,0
2026-01-03 01:01:00,73.38387666578485,69.80695155424112,217.23903893392372,2.042746794658925,0
2026-01-03 01:02:00,84.25712076732174,70.30328604322888,262.3944058122498,7.671493155308235,0
2026-01-03 01:03:00,50.349990768594246,72.90052592978424,207.11010749845974,1.4181703198674778,0
2026-01-03 01:04:00,163.33699453775085,70.82627658666982,207.43375853598764,1.4331792399092649,0
2026-01-03 01:05:00,125.17632656248624,34.20008138726922,192.57962091567794,7.154770695778149,0
2026-01-03 01:06:00,67.41992612085139,67.97356662758396,129.40328198327018,8.001340502126222,0
2026-01-03 01:07:00,108.79676312001254,55.75168485525229,148.01729573255173,7.959438070180952,0
2026-01-03 01:08:00,81.21833563493948,70.68248599441915,207.82147506163386,6.668513145150482,0
2026-01-03 01:09:00,53.44450686063642,81.79610750782744,172.1718814119335,4.967289590155592,0
2026-01-03 01:10:00,106.93087026471946,69.23947597135451,265.05257356265247,3.4298028704357106,0
2026-01-03 01:11:00,140.45924289744522,52.38497225951212,281.6249283918333,4.521112125170415,0
2026-01-03 01:12:00,104.36559747621456,55.367155305843816,134.06725606820777,5.106123330047116,0
2026-01-03 01:13:00,110.20915750533291,36.12020331474952,156.9234270492263,5.396222090952299,0
2026-01-03 01:14:00,103.79670402964076,32.27734312303723,269.3132346714088,6.72855304531808,0
2026-01-03 01:15:00,44.761748009602854,53.605091664164654,206.1078977393111,11.091387043431151,0
2026-01-03 01:16:00,105.1457797128483,61.12687454527962,225.6938078170291,4.31484660673021,0
2026-01-03 01:17:00,85.17149875110584,78.51323580782625,279.27884462837653,4.745351725760787,0
2026-01-03 01:18:00,130.9185216013914,46.10383430000171,219.5077949517473,3.114897530484125,0
2026-01-03 01:19:00,121.38479286655752,40.572654664465404,222.25832935342444,10.661902752585213,0
2026-01-03 01:20:00,112.74111231903717,60.59567042956205,100.72923315848334,10.459671771893024,0
2026-01-03 01:21:00,128.87116704964774,102.85374710818931,274.4278213403484,5.438957982863205,1
2026-01-03 01:22:00,168.29554139034926,46.52560485931113,140.55077483400314,6.703004593988062,0
2026-01-03 01:23:00,70.21790458834475,64.83577722137713,241.89849719241,4.856092127512155,0
2026-01-03 01:24:00,29.11162405280635,78.99484976361532,211.22919042643812,5.447727852440083,0
2026-01-03 01:25:00,-43.13789160771009,56.40137788490776,241.78621836457518,5.459168468310766,0
2026-01-03 01:26:00,179.40091127725293,57.20277255541084,290.4697220547164,5.18956619717089,0
2026-01-03 01:27:00,193.92161812272505,67.4985450514131,129.63458285663847,6.553127243850366,0
2026-01-03 01:28:00,174.65981428118627,53.367064062770055,212.1784907017781,9.018165864193733,0
2026-01-03 01:29:00,120.44301612599698,71.94872866517626,260.80568242053357,9.767999852518876,0
2026-01-03 01:30:00,104.7843991617252,74.04380051151563,239.13400243570476,5.598967099913625,0
2026-01-03 01:31:00,36.841395373972105,67.65653152696386,212.80884330875875,9.676066161336855,0
2026-01-03 01:32:00,53.070135543879694,59.07786823688884,218.8875203482474,7.2564554657300855,0
2026-01-03 01:33:00,155.23939081732078,64.7522396941208,218.89083340066816,5.717814265127178,0
2026-01-03 01:34:00,105.83230499885397,76.83691024835545,180.7054553020279,7.020964790587788,0
2026-01-03 01:35:00,200.38619689407778,84.36644771897045,169.86669485692812,7.349620864516115,0
2026-01-03 01:36:00,131.96428371938788,43.335677290614484,185.87524787403675,0.3850489454809791,0
2026-01-03 01:37:00,-8.08528651224178,65.42450580597597,213.8240380278393,-0.9961947502094999,0
2026-01-03 01:38:00,37.95686672161133,60.29274602917125,139.32679212441093,8.828945096888793,0
2026-01-03 01:39:00,202.76237233630815,65.38155847243331,190.35293306757427,10.358218766983935,0
2026-01-03 01:40:00,113.02018767870055,62.25554060835687,209.39258253047086,9.550529357269868,0
2026-01-03 01:41:00,28.14720176479088,70.53879366089213,222.15642145273202,0.5157875721601366,0
2026-01-03 01:42:00,72.35826561145754,50.62954336944869,170.20603923967155,2.739169520093638,0
2026-01-03 01:43:00,178.6751542407594,58.47087598343954,169.00547532980076,6.152537701116826,0
2026-01-03 01:44:00,189.2299523531342,61.64812741512426,195.6804338165915,0.7612475706468249,0
2026-01-03 01:45:00,171.02311374753984,102.85927541005431,242.12147290630662,1.0294181932813267,1
2026-01-03 01:46:00,103.9184792268532,38.22546286835471,145.19425466828963,0.8169539498659528,0
2026-01-03 01:47:00,100.29931965994834,29.335047543600197,262.5605386563825,3.0958079857061622,0
2026-01-03 01:48:00,-25.529127715450528,31.33640626605461,198.61291996832043,1.5123307773669175,0
2026-01-03 01:49:00,100.56698833833084,53.909205271081454,212.2284461250218,8.80654785456456,0
2026-01-03 01:50:00,146.50315744658604,72.8296290208947,208.42369499862477,0.006365776428764569,0
2026-01-03 01:51:00,85.62683925703392,66.89064283112613,175.6004403075555,-1.141736511560124,0
2026-01-03 01:52:00,25.23488930643171,63.42969495907188,185.98951837861787,4.589766304755846,0
2026-01-03 01:53:00,117.88852383392532,54.50657313980134,168.6336971727872,7.247481267901342,0
2026-01-03 01:54:00,88.26948795681722,52.63852967072961,215.27253731397712,8.395568925495729,0
2026-01-03 01:55:00,63.19043897752882,80.52295983881478,246.29801190983102,7.28177908408901,0
2026-01-03 01:56:00,145.9430505254972,94.39044632476404,186.33207840967705,8.558397136099435,1
2026-01-03 01:57:00,20.397503406854895,48.202470068465175,191.82447458830393,6.245685926487015,0
2026-01-03 01:58:00,108.52329398443791,65.98586662712184,223.9263863839151,9.116189517037764,0
2026-01-03 01:59:00,204.10851836899886,70.69435518991091,199.98399395397178,2.0504465153021028,0
2026-01-03 02:00:00,160.61051411258558,66.90498707586542,212.77592996757681,6.682811427778153,0
2026-01-03 02:01:00,131.51098419255334,59.05301521147589,257.34341942112485,7.281585743575768,0
2026-01-03 02:02:00,51.40245846678912,74.53394499816588,152.64971023057075,6.488667242300025,0
2026-01-03 02:03:00,89.58827530882228,44.11746775867759,225.06053326393288,4.047652065819918,0
2026-01-03 02:04:00,108.10156563208069,65.44031560700269,215.67751321798295,8.652357117300177,0
2026-01-03 02:05:00,18.776596781447168,37.70312866400869,182.2951549100654,3.0885490993574356,0
2026-01-03 02:06:00,100.30780397428805,97.0660665177359,160.63606015446976,4.751205697673799,1
2026-01-03 02:07:00,49.68148282908042,66.02769446606897,223.9701724270623,4.142427493296046,0
2026-01-03 02:08:00,154.5273342942703,76.33627875769803,155.19354384693344,6.36192966839817,0
2026-01-03 02:09:00,114.00863836798842,99.70748420363086,159.9800277994079,5.41845307266955,1
2026-01-03 02:10:00,145.40221340060856,53.284848017295346,252.4481206605273,-0.7894950148411723,0
2026-01-03 02:11:00,250.00000335423073,52.610257111362884,164.21018448415273,4.073136729307396,1
2026-01-03 02:12:00,132.42289987068756,89.10796287434867,189.6258718033993,12.472485806828074,0
2026-01-03 02:13:00,138.08362005617977,40.49297894749039,209.3631718853615,8.27131519948686,0
2026-01-03 02:14:00,48.185234300783804,47.79495094225993,134.36783790116476,10.186669882222446,0
2026-01-03 02:15:00,73.3940699620692,45.757716457214244,206.29030176531091,5.390910710245988,0
2026-01-03 02:16:00,134.6486258585442,73.65132387049492,171.27286021642482,9.375105635313135,0
2026-01-03 02:17:00,102.9289724015112,44.020638984139914,190.11943619653326,6.265561852369133,0
2026-01-03 02:18:00,165.6031826657739,68.12808631953212,134.92094430674658,8.17305992359326,0
2026-01-03 02:19:00,88.99362860842874,42.63533047035523,212.12529841460628,1.247184614335171,0
2026-01-03 02:20:00,43.823101481734184,58.72741886037768,98.24449906417951,1.948634725696544,0
2026-01-03 02:21:00,149.38982585366458,73.85819198675404,190.04779149581958,11.008619213771357,0
2026-01-03 02:22:00,191.79769193869578,59.12355098266833,219.98608689165752,0.6111972716555876,0
2026-01-03 02:23:00,-16.992409167980213,67.57634187666173,113.74127789530885,5.13667676628703,0
2026-01-03 02:24:00,140.38545273170584,77.11941028884081,179.07219391100932,6.171714997242793,0
2026-01-03 02:25:00,145.11249973184545,57.14107644795021,205.22390466333945,3.7623733775171866,0
2026-01-03 02:26:00,145.87364001716858,55.08715362996364,213.3767190060585,2.2192931222019165,0
2026-01-03 02:27:00,56.11991281370211,100.1044894556062,275.0354017626762,5.009656398680156,1
2026-01-03 02:28:00,120.15052699194467,48.96020872064953,314.1440769562912,0.08209117535856691,0
2026-01-03 02:29:00,108.5262156403361,47.573254609252096,176.40269662808828,10.005015805885105,0
2026-01-03 02:30:00,137.79563878906833,55.25633344583989,232.58865822290346,3.192748999888449,0
2026-01-03 02:31:00,113.51565422544299,69.98446349326258,203.05809440335574,1.5816255699657713,0
2026-01-03 02:32:00,105.42929384130218,50.92000903016924,143.8364369139219,3.6013893591224972,0
2026-01-03 02:33:00,58.27011493326752,83.18506794210981,211.7820185622233,9.826130587343663,0
2026-01-03 02:34:00,126.02279338000946,70.97846188165268,253.14863945260853,7.051994233039734,0
2026-01-03 02:35:00,76.35329811196826,84.92140723228408,94.8104602547484,1.3759061014366845,0
2026-01-03 02:36:00,127.08764515206187,72.65551252240373,205.59734706647708,5.40778786588452,0
2026-01-03 02:37:00,154.29462695374258,70.94945698890209,193.33560491920792,6.27017605994239,0
2026-01-03 02:38:00,74.61301790711971,65.55737671593675,162.43709565911115,6.049099686636565,0
2026-01-03 02:39:00,132.18312467616084,69.89805015440292,253.0360549497962,-2.1232565879659493,0
2026-01-03 02:40:00,49.65945168940561,68.1096640597357,189.08077189152732,4.36775879528567,0
2026-01-03 02:41:00,74.9855542930693,92.14119916999431,161.50901733872848,3.5294565898928725,1
2026-01-03 02:42:00,111.03529458519434,63.73600862893237,190.70465257284462,1.7039638578201375,0
2026-01-03 02:43:00,162.76466496804682,85.304762648057,135.13698268706094,-0.7348791335202405,0
2026-01-03 02:44:00,116.74605329232789,60.56103756564312,198.89063782361433,6.448039502650809,0
2026-01-03 02:45:00,45.84365094444317,79.36442518273742,225.8108832768744,6.393502873346218,0
2026-01-03 02:46:00,72.24399458319024,57.025651653868955,217.20175136605488,1.7202714843624873,0
2026-01-03 02:47:00,164.4939546346062,76.14278303743782,205.5248514154058,2.7046540077516625,0
2026-01-03 02:48:00,120.8945232963406,81.18657670183754,157.0014332366951,4.048960099064933,0
2026-01-03 02:49:00,61.755244612728745,36.95454294341327,225.7998667783731,12.26638405890347,0
2026-01-03 02:50:00,109.45836239771621,72.4672876364814,236.72562253764914,6.648869012457871,0
2026-01-03 02:51:00,65.78781082025877,55.892615399276906,225.2909253742692,1.3195793233232305,0
2026-01-03 02:52:00,24.726464371062747,45.585283841104925,280.3214799895098,3.7596895519426816,0
2026-01-03 02:53:00,104.0749488672486,29.221236054591607,152.32022440856446,4.333365619240974,0
2026-01-03 02:54:00,51.73008435643086,93.59075236856556,247.96035035462756,10.595781050258141,1
2026-01-03 02:55:00,162.18847192535023,39.74546974799475,163.87132023517606,1.8064147537773878,0
2026-01-03 02:56:00,146.0298218129399,56.68115022971553,231.13562056787225,5.211021531572664,0
2026-01-03 02:57:00,27.25804926257932,78.02640729964699,175.40178056018513,3.237578349566136,0
2026-01-03 02:58:00,78.64850485614038,71.14839798276401,240.4047129484203,4.662082675974182,0
2026-01-03 02:59:00,39.18564028273107,71.28705443911866,203.78104823783124,5.09936263760459,0
2026-01-03 03:00:00,116.77869216376452,51.238522315684605,239.6382608701162,1.1463771335325879,0
2026-01-03 03:01:00,42.843512529993035,51.371502905269,160.4158405760801,3.9428366827439314,0
2026-01-03 03:02:00,115.00068053304146,57.548262402855094,230.796053897062,5.137097332434844,0
2026-01-03 03:03:00,-12.96177857438525,57.08398480282567,185.8010074652386,5.932380522132092,0
2026-01-03 03:04:00,108.96812878465994,68.34076297991582,168.83509383067465,2.0743367104335793,0
2026-01-03 03:05:00,89.75073007091542,70.60690966059587,232.4005680439605,4.532619347079877,0
2026-01-03 03:06:00,3.1419855900067404,46.88298591682073,214.49526845610308,1.512836454692411,0
2026-01-03 03:07:00,47.68709747028579,40.20866206215413,241.7887999768857,4.956054323444237,0
2026-01-03 03:08:00,117.03807614717772,35.30105416162539,219.05992971076162,7.586818192506631,0
2026-01-03 03:09:00,111.15777843878641,76.26148860876906,174.8047284131113,6.68966211350447,0
2026-01-03 03:10:00,109.41876406775418,82.84071367938073,294.5533370340213,7.939408789997088,0
2026-01-03 03:11:00,10.034346742213955,52.40136794083499,188.087511981245,3.8855402313121945,0
2026-01-03 03:12:00,62.01384555861853,72.47878296260822,160.80981398635873,7.815236601074435,0
2026-01-03 03:13:00,77.05980115382127,65.23995096216541,189.40908914257835,8.329574015469689,0
2026-01-03 03:14:00,151.2239817475339,41.04037514737569,202.83866886611878,7.2604735473062885,0
2026-01-03 03:15:00,30.462433741925594,51.3501136644296,241.86474733657715,7.884626075053182,0
2026-01-03 03:16:00,48.115237751039984,60.25250013760962,181.95073719967436,4.585443639144952,0
2026-01-03 03:17:00,38.286161878323654,50.554144487000556,211.8471088002953,5.176917063549971,0
2026-01-03 03:18:00,42.66409007070821,39.0966971343601,218.70014159372965,4.489252395119033,0
2026-01-03 03:19:00,30.676542189573837,64.56030901897935,242.61065136526912,4.123762661254759,0
2026-01-03 03:20:00,105.55610000951563,70.49208301761881,182.32871042492704,1.5184484903394964,0
2026-01-03 03:21:00,28.816274653116054,37.013055137858835,177.91826261164775,-1.6795776147148587,0
2026-01-03 03:22:00,99.87398794399738,64.34692776823383,233.0600232534735,4.628909653742828,0
2026-01-03 03:23:00,29.009358575612794,50.284924931151316,127.25353296599512,5.8786376568140355,0
2026-01-03 03:24:00,49.265640728074814,80.63224271013179,181.82707661493527,7.044490882078835,0
2026-01-03 03:25:00,130.966654649637,51.86219397607176,246.33733769357542,5.096238775014309,0
2026-01-03 03:26:00,153.8408240837701,68.57582362360728,142.28376070735752,2.330867824157746,0
2026-01-03 03:27:00,119.15429130869619,67.57545807648518,200.0744848745027,8.731864124437266,0
2026-01-03 03:28:00,69.90108856103905,64.29810485770551,193.6808970673342,4.781089218189176,0
2026-01-03 03:29:00,91.63748505344685,66.67637475963262,165.7764215694115,2.316295618183592,0
2026-01-03 03:30:00,-15.089301067633954,80.7334568400702,207.35361382048256,0.7581266193490412,0
2026-01-03 03:31:00,129.27636343719516,50.933655182475135,88.86553352916407,2.724080295692434,0
2026-01-03 03:32:00,77.20559768117401,68.6226799812321,216.58679006226683,9.92059086531073,0
2026-01-03 03:33:00,63.68681359975441,65.1292627339606,245.00971977686268,3.389931045647874,0
2026-01-03 03:34:00,102.0715325959054,70.15061647968857,147.8424067853445,7.235166326399025,0
2026-01-03 03:35:00,137.37745267497291,81.3812138890471,242.59693963284604,5.414541683044667,0
2026-01-03 03:36:00,97.17546264129564,64.48964432195768,191.9222234098097,4.932330193248465,0
2026-01-03 03:37:00,159.2585248529561,58.1088313524941,251.22089655020153,3.9611599350771924,0
2026-01-03 03:38:00,136.0807056090958,67.15221765307669,183.27408085001713,5.528254340445981,0
2026-01-03 03:39:00,116.28709749842758,95.48950168734387,264.43160657626186,5.459137592554372,1
2026-01-03 03:40:00,130.27414845980127,75.2129444341201,211.2437046953018,6.662194129575147,0
2026-01-03 03:41:00,147.09507986488126,42.87281401882025,174.55172741750522,4.321465057352694,0
2026-01-03 03:42:00,130.58343027532956,65.29408754813763,149.5933844565824,3.6355089203047894,0
2026-01-03 03:43:00,79.98747587759361,74.1856932167679,241.1216609642354,1.6952354897213304,0
2026-01-03 03:44:00,-17.105917254300834,80.55485744201582,226.04600118917222,1.0372066031258544,0
2026-01-03 03:45:00,93.5788145209135,81.8633152260185,195.30287871433768,3.9262266532460437,0
2026-01-03 03:46:00,141.64012651078758,28.26198631802553,198.27688670338415,3.690503068783857,0
2026-01-03 03:47:00,137.51176182572476,34.88554624027347,155.45601994106292,0.14406094022485405,0
2026-01-03 03:48:00,120.58033616370518,80.353036273008,114.77226330445164,6.952474597285978,0
2026-01-03 03:49:00,100.85824971398831,72.37255112912031,134.9060664726394,3.032901070741832,0
2026-01-03 03:50:00,159.11356156726686,61.86329570578492,241.1576377494062,7.742913113106029,0
2026-01-03 03:51:00,88.07263559282653,69.90953068198097,244.99280486752298,4.367475804420408,0
2026-01-03 03:52:00,107.43348457511782,41.07990530102321,200.93582602211598,5.138122510147841,0
2026-01-03 03:53:00,80.69338132059087,49.84058716763539,170.83233350889006,4.616675051044656,0
2026-01-03 03:54:00,31.703985970671326,58.2286743982237,176.13494046291763,7.078834296634758,0
2026-01-03 03:55:00,-7.6997592758670095,52.08917925619568,205.3554426159982,7.679724729173951,0
2026-01-03 03:56:00,84.73720590368013,65.56520746962742,191.10213753040176,7.6122382063134735,0
2026-01-03 03:57:00,122.54980703000459,61.44416750355778,192.90504816965705,4.940239198054989,0
2026-01-03 03:58:00,137.31144932123772,46.11430523445213,196.0296562497258,0.3758886494782896,0
2026-01-03 03:59:00,79.49466377361426,86.19126399873242,203.9498695229409,-0.012545873907411575,0
2026-01-03 04:00:00,130.8883148683024,45.519104006683065,254.54772677254746,7.654569535035241,0
2026-01-03 04:01:00,148.14174042104202,68.28384412644375,152.3250872979877,6.537893923464914,0
2026-01-03 04:02:00,93.64059745864702,63.58396955655748,183.7519144961834,0.781052361022839,0
2026-01-03 04:03:00,105.65663660329945,26.172232938712362,108.8702848532911,9.678642919495829,0
2026-01-03 04:04:00,104.02681009712286,44.27543092113127,153.40560119045634,1.8906832381302352,0
2026-01-03 04:05:00,10.255287419673365,64.52404073222127,209.18563966192394,3.975026642431548,0
2026-01-03 04:06:00,138.41192258201124,55.84223628271645,188.92404969983627,3.0396634055137883,0
2026-01-03 04:07:00,145.46703969775461,77.73600301809644,170.71274795762284,3.009063995952363,0
2026-01-03 04:08:00,46.6577987684215,59.314478788405054,159.60779652741516,10.144659792223699,0
2026-01-03 04:09:00,54.05835843870756,66.85518268747433,150.09769537162651,-0.18674973853339338,0
2026-01-03 04:10:00,159.82948118831493,73.12148546036099,184.49248293541658,6.036752777398028,0
2026-01-03 04:11:00,155.1762586109379,55.99415302767387,248.6310581348488,5.134452106440519,0
2026-01-03 04:12:00,122.95897348033154,37.23819666874657,184.05564301008303,2.782627273610715,0
2026-01-03 04:13:00,153.08636881471094,36.71200086455636,149.34221802535106,4.516235566220947,0
2026-01-03 04:14:00,62.41832767124865,74.29568774493515,227.7780445384071,1.164435156997969,0
2026-01-03 04:15:00,95.65183165808105,58.53066749016756,185.06521159164575,0.04290629943875146,0
2026-01-03 04:16:00,198.8751996609888,62.5718518601956,212.8178834952104,3.945384963120815,0
2026-01-03 04:17:00,62.208242630319525,67.06707633790744,193.96687939407502,9.924280336099338,0
2026-01-03 04:18:00,86.49287191076178,56.63125004040415,214.90296806360882,8.09169247414024,0
2026-01-03 04:19:00,34.14578064092083,82.83594322375245,194.2861631111232,9.004065557933295,0
2026-01-03 04:20:00,157.74450917410613,83.3124636486026,195.96523820653593,4.886325467063067,0
2026-01-03 04:21:00,6.028039320947201,79.91355084419669,122.7015569801817,4.460845296749597,0
2026-01-03 04:22:00,139.96344043834665,63.78363359485328,183.79424246559813,4.802819268364255,0
2026-01-03 04:23:00,-5.413265188550213,64.19071850525268,102.61602465226085,2.0526829697683557,0
2026-01-03 04:24:00,143.50348593756144,55.79751309403736,227.18473316978464,8.994139045663216,0
2026-01-03 04:25:00,37.023475680042296,52.323353223036925,242.34803840032535,5.493093102803871,0
2026-01-03 04:26:00,82.5984429551412,46.872172815696075,277.08420404846237,7.821418645378669,0
2026-01-03 04:27:00,120.1718774383798,62.077165727362235,235.0523979650818,5.931065897130992,0
2026-01-03 04:28:00,110.99089457664064,51.440868324520366,155.22692986570914,6.3365416951354305,0
2026-01-03 04:29:00,59.02139731932909,78.39871180823161,228.31793526401646,7.780295154186098,0
2026-01-03 04:30:00,129.74148577024897,54.53732940323292,183.1440976438495,6.342967931369021,0
2026-01-03 04:31:00,151.45195939802164,57.94454712063082,172.75577796398463,5.228769518368416,0
2026-01-03 04:32:00,76.16358931294528,68.8614558053091,221.55943318701122,4.287455701478442,0
2026-01-03 04:33:00,39.42122698449382,38.45634836301481,215.49961249983983,-0.6771994683924918,0
2026-01-03 04:34:00,42.542070378675355,49.249545530870776,181.9395106051639,5.0870239324391875,0
2026-01-03 04:35:00,145.81257514237313,58.73687265381424,213.95701251547936,2.9830893135953276,0
2026-01-03 04:36:00,191.0318743121303,45.92379274088544,249.2419364102055,8.137956636422548,0
2026-01-03 04:37:00,102.64107455114917,58.928676709839394,210.00641790849065,4.147613034101237,0
2026-01-03 04:38:00,69.29834362197862,56.611362042509086,146.60471032203196,3.450741977232592,0
2026-01-03 04:39:00,119.94866844588186,52.920824653868756,168.747927268672,3.7699714702376816,0
2026-01-03 04:40:00,93.8798149378982,93.1161072649605,169.1345866080132,4.275547102445472,1
2026-01-03 04:41:00,77.24155876442599,41.693968100080326,193.37651927511172,8.445269998512579,0
2026-01-03 04:42:00,103.53547130824121,69.95274718520797,231.6403059478333,2.293570207686441,0
2026-01-03 04:43:00,87.49246256240745,82.59846224510011,251.0949684601801,7.234702806525334,0
2026-01-03 04:44:00,107.04502109005688,35.69209680301559,215.68146450730384,6.0710036356382115,0
2026-01-03 04:45:00,87.63539559230206,52.89406402280787,201.20255384579806,8.679382227237166,0
2026-01-03 04:46:00,147.1733655956046,56.84094658854625,221.822648673452,7.466598379157471,0
2026-01-03 04:47:00,196.6943045511748,60.389692813987025,193.78370409058718,3.9615567758645245,0
2026-01-03 04:48:00,121.36891915796281,68.69037068947779,173.4331871543146,4.691790192501363,0
2026-01-03 04:49:00,98.40437912401202,47.53495151997339,180.67956202307903,1.0590336578447617,0
2026-01-03 04:50:00,120.98535949900122,51.37191564921513,207.58554706879067,4.646049617407281,0
2026-01-03 04:51:00,91.035345754072,57.50842628315655,163.77958567291572,7.214354019346757,0
2026-01-03 04:52:00,153.1332531654828,36.176426899388076,238.47687118119163,-2.7401085531579135,0
2026-01-03 04:53:00,145.11264774997903,58.78409166196199,179.22024259427806,3.3869444556131048,0
2026-01-03 04:54:00,168.1537095141782,52.41237972284079,267.17432065063673,5.174509197598913,0
2026-01-03 04:55:00,94.6523612701802,81.02662796194836,155.61881139568462,7.743118609318558,0
2026-01-03 04:56:00,81.33751978954524,51.57846642149819,172.09040942151003,4.1280994117776855,0
2026-01-03 04:57:00,132.81712658406155,59.34282044358809,280.30372076061224,6.547856220776782,0
2026-01-03 04:58:00,71.52074522218706,54.07726959145672,160.3215631912036,7.15969007166014,0
2026-01-03 04:59:00,66.40365382247109,69.44299862512389,237.56998813734157,1.8015816999505634,0
2026-01-03 05:00:00,136.8141986848498,53.208006882972974,184.8415822356116,9.38201645007593,0
2026-01-03 05:01:00,39.66302040696782,58.85469402649954,175.5020095468544,6.48297044556044,0
2026-01-03 05:02:00,60.88591369371437,48.433001754677406,233.25019251073599,-0.16265890289660767,0
2026-01-03 05:03:00,76.6358134408357,70.00228145469222,156.59562595412189,7.532829983355787,0
2026-01-03 05:04:00,36.204746599098584,59.03155392267393,168.72852702998088,3.19442679121539,0
2026-01-03 05:05:00,55.37627193841008,55.69402372464859,222.97151098995027,5.196795378109323,0
2026-01-03 05:06:00,13.777401307445885,61.16124660508345,169.59200132613606,5.49980750245903,0
2026-01-03 05:07:00,90.3349614248016,41.79295815765758,160.44500546668766,3.977812954003231,0
2026-01-03 05:08:00,127.46201713213387,50.790355623929386,177.25143998877707,6.690598482176139,0
2026-01-03 05:09:00,67.14686377909456,72.99122975245442,213.2430626043595,6.233725435380107,0
2026-01-03 05:10:00,102.32380903415397,81.99421908340481,234.31142953482802,5.663030849413267,0
2026-01-03 05:11:00,122.04566042706612,79.81432887705726,239.9776622266793,2.449389723532504,0
2026-01-03 05:12:00,64.61159851168378,59.15557373829309,162.68664580243262,8.611528148287832,0
2026-01-03 05:13:00,143.9558301218898,52.54207203805566,170.4426368776774,8.6618406223632,0
2026-01-03 05:14:00,63.00837853580419,76.39754007173067,212.28981945267563,3.4377076880219213,0
2026-01-03 05:15:00,126.09711895753433,55.2330050741148,249.63573933526249,9.475164141731641,0
2026-01-03 05:16:00,94.58185025669206,60.20686407554269,174.99487841211595,4.6616838266280425,0
2026-01-03 05:17:00,142.10904741677817,48.86888944489825,223.4228957940421,4.088526842169763,0
2026-01-03 05:18:00,93.99795458058603,51.948067332613405,236.01634195083287,7.296385401342457,0
2026-01-03 05:19:00,145.26728074940237,56.1796261366373,174.91034098234428,4.9740206332927865,0
2026-01-03 05:20:00,95.48863895111012,37.287754824530936,160.56520080461758,7.001044951430032,0
2026-01-03 05:21:00,74.07283432975807,55.15730563260381,215.91808897920112,3.070173168994531,0
2026-01-03 05:22:00,80.38291389205133,84.90704317649482,208.7766502569285,5.212224701914305,0
2026-01-03 05:23:00,159.10510110227244,38.50969685320017,214.75016618741344,8.635385681417311,0
2026-01-03 05:24:00,77.64789746483478,75.36950739068402,230.7778010603702,4.4231883234600105,0
2026-01-03 05:25:00,139.5155358015732,53.48492713060583,242.63056232206202,6.470778966355667,0
2026-01-03 05:26:00,149.75196992650814,59.737664230834255,278.71879663306413,7.913097488088249,0
2026-01-03 05:27:00,57.6353013462839,62.35947312652634,213.3016497610966,4.679228764062198,0
2026-01-03 05:28:00,108.48167115175778,65.7726892353804,201.7421057089789,1.9723133397709747,0
2026-01-03 05:29:00,32.22553165319921,79.16932182219878,221.35844324835304,4.235777137729718,0
2026-01-03 05:30:00,140.0740463091841,46.749111207776515,226.18472919415552,9.44830924623323,0
2026-01-03 05:31:00,93.19561464779683,71.11809096047782,232.83808176961452,9.421278476402591,0
2026-01-03 05:32:00,100.21113519288309,95.28060608131936,226.76345553776235,3.8454554229790077,1
2026-01-03 05:33:00,177.1753082301475,53.220291482434305,162.95381531543984,7.248859748252454,0
2026-01-03 05:34:00,91.85673028510163,61.5445822913012,129.89451200502708,2.8440422733551336,0
2026-01-03 05:35:00,49.62480244413071,45.52264303111346,159.12855925054643,-1.2684636073901192,0
2026-01-03 05:36:00,63.796027652519186,61.04650904410636,160.01851352350837,7.7746915389720055,0
2026-01-03 05:37:00,100.9425147172758,61.1138734287847,187.39773896847512,5.047802112697938,0
2026-01-03 05:38:00,85.21792869008924,67.29937350818993,229.6184960537307,7.490669439343578,0
2026-01-03 05:39:00,117.7163060793166,53.9545464155739,148.5616936339108,3.819676438227486,0
2026-01-03 05:40:00,123.14152311947169,61.08563267075451,158.22483739744334,1.4173697025780236,0
2026-01-03 05:41:00,74.43741777402491,62.74627771264135,181.95965648335468,2.8204639096712083,0
2026-01-03 05:42:00,173.94474342263257,48.7845654008687,139.73252008977445,4.430424930600529,0
2026-01-03 05:43:00,140.0095692176015,56.38705854194879,217.95244785869772,7.970117480958676,0
2026-01-03 05:44:00,159.20175904312924,77.2593004431538,286.4713325604545,1.8050589482604513,0
2026-01-03 05:45:00,35.51473496101801,73.30857209986446,239.76481314441685,5.43186641945744,0
2026-01-03 05:46:00,95.99412944434293,49.706340458455365,216.43527850350387,4.69359598382721,0
2026-01-03 05:47:00,38.91524204302919,73.87218777973199,205.24475837756034,7.956174082449909,0
2026-01-03 05:48:00,126.39483827792242,45.495779693910954,170.119738486412,7.85541950207349,0
2026-01-03 05:49:00,98.60291759428037,53.49125710444879,145.70102734542306,10.24905475204593,0
2026-01-03 05:50:00,28.012031377161378,73.00140180025625,184.76038957515198,7.391926592147567,0
2026-01-03 05:51:00,41.89105877099366,48.77634441817834,172.586786011782,3.122584806419014,0
2026-01-03 05:52:00,122.60194194707253,43.20775910641338,202.99746687792862,1.583506771240394,0
2026-01-03 05:53:00,189.25177049730337,52.18727382170544,237.52570804820573,-0.16412381481182514,0
2026-01-03 05:54:00,19.835357050381504,48.82989019421782,187.08965024797584,4.565974662415959,0
2026-01-03 05:55:00,90.7351541701545,69.66263063017689,170.155010600015,5.417669689549932,0
2026-01-03 05:56:00,166.6908571717274,68.23226702894782,208.2253494276862,4.785668428093553,0
2026-01-03 05:57:00,87.47413978903225,43.152320296853254,117.78427698960132,7.93385123666831,0
2026-01-03 05:58:00,111.95043091946829,55.716090579928945,187.32575462267835,3.660675821969345,0
2026-01-03 05:59:00,176.3791919696544,78.64541455866268,150.76507321984298,4.041679279543901,0
2026-01-03 06:00:00,65.2038350039319,40.02779997946822,194.33200706054532,7.71429379325677,0
2026-01-03 06:01:00,105.45039403892753,58.98102176547994,194.58895736073808,1.6427478774555455,0
2026-01-03 06:02:00,95.0661626061745,48.37068348396801,205.51020511951955,5.994868140577664,0
2026-01-03 06:03:00,80.64427054741819,52.593529854215674,215.93493730148575,5.809123740922129,0
2026-01-03 06:04:00,54.62494089521412,91.15320250214572,233.75858815054548,8.559263503627115,1
2026-01-03 06:05:00,158.06655311957826,60.40061876064654,202.42067536852647,6.958714018854796,0
2026-01-03 06:06:00,108.30546732934556,53.13858976990761,173.80635293926395,7.668399012522775,0
2026-01-03 06:07:00,95.26020618038534,64.29642182718861,186.29824347964413,5.34168396020251,0
2026-01-03 06:08:00,75.3809878084837,48.186851872583034,202.88044610581133,5.11955569379665,0
2026-01-03 06:09:00,23.726504436475977,38.239568865214736,202.1488291959678,0.5434592530575326,0
2026-01-03 06:10:00,89.81163261993314,37.99602199676271,192.17069540085825,4.347270215577329,0
2026-01-03 06:11:00,1.7590333758348606,71.10924416648626,227.84581755035566,4.722619622976243,0
2026-01-03 06:12:00,97.87175178355855,53.194045034430474,205.22353074178008,8.437451747217462,0
2026-01-03 06:13:00,6.996375761474695,81.82713391454426,275.2818220988233,3.1854796203121665,0
2026-01-03 06:14:00,132.81220249542147,81.95029920261837,244.04831785931933,4.365966021164212,0
2026-01-03 06:15:00,100.60966022040168,68.58951921844069,215.926549164399,7.269922529360819,0
2026-01-03 06:16:00,85.80162073617986,40.34277549002025,242.61553736373463,9.733369006364377,0
2026-01-03 06:17:00,148.16968913375732,71.10330261617702,179.82593432806783,2.959754669365486,0
2026-01-03 06:18:00,173.3477870845927,50.309279088031275,240.17009142805512,4.806001620708557,0
2026-01-03 06:19:00,72.14310128450258,67.67185893756252,240.4769969351044,3.050543040889433,0
2026-01-03 06:20:00,66.41781207388516,47.41289724036632,157.6655429992228,6.120308932038358,0
2026-01-03 06:21:00,165.73242267739403,73.92890309956182,204.0677682208113,5.425248337489112,0
2026-01-03 06:22:00,167.06026222312764,89.38892603924793,263.5480587823452,8.930210387416928,0
2026-01-03 06:23:00,61.984359958846056,42.57002757337705,255.4542804771184,12.495023648924287,0
2026-01-03 06:24:00,102.70450799700279,50.09946031764796,172.20403605845877,5.934779030393873,0
2026-01-03 06:25:00,167.0789545262141,32.95475222077448,225.63286702780812,6.242097373931195,0
2026-01-03 06:26:00,-10.266921266504554,62.4299886220496,217.51437196775797,3.6349258891905523,0
2026-01-03 06:27:00,64.24352269453567,77.4456294798735,199.94064443992878,8.127968369402447,0
2026-01-03 06:28:00,185.26049587829854,71.87143051612428,215.6749517934795,0.5503936156341318,0
2026-01-03 06:29:00,176.39414749899095,51.49055417383115,148.66122186856848,4.864209210971112,0
2026-01-03 06:30:00,136.9905832721629,59.751933520951745,205.86379622643696,5.536756614373646,0
2026-01-03 06:31:00,51.0484297185851,51.89211385431185,160.7806086523084,-0.8703281578683422,0
2026-01-03 06:32:00,99.59278054812263,66.25034907062958,166.96057469798137,9.613573829135882,0
2026-01-03 06:33:00,54.49560630184771,61.78686290887752,141.85983744500697,6.214554246456787,0
2026-01-03 06:34:00,87.74457019765217,67.75856032885409,195.77336833736976,2.945142639945937,0
2026-01-03 06:35:00,103.52461129356587,67.78413648532627,183.6631436434978,5.955986193749867,0
2026-01-03 06:36:00,42.17472387532894,96.29607742949375,159.14778987345866,11.438417173059147,1
2026-01-03 06:37:00,32.68784086766787,28.54074987217429,128.6579327739999,5.2337761163522405,0
2026-01-03 06:38:00,110.94827744149578,74.23531800725893,188.27262647932864,7.600377481633283,0
2026-01-03 06:39:00,85.48808249016355,60.73101279021385,177.0730575764715,-1.3224405888279822,0
2026-01-03 06:40:00,128.1322957706927,70.35966567284132,207.62161194780066,5.635381253470178,0
2026-01-03 06:41:00,37.5320151721764,66.15618064366262,215.2950169277056,6.802746405331584,0
2026-01-03 06:42:00,35.593219539847766,86.1898732166649,254.27690036593555,-0.5665348345699055,0
2026-01-03 06:43:00,90.26410935841598,70.40004403529203,183.12006291272954,11.304386639546689,0
2026-01-03 06:44:00,100.5038046631548,64.83995049289791,245.66545292070768,4.146170131331817,0
2026-01-03 06:45:00,125.65504805872902,45.47529733795142,255.88911195917893,6.1469636632152005,0
2026-01-03 06:46:00,165.57964835094697,67.02944107724937,203.4159040342723,3.969365450567362,0
2026-01-03 06:47:00,14.19464249809765,41.09390809413444,259.69640708562076,7.3006386893469495,0
2026-01-03 06:48:00,115.38875413914602,68.60866238133708,132.51568563311224,3.8093737594929644,0
2026-01-03 06:49:00,64.62073282292484,73.55838779345923,226.39511828475605,4.985598685939759,0
2026-01-03 06:50:00,23.164952605837712,47.00744270436478,155.1230996193077,0.64517549154266,0
2026-01-03 06:51:00,118.69671343399511,53.84476977674534,123.08148825032592,7.172475377510887,0
2026-01-03 06:52:00,60.79193435789597,43.87132092321788,180.98906020943127,5.243181070941141,0
2026-01-03 06:53:00,140.36150734540405,81.57458750828741,209.2719609409188,8.552940095871463,0
2026-01-03 06:54:00,127.27546731379341,83.14408436883929,144.9764299260369,1.8993648212239336,0
2026-01-03 06:55:00,160.3519180812541,73.23863756290828,224.04680306749708,6.8568085704262085,0
2026-01-03 06:56:00,134.1347830216345,57.688525483384225,116.77796088662392,0.6691259183894118,0
2026-01-03 06:57:00,90.78610697739914,59.94733466973447,194.8064650097398,8.379413939215173,0
2026-01-03 06:58:00,87.99352240084407,59.58354644224782,185.68739232198357,2.1814034243975886,0
2026-01-03 06:59:00,53.65767168375932,63.99473707234144,238.96385107637582,3.539019276320206,0
2026-01-03 07:00:00,51.70524854174363,54.24101956310541,206.2921525486679,3.1772642563379305,0
2026-01-03 07:01:00,11.45142925863729,54.571068875841284,186.2805432732066,5.065873407216494,0
2026-01-03 07:02:00,72.05266254019718,49.900429613820975,230.45195183781394,8.673864192042963,0
2026-01-03 07:03:00,101.58981049576641,64.34135886957039,225.46643558827168,4.684949507514367,0
2026-01-03 07:04:00,47.72972081259012,67.62686309964072,211.203263349013,1.941144684968398,0
2026-01-03 07:05:00,76.27867938440778,48.87057001140651,260.11035387430024,9.296548743576148,0
2026-01-03 07:06:00,96.34635855911274,68.53069307535105,164.5262677887461,4.371886971566059,0
2026-01-03 07:07:00,37.661424314281,80.69431087087563,202.72452887751905,3.8299247621311245,0
2026-01-03 07:08:00,137.68481505086768,45.0702357940942,205.6355695549636,1.6144165716553207,0
2026-01-03 07:09:00,130.04629549496715,59.81504226012465,177.81805898583315,5.1871251691675155,0
2026-01-03 07:10:00,40.85998569568019,66.11638693425046,272.56086449920105,5.942922474387512,0
2026-01-03 07:11:00,159.50919197667366,37.220218848065024,220.29993260745817,10.370552311271753,0
2026-01-03 07:12:00,42.80937111381494,64.81062343326683,200.08975605272155,0.44975774302926386,0
2026-01-03 07:13:00,181.31064816063957,89.42312655701781,236.24001640422924,5.240608821985521,0
2026-01-03 07:14:00,94.69781531688756,52.24379446625586,146.59948563397248,3.1168131869918407,0
2026-01-03 07:15:00,56.88361000403545,47.746255469898756,190.33958262407637,5.312197791237118,0
2026-01-03 07:16:00,146.4846134865292,67.48893153777877,207.1437905006901,5.138486517021118,0
2026-01-03 07:17:00,238.8862408324558,22.098697510070814,212.17732397095438,0.9877863672964171,0
2026-01-03 07:18:00,153.91647655544145,33.17491669681719,236.5778500294526,4.659479553401599,0
2026-01-03 07:19:00,136.17254924402687,67.9261903075796,172.93968683178093,9.441034079998659,0
2026-01-03 07:20:00,80.59914361908564,58.76660162731631,207.79121531950773,4.892620906017687,0
2026-01-03 07:21:00,161.7238625338989,30.921009157502365,161.72372053824563,11.807182341162466,0
2026-01-03 07:22:00,-31.19550332328231,49.01863909704442,135.6937191169629,1.5685762345073564,0
2026-01-03 07:23:00,212.03340558777785,96.20023785861392,198.50327189219644,4.8106819941075445,1
2026-01-03 07:24:00,74.37805083209363,85.77739359958687,209.0505985608909,2.8935268732504125,0
2026-01-03 07:25:00,97.78624207685682,76.23648566320762,238.8696786496841,8.744293675753354,0
2026-01-03 07:26:00,80.7703165621323,58.21242539220529,254.48770642793656,6.814587477091701,0
2026-01-03 07:27:00,181.96134819815398,67.90253601042309,188.71741805913305,5.659771703860496,0
2026-01-03 07:28:00,87.53119612883069,68.21434009428421,219.74735788409433,1.0131635250274034,0
2026-01-03 07:29:00,66.32021190325733,30.570125880070268,193.603871577802,13.235230612691755,0
2026-01-03 07:30:00,96.55401567021413,67.4011941845836,269.22769771522576,-0.40287022636709224,0
2026-01-03 07:31:00,123.18622860526528,74.18978140901366,200.45810135408277,2.6665832592342644,0
2026-01-03 07:32:00,88.93536375551946,38.485759770673695,198.31223028029223,10.927032867130771,0
2026-01-03 07:33:00,95.26492981945407,81.15643757326187,144.2610628209781,11.102801142251579,0
2026-01-03 07:34:00,152.55142041490728,59.7987775440515,232.06409312602634,6.147071728906073,0
2026-01-03 07:35:00,53.8881724622077,62.73226800830411,129.7085566620299,7.855414132369343,0
2026-01-03 07:36:00,97.46432659525416,46.42225925509824,227.12026674864973,1.56243700644871,0
2026-01-03 07:37:00,114.60463313893266,57.736815918068984,167.49568533750391,4.089549555911062,0
2026-01-03 07:38:00,76.79771315709027,54.73033724246455,211.82029356472648,6.921422882311344,0
2026-01-03 07:39:00,67.36024074128198,77.44376147194784,207.08692966270286,3.637266612898694,0
2026-01-03 07:40:00,215.44577341138532,47.196731054216485,218.46408793311838,7.982005908809258,0
2026-01-03 07:41:00,102.70968219193907,60.46969380685937,194.3373214017602,5.605517479914383,0
2026-01-03 07:42:00,124.4000702201945,64.30174246044427,195.71469530821838,0.9713296419213027,0
2026-01-03 07:43:00,82.99273386497566,48.04172669999217,183.42145740714625,4.488198729921111,0
2026-01-03 07:44:00,59.24441700667294,68.12842173546277,202.86112944579003,8.54443733803735,0
2026-01-03 07:45:00,180.4043364710538,83.1985064460394,224.6560169960272,2.3503692715912288,0
2026-01-03 07:46:00,107.39176293306113,39.17658325317529,177.01546062363974,3.806251272529875,0
2026-01-03 07:47:00,142.56798576342234,19.958596608508387,184.75079946312007,4.5979950869518245,0
2026-01-03 07:48:00,63.21760897029379,53.074611242342144,202.16085365547,4.909059905967811,0
2026-01-03 07:49:00,73.3503479827638,69.08770545898444,182.6590066772626,2.0942119195703865,0
2026-01-03 07:50:00,101.77048825279049,72.23208163462449,207.97086418525637,3.7243325838237085,0
2026-01-03 07:51:00,65.46373427343528,61.41901218258238,150.59637966234948,7.769217434406025,0
2026-01-03 07:52:00,108.37321658615505,80.67251508523356,195.51713087380335,3.4589162915990386,0
2026-01-03 07:53:00,106.60612139781888,49.493594992337236,152.25738042759963,8.890447786990084,0
2026-01-03 07:54:00,162.60602752444993,60.185455174396985,245.20200184898474,3.63043152914065,0
2026-01-03 07:55:00,100.14734923970579,46.83631324706374,202.2978471408641,6.924178355928461,0
2026-01-03 07:56:00,131.9375916824366,80.68538142495198,176.06527177287953,5.90259581152121,0
2026-01-03 07:57:00,122.62624784672684,58.6699833318805,208.3124202385015,11.114817059774492,0
2026-01-03 07:58:00,157.17387727615534,44.97850610348039,247.30147113852712,5.566506285969886,0
2026-01-03 07:59:00,83.70561637143412,63.13950493824358,171.66168851736353,9.36440698471693,0
2026-01-03 08:00:00,119.20503257016534,57.950170870784405,194.62826012961256,8.473680958082658,0
2026-01-03 08:01:00,137.4559872967577,89.85269790562502,183.9744273562818,11.93627359814923,0
2026-01-03 08:02:00,2.130215911846193,41.327784364236884,274.01405099192436,-1.3845250037616523,0
2026-01-03 08:03:00,110.42276532090285,45.65925924610277,196.82424736089675,6.304219340777747,0
2026-01-03 08:04:00,131.20667961476585,61.15680742531855,177.0462035108329,5.278086890218204,0
2026-01-03 08:05:00,161.95705274692682,29.671335060391407,211.12786800953498,5.6531053899303405,0
2026-01-03 08:06:00,105.15512288294892,56.203675057632324,107.7184764769786,6.177952019754025,0
2026-01-03 08:07:00,47.77629635715894,58.31956373250656,228.74833791825782,7.166467971281001,0
2026-01-03 08:08:00,41.94823807222521,58.111493286627805,192.85634903715953,5.630903102695884,0
2026-01-03 08:09:00,191.4911627201983,66.90491671443851,263.6542788891029,2.5085544481260738,0
2026-01-03 08:10:00,78.66091768281757,82.82320213880936,190.12794193478737,5.624409099616606,0
2026-01-03 08:11:00,81.34965067036597,53.98645193586856,242.61605608213165,7.772453118285441,0
2026-01-03 08:12:00,108.37993738373565,54.62140024911612,178.5837470670506,0.9293325925364027,0
2026-01-03 08:13:00,32.125796581869565,57.71238535202456,149.81942498150903,6.955621492984985,0
2026-01-03 08:14:00,112.4303226657887,27.469128174031212,209.28984869383316,-0.08791876661778275,0
2026-01-03 08:15:00,180.91429706243798,71.1932746828967,233.67965143764408,1.6483464444597073,0
2026-01-03 08:16:00,108.41023606796905,56.1418608804931,266.27790489095025,4.713313460831546,0
2026-01-03 08:17:00,85.31603092702998,64.1139460272287,209.54110863741334,9.85947642749869,0
2026-01-03 08:18:00,62.667489653579544,63.512309762046186,255.1462533139358,7.30792685018257,0
2026-01-03 08:19:00,45.38469985214112,59.89408818200574,172.06944874268163,9.14225001675236,0
2026-01-03 08:20:00,93.42795874600733,70.79637326914258,118.16037674341844,1.8231838021395812,0
2026-01-03 08:21:00,79.23827366123899,57.922938503314995,210.00183740467182,11.517500011012842,0
2026-01-03 08:22:00,70.1476432806558,53.51111662461786,165.41199176459392,3.2965358606810735,0
2026-01-03 08:23:00,165.15680843611148,79.41933002853538,239.15678044272832,0.5725713808708148,0
2026-01-03 08:24:00,182.83866231908206,53.506240846793276,166.0739345685987,3.033005406843163,0
2026-01-03 08:25:00,139.02748878572316,76.06300136502749,180.7461698229863,2.445833019359152,0
2026-01-03 08:26:00,66.96164922830859,56.788649172509274,247.29620131452566,0.2623177211991363,0
2026-01-03 08:27:00,163.3106721465232,77.4730741329011,201.6982511396687,5.919802217118943,0
2026-01-03 08:28:00,16.913055588695073,52.272329625782746,179.1595827900785,7.569022630971709,0
2026-01-03 08:29:00,88.90640150986698,41.99997094849655,202.83258429201948,5.101191732992767,0
2026-01-03 08:30:00,9.754008720383126,63.54125639479163,175.3735530511259,4.563433411449316,0
2026-01-03 08:31:00,137.8674225862821,41.33547669377814,202.22837066054717,3.1250048728533266,0
2026-01-03 08:32:00,199.49269514055862,56.022974825773844,225.12995966402195,7.990280825925417,0
2026-01-03 08:33:00,110.72642606445311,44.63197544873594,160.5247152285429,9.291648682502107,0
2026-01-03 08:34:00,67.11961668834209,97.93567140151366,193.83566450843807,4.0032367577375,1
2026-01-03 08:35:00,-35.852325438672835,51.618722011410746,197.33707386159708,10.727201770988529,0
2026-01-03 08:36:00,120.77569799012545,62.279391585763015,222.57414068847743,8.738295448955771,0
2026-01-03 08:37:00,100.85583872965366,86.72730085615939,217.29752001928708,4.996828475986862,0
2026-01-03 08:38:00,91.31394157319143,66.32172429950603,186.66756349417338,7.546662332097723,0
2026-01-03 08:39:00,160.62373287070773,40.90696682335685,165.70795880358898,3.6936569151560983,0
2026-01-03 08:40:00,135.4442914951835,58.08980323897434,221.98781134590777,10.200478752270453,0
2026-01-03 08:41:00,97.51158775888125,34.85972903282826,195.53829313473275,5.5979183487128665,0
2026-01-03 08:42:00,103.37040404796576,73.08063728601941,206.0800070379709,3.7292854879844386,0
2026-01-03 08:43:00,83.27467513434527,26.16893345286678,134.86390071944373,6.618713369278012,0
2026-01-03 08:44:00,116.0520830938946,63.343011393818955,218.73980727365455,4.825970296346623,0
2026-01-03 08:45:00,191.64916947732942,86.65772056797674,216.76683430263404,4.473237116113972,0
2026-01-03 08:46:00,154.65982435435762,51.66553351832225,163.16039359600703,8.647364396327509,0
2026-01-03 08:47:00,25.294096129322682,45.32930531444819,159.65049216983346,5.068697949821894,0
2026-01-03 08:48:00,177.27654746317972,80.26075021907803,170.0192523359917,7.756701878715696,0
2026-01-03 08:49:00,129.83258435093234,48.435956006533516,237.78094020608853,4.056605907943965,0
2026-01-03 08:50:00,54.17960062824019,72.53406399083931,251.538240932093,6.370259270667953,0
2026-01-03 08:51:00,22.13067168502704,62.631106274982095,188.89242507228838,4.929331941851373,0
2026-01-03 08:52:00,172.6128913707234,86.33397051201023,194.98409319372922,3.4413568934414784,0
2026-01-03 08:53:00,146.9950514710214,66.2868504055567,135.07367608924437,5.471660348738871,0
2026-01-03 08:54:00,100.30296970204861,75.16795958672138,248.35573990454,4.923634327091834,0
2026-01-03 08:55:00,85.41724965751683,47.694638101389145,118.68906849293788,4.184820395976776,0
2026-01-03 08:56:00,132.1261157801558,91.58510152068214,195.92259705626572,6.85746178408996,1
2026-01-03 08:57:00,130.21295542514184,85.08413572435882,268.5359186676706,3.617010699642536,0
2026-01-03 08:58:00,128.96532372265904,62.64203277295603,162.37279076904937,-0.5163751110756722,0
2026-01-03 08:59:00,126.52810298169801,49.27790105999654,232.35058246095352,2.6868066422022228,0
2026-01-03 09:00:00,112.57427318449663,48.49538982810846,147.94905274940396,4.10784979833742,0
2026-01-03 09:01:00,113.50151218706907,74.03188587568066,243.47005948858913,7.830393837408103,0
2026-01-03 09:02:00,6.300612821879199,60.439078107833495,196.41651475813634,2.2405171031710713,0
2026-01-03 09:03:00,96.0741603133609,44.62071461656747,141.06844412034292,5.305942706495188,0
2026-01-03 09:04:00,65.69153886075014,64.18741638829445,253.97968133402696,6.272312291152831,0
2026-01-03 09:05:00,79.67408579994418,81.68914996102691,215.70019131421455,6.2772066762496745,0
2026-01-03 09:06:00,188.43960528774636,73.79024616144808,288.62369122457926,7.783640911765358,0
2026-01-03 09:07:00,57.829206008378925,63.531197356171454,236.23212482770282,3.2534520618942757,0
2026-01-03 09:08:00,149.8133169884419,46.567682209181015,195.06273579180106,2.4895586679242276,0
2026-01-03 09:09:00,73.6697463567607,43.8635888602,196.6511474991388,6.064583040124231,0
2026-01-03 09:10:00,121.7860815412372,87.04567180858717,156.20602006748862,1.5549715125540429,0
2026-01-03 09:11:00,90.1273483610496,54.41085000550789,157.97560915491889,7.86564296004776,0
2026-01-03 09:12:00,114.49009666274057,27.726777586252503,229.13612830238984,1.6078831955096167,0
2026-01-03 09:13:00,129.82542800223735,52.738300134381284,149.9473491343577,4.36036135918086,0
2026-01-03 09:14:00,86.58658066285423,51.0741773051698,110.77715541209633,3.592785294420192,0
2026-01-03 09:15:00,135.55717527574126,46.50438641417489,159.03559722043272,2.528292156380466,0
2026-01-03 09:16:00,34.028169143480596,72.81966709115174,221.53845765069894,1.546417682519416,0
2026-01-03 09:17:00,105.3696282500052,12.47716224293658,279.9877074555592,6.886043658629679,0
2026-01-03 09:18:00,93.98996738361058,48.558647856206576,229.1551618244464,6.137715931921336,0
2026-01-03 09:19:00,164.05949962773775,77.05334931137614,148.4212216624142,0.29519824157715746,0
2026-01-03 09:20:00,71.10168773084783,58.49586080209315,169.5125582889056,3.7628108748728013,0
2026-01-03 09:21:00,69.46071536378089,48.33665491463842,237.1123930754639,2.3449341039343494,0
2026-01-03 09:22:00,89.2303349544764,25.5934994820916,183.758499561274,2.9092074000945916,0
2026-01-03 09:23:00,66.28402310449263,104.96742292755961,181.3291043311313,9.191411800631236,1
2026-01-03 09:24:00,128.67693995250852,74.13479533050918,216.5095800528004,6.16719883753444,0
2026-01-03 09:25:00,220.152213802006,49.71195334885573,215.05273406344477,3.9637124745118353,0
2026-01-03 09:26:00,64.3258933371179,64.93853682614332,105.80228640010844,-1.2318921172395658,0
2026-01-03 09:27:00,146.30835211530967,70.3559112621791,137.57250305961966,4.421809003030077,0
2026-01-03 09:28:00,96.44322906769374,81.66674580865504,255.35101941092955,9.492158620107766,0
2026-01-03 09:29:00,40.250545438350684,61.545889393734264,220.33943214188554,6.547159447455064,0
2026-01-03 09:30:00,77.3546866482337,38.62584040541151,147.554000058839,6.553825281647158,0
2026-01-03 09:31:00,34.916261716867396,84.91831225025275,241.7362887329345,2.555971619461918,0
2026-01-03 09:32:00,142.62441178208937,24.430080974751043,273.57861640248825,5.846429465976282,0
2026-01-03 09:33:00,138.25002467546,29.54766719840574,211.7103251719829,1.8598687900031692,0
2026-01-03 09:34:00,33.42852806219034,63.55733248596812,203.92193295258895,5.126248742342858,0
2026-01-03 09:35:00,63.136308640607155,55.321800488115905,202.4781060147206,3.1690953815030545,0
2026-01-03 09:36:00,86.11120225633312,60.68568267673913,264.5559906863125,7.3816530499231,0
2026-01-03 09:37:00,173.1456237274171,32.34620394327894,158.0735337569161,1.9229157733159594,0
2026-01-03 09:38:00,81.52243403888363,34.977702858486865,178.06508328247216,3.046066486305288,0
2026-01-03 09:39:00,92.82035582158417,55.891884965344055,216.7749491833602,2.5021715004267016,0
2026-01-03 09:40:00,50.857205267197536,90.11355251770185,209.39851007497873,3.3967950842014716,1
2026-01-03 09:41:00,141.02145971478888,79.91401057510623,178.07989404393547,1.9836849028138568,0
2026-01-03 09:42:00,151.36557819189713,33.65176032554038,207.87620346122287,9.852593320808346,0
2026-01-03 09:43:00,150.8902728612229,42.63905025369647,248.8084036451474,3.677391778437816,0
2026-01-03 09:44:00,148.77029748125716,52.593262262579906,210.41922541583762,2.7372794190969527,0
2026-01-03 09:45:00,68.91106355998998,38.09634456404356,203.31966330676494,1.9599640967823082,0
2026-01-03 09:46:00,62.33153847036771,64.57675808810572,244.5788169983363,4.307410273839947,0
2026-01-03 09:47:00,121.23031747861623,57.275855022970774,160.8866651598919,4.945577710274375,0
2026-01-03 09:48:00,70.78940691653717,51.967905675337995,200.15445333957135,5.855542942514747,0
2026-01-03 09:49:00,44.76185252792673,65.66693672903446,233.4660537084958,7.0457769759546895,0
2026-01-03 09:50:00,153.2734236786725,70.70804590809193,222.71475936644507,2.699062490667155,0
2026-01-03 09:51:00,195.98884111861315,58.94566663329638,219.82792712599507,-1.9356656620709174,0
2026-01-03 09:52:00,176.28571698420248,51.26759504283828,182.1605721570669,9.620295377281163,0
2026-01-03 09:53:00,181.7254169930112,54.858667290899575,235.21036007531896,4.606578051844549,0
2026-01-03 09:54:00,68.8927880821302,53.20768468095724,237.61333453139667,3.2570496286256896,0
2026-01-03 09:55:00,170.3286448698425,56.76615402888496,203.357921863678,7.0027529362557654,0
2026-01-03 09:56:00,46.80263426139878,70.72251648510696,165.26895442510047,7.661373331181679,0
2026-01-03 09:57:00,79.96132210290882,48.370230326600144,175.60456245248676,9.396881176044085,0
2026-01-03 09:58:00,75.71556949865861,61.72423493408712,206.2703651489706,6.8466410587144395,0
2026-01-03 09:59:00,148.61369067806558,60.758439011806296,224.88507089077316,11.103947428146975,0
2026-01-03 10:00:00,103.50684431658466,89.39081317310342,234.57256403504658,5.549919915541338,0
2026-01-03 10:01:00,131.98619501447894,58.8418991970997,216.9821941536382,7.623085879663677,0
2026-01-03 10:02:00,116.78161846794146,86.14205589879192,127.978594393056,4.595807170584557,0
2026-01-03 10:03:00,90.67637325085829,53.00499549578481,228.05845983031304,3.7419127462266846,0
2026-01-03 10:04:00,75.97549651100756,43.34791359633101,152.43984928569276,2.117484070109435,0
2026-01-03 10:05:00,125.54968705930514,43.427125225972226,182.02090631221677,2.491279006235446,0
2026-01-03 10:06:00,88.50021324237935,46.153044222398435,226.1610695179755,9.137252556913765,0
2026-01-03 10:07:00,51.57200839292145,55.192344406186905,199.1502178505419,5.733463581788918,0
2026-01-03 10:08:00,70.95607356046867,72.82467078438289,192.8745151153666,4.682748871143607,0
2026-01-03 10:09:00,86.30367701010087,68.63459767167757,198.60165273229572,7.981046477130521,0
2026-01-03 10:10:00,112.72257259876291,53.81738215963311,198.36433877750844,4.360114148586614,0
2026-01-03 10:11:00,65.4881786357767,54.02870387999329,231.25446510792204,6.768096586125318,0
2026-01-03 10:12:00,12.21547031838017,54.53092356606054,189.31168276114522,5.717973207581021,0
2026-01-03 10:13:00,144.31869483450683,42.82901435801014,314.830276172907,7.40872999999189,0
2026-01-03 10:14:00,89.80380404319997,70.35491575268155,276.5435649022454,5.195091252610519,0
2026-01-03 10:15:00,60.020116306217645,62.13431212750879,196.6690857728562,7.08961730628082,0
2026-01-03 10:16:00,79.20613564989242,44.05919787101023,173.32569613894202,4.096587864678413,0
2026-01-03 10:17:00,92.99253079961238,84.2930837298136,198.3347340810896,4.707383933549465,0
2026-01-03 10:18:00,77.27491401232388,64.93365299878408,208.98830171407906,6.938598788667816,0
2026-01-03 10:19:00,139.7625187740042,73.31597966727716,158.05033870586584,2.1118178715735336,0
2026-01-03 10:20:00,115.59561500663007,81.82160266204328,157.18109545651504,4.926790943091714,0
2026-01-03 10:21:00,31.709270607809586,48.82071530742712,175.4632942002383,7.066420170770873,0
2026-01-03 10:22:00,39.04884034121907,37.466312781471615,209.41886200451134,3.4968438317749126,0
2026-01-03 10:23:00,44.46567312242349,51.09962934113212,268.23215088961274,4.692731686227491,0
2026-01-03 10:24:00,190.33627551673743,68.00742606149522,213.59362814530306,-0.6865109204690176,0
2026-01-03 10:25:00,125.27980430977706,31.923633503712725,138.39429206573254,5.343911269575937,0
2026-01-03 10:26:00,134.16389019639286,62.440804415859866,181.08154858597823,11.178922534669592,0
2026-01-03 10:27:00,104.01886527897295,61.59104086418252,173.3450878651299,0.0909122178726065,0
2026-01-03 10:28:00,170.0410187155025,67.10832849907077,243.59835374118234,3.706103815972433,0
2026-01-03 10:29:00,63.7254778138144,79.27657179243867,181.8891397792824,5.834363494119385,0
2026-01-03 10:30:00,151.41411069480296,42.01187321793603,237.89748652812114,0.2011430270534902,0
2026-01-03 10:31:00,89.39475280971116,43.60147654725425,113.01742509380273,10.88928895059908,0
2026-01-03 10:32:00,48.86452942288189,39.27581326754451,218.18084258577048,6.101712354413157,0
2026-01-03 10:33:00,72.3117813588512,71.37993626008604,201.09955217062324,-0.5807040496112013,0
2026-01-03 10:34:00,116.116720499336,64.99766911694556,304.9828475734354,3.94066358163436,0
2026-01-03 10:35:00,190.36934527144928,70.43438802067058,177.6319685504671,8.993293591601896,0
2026-01-03 10:36:00,12.605502335429989,57.647200485089115,210.41662722158554,7.298670593922894,0
2026-01-03 10:37:00,143.37868834196624,61.230297924528834,144.48618707240294,6.3180953208910395,0
2026-01-03 10:38:00,51.42398126477699,65.10200982003064,87.22166794572217,4.043961865111745,0
2026-01-03 10:39:00,117.22329455339353,54.05115588837856,201.01595955395314,6.327033048020118,0
2026-01-03 10:40:00,110.4086037552922,65.2407456177365,181.21050226862394,6.485815116563781,0
2026-01-03 10:41:00,109.5874913589428,67.42400306723428,167.1923428162293,8.843095665178321,0
2026-01-03 10:42:00,67.32841740438616,53.683360943478384,181.99838310741563,8.143272354262105,0
2026-01-03 10:43:00,-57.0349103554058,38.40466181214717,185.78184337988367,2.4768009727671165,0
2026-01-03 10:44:00,25.39389307195728,38.958642431898696,212.53958714977503,4.0220795936765406,0
2026-01-03 10:45:00,96.00794865305818,39.73598728168677,203.04047688885285,2.58794359152219,0
2026-01-03 10:46:00,176.57889035017067,55.647065201366146,251.8192309639914,4.712155393201559,0
2026-01-03 10:47:00,51.721498560575,39.76946672431272,203.7712318722209,3.8197384739419387,0
2026-01-03 10:48:00,108.08418134275635,46.86826886871461,194.33608883080285,2.678465954311112,0
2026-01-03 10:49:00,134.15122247751418,37.423695838247646,138.3274080426926,0.950599530487553,0
2026-01-03 10:50:00,30.70432818928765,91.28112603481617,157.8832947032114,0.7961234738960865,1
2026-01-03 10:51:00,61.62833728683829,77.72737792363588,173.15784937797866,3.0070316180748637,0
2026-01-03 10:52:00,177.05387829878026,52.98212713411876,194.1727734512916,2.4071415349345013,0
2026-01-03 10:53:00,90.48673850309962,66.36352429409834,217.36207905873184,11.504922993677065,0
2026-01-03 10:54:00,0.44384178027678445,17.46952828528366,157.9711529307147,9.758573017532871,0
2026-01-03 10:55:00,89.42106202287165,68.0945449207445,198.9604844822877,-0.8676957332745481,0
2026-01-03 10:56:00,114.17015350318084,86.41270659281864,191.24278951464868,2.966439487413972,0
2026-01-03 10:57:00,168.1724285878983,64.18867984435205,279.6607464977543,6.7325677257463,0
2026-01-03 10:58:00,127.08645064646112,58.94224686792575,297.4025322601278,2.4445510493948093,0
2026-01-03 10:59:00,67.31537440778963,81.55661523536727,259.88925715836257,4.11444115850512,0
2026-01-03 11:00:00,61.07369832605932,68.47485019832033,203.91083138331697,5.144172410167946,0
2026-01-03 11:01:00,116.32363882686207,32.48006342465614,191.46597101240425,10.270776007268221,0
2026-01-03 11:02:00,27.569126723444782,49.72233375524344,261.28963630385346,4.684414476226968,0
2026-01-03 11:03:00,108.62720164876576,63.01095063480971,181.6828516773374,0.5772624800361683,0
2026-01-03 11:04:00,48.21226033475546,57.961519755323565,179.1275662528473,8.161948717387869,0
2026-01-03 11:05:00,81.32526815668808,65.0349641777768,223.70333713735874,5.574983704680885,0
2026-01-03 11:06:00,148.0747729212876,56.80701883479514,184.13106638583284,4.045375108078922,0
2026-01-03 11:07:00,133.62344731839408,63.64957930560607,182.83603861709474,3.4230564542075568,0
2026-01-03 11:08:00,142.8926389800343,60.35855524920257,152.8669226896269,3.131368984447608,0
2026-01-03 11:09:00,13.71256787708387,50.69626436349338,155.8561035144573,7.985950684587454,0
2026-01-03 11:10:00,191.78299401450948,93.21576347502761,196.5459415619242,9.975728176941919,1
2026-01-03 11:11:00,45.412208921653665,68.24518439659322,167.08584003128973,5.315725066283724,0
2026-01-03 11:12:00,155.52452438077276,57.66787633974637,151.48531300081743,2.5314863184001557,0
2026-01-03 11:13:00,124.75650460950781,90.7206004334263,189.35078168413338,3.088341108574494,1
2026-01-03 11:14:00,2.4808221230669005,30.23754124629654,180.6434221513519,3.0838688336169433,0
2026-01-03 11:15:00,137.4419418701459,56.02683676415158,158.21462123627828,1.1355368071316647,0
2026-01-03 11:16:00,26.649027955562303,63.98040038038049,158.76638023089458,4.206186726161444,0
2026-01-03 11:17:00,186.90477766941495,52.860265558305265,211.0747235125365,2.3470832745605255,0
2026-01-03 11:18:00,106.21928654028775,65.17921332141835,243.5819774326295,3.257374025692905,0
2026-01-03 11:19:00,111.1647886885817,63.876794260142546,210.11758812156728,1.7880576197073497,0
2026-01-03 11:20:00,174.30411897568155,23.460391880595623,175.67301924262458,7.397445710372606,0
2026-01-03 11:21:00,85.47262614480212,45.23146018199703,231.2872887126734,6.625486755879599,0
2026-01-03 11:22:00,101.57233471241551,58.471233541145594,171.41503657446677,3.831468746322666,0
2026-01-03 11:23:00,143.00865951501734,89.38562360417771,205.0149511819254,7.075448311262141,0
2026-01-03 11:24:00,99.09046736204641,55.53257713949451,217.3341186953737,5.104798680663939,0
2026-01-03 11:25:00,119.76584242414303,57.104274777099775,254.2583104261397,3.298933312904736,0
2026-01-03 11:26:00,69.18888581999997,43.32265601121955,131.8284968876476,4.477295355572371,0
2026-01-03 11:27:00,80.32433600203377,55.229112165756845,221.42295689348842,9.242282367429233,0
2026-01-03 11:28:00,142.19733262514555,48.51579734321561,204.2702278883521,4.448780922317017,0
2026-01-03 11:29:00,121.928363675028,74.82607695468633,236.7040780492954,8.649512343786201,0
2026-01-03 11:30:00,51.88724804328449,52.94112460964034,182.64907784025831,0.22384512227393305,0
2026-01-03 11:31:00,177.06496730637656,68.3793991654929,197.13949249014178,14.734884929457165,0
2026-01-03 11:32:00,93.55226380570063,56.159690935610676,242.13335892432366,5.794417025125027,0
2026-01-03 11:33:00,148.00946928314266,55.79739766210771,177.87580727770032,3.917517792642994,0
2026-01-03 11:34:00,54.09695730349958,61.63174765141885,213.79424691180037,-0.022277801562357702,0
2026-01-03 11:35:00,118.50063777109858,67.9200443653908,235.73669769195016,5.805006341269834,0
2026-01-03 11:36:00,104.45323319371941,67.07925445178707,231.4055352212692,6.023761054177831,0
2026-01-03 11:37:00,138.42596717877484,69.63725734988462,180.10444289485173,7.60091600985001,0
2026-01-03 11:38:00,112.15411988493412,76.01325072317516,171.16913945730877,5.388065190592569,0
2026-01-03 11:39:00,179.2178355277294,65.35094667145017,130.43931897580043,0.06383338919314596,0
2026-01-03 11:40:00,110.6326198593676,66.70989337492746,153.71670441641237,-1.7800420495110671,0
2026-01-03 11:41:00,97.53398674125246,47.598324063996344,193.1226068926333,6.4347060629643575,0
2026-01-03 11:42:00,81.66921719983999,39.125780775378686,201.6161839876387,7.162169073954505,0
2026-01-03 11:43:00,139.5647933156012,74.92228332882829,206.14368312684067,5.250004291079262,0
2026-01-03 11:44:00,42.53370819622876,42.21238627505814,209.84996700185494,4.225083240893577,0
2026-01-03 11:45:00,56.5601921222073,32.76300198112965,214.18921769846185,4.6547238452743365,0
2026-01-03 11:46:00,137.53319867748692,54.77100357654486,155.22088712021392,9.231418650767973,0
2026-01-03 11:47:00,24.982319773446534,33.252091805076105,213.1453671177814,4.766365283970094,0
2026-01-03 11:48:00,91.74858956070995,75.75108851259903,219.9553737562269,8.171355742133784,0
2026-01-03 11:49:00,47.897851556934725,88.08216606575095,188.78215605531116,1.0929967072322788,0
2026-01-03 11:50:00,52.368858568597254,65.4129253559897,208.76440195196923,4.435919907671825,0
2026-01-03 11:51:00,150.98864908828335,60.82344706371504,153.69172806691353,5.879088390916354,0
2026-01-03 11:52:00,57.02407484933086,64.82925032538962,187.07434588010736,3.100283397158184,0
2026-01-03 11:53:00,125.40516775132836,58.93626460160795,297.86287546188845,8.1566250983563,0
2026-01-03 11:54:00,107.70180400144274,74.29497246598402,181.23287363328927,6.135677609227834,0
2026-01-03 11:55:00,132.67597082560795,27.782815599525165,137.15452008634543,8.995568707312689,0
2026-01-03 11:56:00,142.34256228523614,69.05929349278459,181.9941527386574,5.270007644862231,0
2026-01-03 11:57:00,83.77652212686723,81.48099411714692,239.95938538264488,1.6878950780425033,0
2026-01-03 11:58:00,61.99797006518459,51.02210094960472,202.0800782072098,5.575982939585797,0
2026-01-03 11:59:00,129.92427675286183,80.73252637632396,200.60232047133943,7.876947857833085,0
2026-01-03 12:00:00,108.09146059793434,39.08780819315369,296.4929654471845,2.623942941783088,0
2026-01-03 12:01:00,88.91285324996369,59.811235616585506,225.36050379178727,7.222231434079486,0
2026-01-03 12:02:00,149.44917276680476,56.628272818412434,222.00679023806288,3.8977383696798262,0
2026-01-03 12:03:00,63.19772591650674,72.8391054225508,235.013509429529,8.295376596959587,0
2026-01-03 12:04:00,81.06047182170808,77.40411038662562,244.87299923944,4.424948331939336,0
2026-01-03 12:05:00,73.5863159321687,75.18839138893804,156.85712422373058,4.905910526030782,0
2026-01-03 12:06:00,46.04770422400686,65.99289253000818,191.56730043651493,4.201576137135975,0
2026-01-03 12:07:00,128.68802961964536,63.9627133009711,220.4710824056491,4.7009767848289945,0
2026-01-03 12:08:00,168.5384061503526,66.43533483320492,225.83159529156356,2.204622115122783,0
2026-01-03 12:09:00,134.51938194316222,65.14867871630587,199.4919441546755,4.20101306547608,0
2026-01-03 12:10:00,104.7978825978169,65.59544424691256,249.7894401360678,6.157632263448372,0
2026-01-03 12:11:00,37.019226358433755,69.08901217657998,266.59227465851404,8.911875044450174,0
2026-01-03 12:12:00,128.655451999839,42.41744185035557,130.75859733192812,8.396419953483807,0
2026-01-03 12:13:00,68.52216897804537,78.02493262965416,231.96028012263085,4.463636492051408,0
2026-01-03 12:14:00,158.59041452617606,45.72476315775509,171.52718364585405,7.227356368340297,0
2026-01-03 12:15:00,96.2265893565642,61.01228978422535,184.36681065338098,10.331195205414692,0
2026-01-03 12:16:00,71.98887592037923,37.93344427139535,166.79161139208568,8.961826629388794,0
2026-01-03 12:17:00,119.6899822681555,77.68932904769932,106.50813638791266,1.4819588803540498,0
2026-01-03 12:18:00,62.747883139777585,70.35728018926679,203.9686281738263,2.5703166325287876,0
2026-01-03 12:19:00,92.94943245076985,67.5029085281669,172.22288768931057,5.019280456566038,0
2026-01-03 12:20:00,66.02062837053705,60.95090754237896,195.1527978084346,4.902633166957048,0
2026-01-03 12:21:00,44.07217304756151,73.4379916369012,202.10759989334042,6.118235547333465,0
2026-01-03 12:22:00,76.85787962074252,51.981087936902085,210.01221604981717,8.639004558380726,0
2026-01-03 12:23:00,124.65253143955357,53.85408122775712,145.68951140565792,5.000987591870474,0
2026-01-03 12:24:00,111.2301075784465,37.477399914501234,216.18218301541904,3.2134726593851908,0
2026-01-03 12:25:00,48.51976452717132,63.89612352803583,207.70878960023867,7.500706290699143,0
2026-01-03 12:26:00,65.70167933776322,53.47259701395171,162.97236221776035,1.8991006271459874,0
2026-01-03 12:27:00,78.21183685285553,43.325821662330775,189.61093979090649,2.9578649124830205,0
2026-01-03 12:28:00,106.84468462775668,58.61975192250341,153.9794799394696,4.474314743811437,0
2026-01-03 12:29:00,39.51766688704909,75.59912525591605,212.08712758868907,7.082927841574903,0
2026-01-03 12:30:00,99.81210000486504,56.91767489294483,175.44638332493926,5.265985819502956,0
2026-01-03 12:31:00,93.14154841618459,62.91181588681549,133.22901263634716,5.242072665312659,0
2026-01-03 12:32:00,121.64767043507379,39.417139159419364,213.2190709529234,8.84636562571222,0
2026-01-03 12:33:00,75.50897320714492,49.80013519887169,140.09580640029745,1.210664649180731,0
2026-01-03 12:34:00,96.67119159858866,37.71542162931693,238.13793418256006,4.662590496109765,0
2026-01-03 12:35:00,181.84043209271,52.635743686507716,250.1416376531559,2.22081638754059,0
2026-01-03 12:36:00,83.70388481996339,39.43506899389958,229.1215540908231,3.787878571107046,0
2026-01-03 12:37:00,176.1574384593116,54.78884480044351,189.0473542421187,4.471145740600671,0
2026-01-03 12:38:00,133.6122344395068,72.93531935419217,227.24391382162077,0.13511219405384978,0
2026-01-03 12:39:00,114.78514277072317,70.01983890386083,253.64381341043537,5.269613747413864,0
2026-01-03 12:40:00,84.98262897848605,46.300050619239386,195.28690104763723,7.904495454628131,0
2026-01-03 12:41:00,240.6929268900715,62.8179310313996,154.30323691532453,5.0127091958131365,0
2026-01-03 12:42:00,93.50624740079944,44.568252561350256,179.49203640963268,2.657145277267536,0
2026-01-03 12:43:00,152.98265537208331,77.34768109839584,156.30717948736947,1.069235071426471,0
2026-01-03 12:44:00,100.9757174593458,65.62874403927412,234.4728294557201,8.070495870560638,0
2026-01-03 12:45:00,73.81747091501231,57.46838936736743,249.19508885251545,4.895106420234141,0
2026-01-03 12:46:00,43.16826666685927,56.92783184600739,227.93929248818205,4.424556461632664,0
2026-01-03 12:47:00,-48.667663081579065,64.90630940937189,236.35885138973293,2.573625141783032,0
2026-01-03 12:48:00,93.32736142073834,78.62340062686889,222.5098656078497,-0.5586550577684939,0
2026-01-03 12:49:00,29.37359916302873,68.17553813996783,137.3208943203036,5.145175502107165,0
2026-01-03 12:50:00,84.02036839695012,59.1939072737547,188.71509668565838,5.759360549424594,0
2026-01-03 12:51:00,128.64648844997726,70.26738237459531,256.95643187890477,3.6198951278327387,0
2026-01-03 12:52:00,71.2229162881204,64.74156653428662,157.08410017243915,4.386996246739811,0
2026-01-03 12:53:00,179.4286433063187,70.86342303068582,109.33180284700528,8.887678968582376,0
2026-01-03 12:54:00,147.274526091322,49.59590333271696,215.46876995395087,8.96191339129124,0
2026-01-03 12:55:00,136.25881066967094,81.52366700022328,218.330480339374,3.5837320051889394,0
2026-01-03 12:56:00,52.33845001774071,66.00996075531377,206.9490962702267,6.995363765052396,0
2026-01-03 12:57:00,105.89205829945692,50.877104748493835,178.28155234199954,0.2830506477884889,0
2026-01-03 12:58:00,55.41348886503037,86.58842871287673,251.1499643660215,7.732316942464783,0
2026-01-03 12:59:00,103.30967557687664,62.72797850008308,152.74592867689836,4.215277464299502,0
2026-01-03 13:00:00,109.862506408582,71.62352664935275,167.66125688877918,1.2232066191178452,0
2026-01-03 13:01:00,225.2467920424918,49.93759832426419,111.38241529713112,5.500142740793892,0
2026-01-03 13:02:00,24.086253732786147,81.3859444511324,149.227597973148,6.533496209317998,0
2026-01-03 13:03:00,15.787923945864435,70.56646008498184,247.8532831297521,2.030835370344004,0
2026-01-03 13:04:00,61.62124224472943,71.50632709716012,246.71278085459707,5.555855316341631,0
2026-01-03 13:05:00,119.86726253983932,83.39258080036632,177.2438317687166,1.5958767644909253,0
2026-01-03 13:06:00,92.48378128595513,68.07286756431009,207.45575228572275,4.872804685909584,0
2026-01-03 13:07:00,43.60883126169822,66.13010070317898,228.02334021461144,1.0388154768902957,0
2026-01-03 13:08:00,127.06153364327801,69.98303011811433,206.24138086159147,5.625108029607997,0
2026-01-03 13:09:00,108.35300272738361,61.25722490638363,263.94306539320706,7.28643887244772,0
2026-01-03 13:10:00,100.21672706125946,48.62221109493661,193.1866340007973,7.864039228759186,0
2026-01-03 13:11:00,99.27318369602384,25.85310421890108,201.52928972155942,2.9959862693576254,0
2026-01-03 13:12:00,124.90373688207445,67.15620740144243,218.47173271280832,7.607784629340569,0
2026-01-03 13:13:00,113.15490744640637,77.21326117197898,171.64821557057815,3.7925465071897353,0
2026-01-03 13:14:00,88.90379577278739,52.51548274997829,167.8116495592944,3.1454263953584363,0
2026-01-03 13:15:00,117.29553350384352,59.09577364040042,152.23114692327601,3.8273255959786208,0
2026-01-03 13:16:00,35.70681730718955,82.39177866504895,246.64861687891386,7.119218128142764,0
2026-01-03 13:17:00,118.74839692277318,90.83390037229876,225.7371492600014,4.896031319373587,1
2026-01-03 13:18:00,211.10573721775654,66.24329072362929,171.62912612273206,8.028944142012175,0
2026-01-03 13:19:00,97.01981655890019,66.71203470369977,196.7984951658739,8.819949760479796,0
2026-01-03 13:20:00,138.62867811353843,58.788760999738145,250.7791331741961,5.597821007944052,0
2026-01-03 13:21:00,139.06523317132502,61.037154046625034,216.05661255206877,5.816521901650128,0
2026-01-03 13:22:00,65.89793269474998,66.79241214553221,201.02294106751393,8.035149225236541,0
2026-01-03 13:23:00,135.2517248557231,65.31040477151802,145.2143693471241,0.1738087507378152,0
2026-01-03 13:24:00,128.08384560155966,84.14220044646544,255.77662130595425,5.065261953248073,0
2026-01-03 13:25:00,199.6526659318053,42.2580435769496,180.43610284910184,4.517235036432582,0
2026-01-03 13:26:00,149.5450324094995,57.98245745419847,136.15165699968188,8.788258841815548,0
2026-01-03 13:27:00,20.72275491105934,57.711640159083714,210.98768390309675,6.582422800533626,0
2026-01-03 13:28:00,156.9491588616128,53.66514027082361,165.8057858734784,-3.3808620995950633,0
2026-01-03 13:29:00,16.632238363531982,70.5822100283467,113.97932164488896,6.430787596518053,0
2026-01-03 13:30:00,162.48525401723876,82.07816297531873,205.33905519119068,7.56512933331009,0
2026-01-03 13:31:00,179.22901056326938,75.51516369517701,175.7695694232118,0.8781847161909768,0
2026-01-03 13:32:00,52.85154684514881,76.62432044960431,209.02313351376765,6.919972864840016,0
2026-01-03 13:33:00,161.19782027211096,61.708310080841834,139.47691436782623,5.561632651275892,0
2026-01-03 13:34:00,82.85652380504241,69.25725552781059,274.41164325332215,4.811002584722321,0
2026-01-03 13:35:00,114.11998426755565,70.60285195012571,128.06013454045598,3.4991828204310145,0
2026-01-03 13:36:00,103.13345462661715,45.214352792970104,230.70528828088578,5.666182642351015,0
2026-01-03 13:37:00,114.92923396336768,33.6357992951936,187.337151531317,6.373657163721669,0
2026-01-03 13:38:00,123.07884987081465,40.19719908457585,183.8266187401071,5.026947934922683,0
2026-01-03 13:39:00,142.37770831266937,62.57875951106691,199.13138347141876,5.354457554204888,0
2026-01-03 13:40:00,163.84646421587246,48.91644927796477,208.13801348112915,4.790029576053903,0
2026-01-03 13:41:00,162.17322612852294,70.08037915749716,257.9720591847675,4.420167496243762,0
2026-01-03 13:42:00,50.51277087453116,66.20837391636704,154.26882984822112,7.2917536078853304,0
2026-01-03 13:43:00,85.78543925474116,40.91522411865152,124.90292952996634,6.5548224189591835,0
2026-01-03 13:44:00,187.2500224151505,54.69065041890022,134.43508211503553,0.11187775294927427,0
2026-01-03 13:45:00,99.28143707120867,54.849655140045485,205.8132376495105,4.771738214444427,0
2026-01-03 13:46:00,114.16386877451001,57.709070116851244,210.11656040389897,4.349048689438396,0
2026-01-03 13:47:00,158.64297471652873,58.94597410512973,151.2309966839645,9.617241983422732,0
2026-01-03 13:48:00,45.62429931556444,47.255851372288916,295.11720788722073,7.907520267407391,0
2026-01-03 13:49:00,98.8381447583445,39.41017651994055,174.76224001443245,6.432001675568712,0
2026-01-03 13:50:00,80.80302641914693,86.91271492006138,200.41234915214915,2.916915643497983,0
2026-01-03 13:51:00,69.49019351272162,74.65667834680289,259.25820739566274,9.305237734990483,0
2026-01-03 13:52:00,123.46754493105534,25.87033296540075,186.77000387683427,6.97707959213667,0
2026-01-03 13:53:00,133.45920848116114,28.182905516317362,191.2209646046486,2.2219757039185026,0
2026-01-03 13:54:00,134.3270374697962,82.30539186617825,218.98876494478506,2.3575965677418154,0
2026-01-03 13:55:00,32.44896525945637,44.46212275348238,227.60795965923728,9.404421632440004,0
2026-01-03 13:56:00,118.1776091749135,49.856217500029366,180.27654353342038,5.095937645141532,0
2026-01-03 13:57:00,116.7166606738454,81.11495297723962,198.7801700122804,2.827998915024681,0
2026-01-03 13:58:00,128.8509222334046,72.27262299464628,157.45762542131405,8.044199475867693,0
2026-01-03 13:59:00,72.75249484155403,51.600658931143315,219.8415518511433,3.1182432976595384,0
2026-01-03 14:00:00,134.31199673333742,67.86479436478469,193.27447664739543,0.3663939153492599,0
2026-01-03 14:01:00,61.04242856279917,45.26347519529875,208.24549688527756,9.783855757889203,0
2026-01-03 14:02:00,147.23372022934095,64.65886973070269,207.2662668322425,2.8997962921768976,0
2026-01-03 14:03:00,122.50501234327014,63.28748666458717,219.40280134194612,1.00753203840455,0
2026-01-03 14:04:00,73.03553149388082,67.46045707054695,182.1845128425248,6.9875828427566615,0
2026-01-03 14:05:00,214.7694017042416,50.44518726399903,170.14759607714896,8.113094356890883,0
2026-01-03 14:06:00,141.07334176679623,67.35917162708033,227.96888547251973,1.7753485159949944,0
2026-01-03 14:07:00,141.5912026729771,53.699414694850404,164.30774085510788,4.802609152552592,0
2026-01-03 14:08:00,57.289316148686595,46.295785099148304,131.47802731607555,6.601481595505248,0
2026-01-03 14:09:00,76.15821714035448,81.8478009007399,150.0798450412292,7.871975334037259,0
2026-01-03 14:10:00,129.42246147507979,69.69794107765118,217.05854682572834,4.113571513608896,0
2026-01-03 14:11:00,107.85184693160485,54.50596517358837,139.17645965989368,5.278098554028065,0
2026-01-03 14:12:00,-24.72617841715956,76.70399964444687,176.94813599197036,2.4462801838178163,0
2026-01-03 14:13:00,108.49157254575091,74.9083090010628,249.66695866649007,11.673737267510806,0
2026-01-03 14:14:00,72.45373095761005,58.61171182269552,198.75444342155214,1.3874498424055925,0
2026-01-03 14:15:00,176.88015994071054,68.50377237340925,257.0135577618054,7.099777206922072,0
2026-01-03 14:16:00,221.80626310430506,48.714910104732695,249.8780563953331,11.465838473498605,0
2026-01-03 14:17:00,27.45566695585157,43.749548998974,168.77007246228433,9.345405383307257,0
2026-01-03 14:18:00,121.10682545488805,44.334031482486566,237.4200880122307,4.4499163253504435,0
2026-01-03 14:19:00,130.4117956711714,64.0489807281704,230.38271378565173,3.397709849197972,0
2026-01-03 14:20:00,96.93742731256279,87.43471664193943,126.78866832588675,6.112618636392478,0
2026-01-03 14:21:00,106.84085126438816,69.32244236092242,210.70237608598305,3.608002250431935,0
2026-01-03 14:22:00,176.95777181118225,65.93798408470157,172.82491498269877,6.089446599993598,0
2026-01-03 14:23:00,85.61230557683379,41.25683934223228,143.26204064297042,6.586039966467439,0
2026-01-03 14:24:00,60.38347662764693,69.04944209600444,246.00945776679222,4.769819689626692,0
2026-01-03 14:25:00,120.8500045357847,70.30633491896131,193.1755673825911,7.136478792405364,0
2026-01-03 14:26:00,198.63214778669857,52.747589497159176,192.05086706541144,-1.2765298693134053,0
2026-01-03 14:27:00,53.06522331349706,60.19990327464971,167.8511501471846,2.67501618622548,0
2026-01-03 14:28:00,119.49125509466433,70.78491554829601,255.97085288916236,5.798277710885152,0
2026-01-03 14:29:00,110.69249997349827,59.53225035386267,219.44315931886405,3.4384486018089424,0
2026-01-03 14:30:00,60.67239254004217,82.01325136507427,144.7759695967519,4.2469406824410045,0
2026-01-03 14:31:00,65.34423060832717,57.21875018405006,248.16464595383084,10.869256988990912,0
2026-01-03 14:32:00,132.49766953748176,62.7413530420438,278.16635599413576,10.031419583809745,0
2026-01-03 14:33:00,84.55271757297686,67.17554168640264,188.121888645602,1.5333161614892936,0
2026-01-03 14:34:00,207.47866750349226,63.57877804072024,136.3971849575721,2.2148957565457446,0
2026-01-03 14:35:00,152.62444764915767,48.600216313161475,159.8231393968203,3.9764645688612044,0
2026-01-03 14:36:00,173.82173060964112,57.432786032509064,184.50730033521526,5.802823056509181,0
2026-01-03 14:37:00,137.1749571118794,66.1562988521259,170.6551874082414,-1.033872119896298,0
2026-01-03 14:38:00,134.4539805498285,72.99485678031749,161.31662264955787,4.630030282526,0
2026-01-03 14:39:00,196.74928404829143,72.84882615507249,193.82000122595213,4.841502235613043,0
2026-01-03 14:40:00,38.76276105004052,52.82795007592945,180.34069259496363,4.519511533583232,0
2026-01-03 14:41:00,70.23271396318279,71.2411730123195,210.01405492216907,9.953126900971451,0
2026-01-03 14:42:00,150.23230000350375,72.19074401081434,209.50238281102386,6.276262291022176,0
2026-01-03 14:43:00,160.56785282456656,64.9093402206444,126.83912033957641,6.834411844024389,0
2026-01-03 14:44:00,40.3795348957839,53.12423281571,216.26568263940354,12.094765230961773,0
2026-01-03 14:45:00,146.2567219763261,61.67151258328066,176.18657887829994,9.34006595425775,0
2026-01-03 14:46:00,15.031346974795781,78.58526287817301,163.94025477048996,2.235810566478246,0
2026-01-03 14:47:00,155.55428093163616,90.45617347016345,188.17631553001615,2.4139294313747524,1
2026-01-03 14:48:00,132.2493575332618,76.34490844429324,182.68768284048758,11.352575003138245,0
2026-01-03 14:49:00,161.11449103837316,64.9630264607456,136.3448143093479,2.801472690823357,0
2026-01-03 14:50:00,178.20630287529843,72.35507759256868,156.8466508844421,2.163284874390716,0
2026-01-03 14:51:00,111.7766037696278,57.14267274316631,223.65599536467118,4.049097844054453,0
2026-01-03 14:52:00,172.35835152192774,53.38978146089425,155.13781859089852,2.5314442969067645,0
2026-01-03 14:53:00,40.81748704180536,76.40958981098392,229.6513888113101,11.039153937271603,0
2026-01-03 14:54:00,18.546238527051926,65.6417554974828,152.4578956149538,2.2063828240528958,0
2026-01-03 14:55:00,110.67361054358838,51.528201051835566,188.33474035436018,7.194120104651343,0
2026-01-03 14:56:00,218.04022112023816,67.25426497507274,205.65492492224325,3.4013677126066346,0
2026-01-03 14:57:00,114.98025291060503,48.08253614045253,207.86454164706322,1.6200538900378065,0
2026-01-03 14:58:00,126.33748141711912,65.02115653189145,284.33991280811347,1.2803685433421008,0
2026-01-03 14:59:00,194.18251786605663,46.234042327061886,235.76534268083049,8.478586320397833,0
2026-01-03 15:00:00,61.58362317103611,68.90151942677885,180.79413458278134,4.505166748424364,0
2026-01-03 15:01:00,105.17298930211228,67.85041957820698,197.33361586414938,1.1008035943486671,0
2026-01-03 15:02:00,75.840020103375,56.35390582709642,251.78632561238544,5.555374178482838,0
2026-01-03 15:03:00,166.18858496611756,40.168769236771425,219.42854240348456,3.1181060386650463,0
2026-01-03 15:04:00,62.498458831033446,50.55687712259258,207.28105800442827,8.178454435125385,0
2026-01-03 15:05:00,2.148980689331907,63.907952057038706,160.13249023566377,1.8958529199481067,0
2026-01-03 15:06:00,101.42603899767548,46.70774372090749,203.75895990733017,8.34887442604397,0
2026-01-03 15:07:00,157.82124563328344,95.29156757521028,282.50907247127634,6.109425430800178,1
2026-01-03 15:08:00,67.20632166811424,68.24209351588026,155.55286591115134,4.01175524046748,0
2026-01-03 15:09:00,131.81852108409635,51.05700071983522,193.58167856405078,2.3003221232699094,0
2026-01-03 15:10:00,87.68885965184631,65.63416883112757,202.68867179633642,10.286946619054188,0
2026-01-03 15:11:00,44.169479670042975,73.82559501830416,224.30629202163104,5.09772751457702,0
2026-01-03 15:12:00,0.7785173949845188,63.80761619302291,173.71301022509158,3.6220858896162924,0
2026-01-03 15:13:00,65.67796731797294,43.57517608718375,120.95337589222444,3.315842767207801,0
2026-01-03 15:14:00,72.89045216841595,74.43892371764666,143.52748078658283,4.11063519548506,0
2026-01-03 15:15:00,91.05931086380716,59.626042797733255,211.12505948978054,5.3580397729989135,0
2026-01-03 15:16:00,111.45683303039725,69.69863792642542,158.97060132280868,8.104349467118569,0
2026-01-03 15:17:00,114.24234693833424,50.384967500585255,244.5696107615742,12.21041019431233,0
2026-01-03 15:18:00,20.507247369584192,57.7192399526672,195.93495176145973,1.5086471187245518,0
2026-01-03 15:19:00,188.58578338285918,56.35360260562912,191.53610884181415,1.631697299252985,0
2026-01-03 15:20:00,29.506666579588313,83.09976417524751,207.93279576959492,5.758803909049211,0
2026-01-03 15:21:00,122.8984619504266,40.63266720867142,146.6987220074455,9.463378446922574,0
2026-01-03 15:22:00,105.45475195720476,58.9942112526597,211.59785065431728,8.948786236279187,0
2026-01-03 15:23:00,79.44602831305221,65.32504663042795,140.10929251496123,2.451820165187943,0
2026-01-03 15:24:00,-14.893282361370439,51.98561664667674,200.1853838663674,4.302891992208849,0
2026-01-03 15:25:00,114.1293381481311,62.040208208253375,166.46053030991362,5.8444520979816055,0
2026-01-03 15:26:00,15.914827915283752,73.46267936551786,203.24539354142735,4.046747587045745,0
2026-01-03 15:27:00,240.8065771446761,57.17531774818166,218.44894597198584,4.7251122474272025,0
2026-01-03 15:28:00,127.9283257102993,42.927904214429354,188.72745969812195,4.685446512356981,0
2026-01-03 15:29:00,142.6019208099903,12.744053341883216,225.24257697259878,7.319788911005336,0
2026-01-03 15:30:00,81.2418031525412,55.08343709411177,235.75942093894164,2.471515695739899,0
2026-01-03 15:31:00,138.72386590601067,34.63835977976747,267.17461026024205,6.793635513665079,0
2026-01-03 15:32:00,116.68452522049647,66.83490978915229,148.08323026170478,8.38163735706815,0
2026-01-03 15:33:00,129.08886805283515,74.30940128258656,210.8191198788125,6.562647394094812,0
2026-01-03 15:34:00,135.01669972781636,51.2389313073277,165.83637960258287,4.726874370663337,0
2026-01-03 15:35:00,77.45590171804788,65.94048113413223,168.84018193678904,6.477871710952066,0
2026-01-03 15:36:00,71.43779208992251,75.40428900427528,248.00535596506086,7.511742977547192,0
2026-01-03 15:37:00,68.46771434477216,26.734501060444742,164.66523330224447,2.3508815317000136,0
2026-01-03 15:38:00,117.75185045656823,69.47118188140871,223.53953084562073,4.230481094515641,0
2026-01-03 15:39:00,79.5059859909602,71.97947036247595,225.47948732262387,5.809732822049924,0
2026-01-03 15:40:00,77.1929295585245,49.39290421066133,208.65437568656006,-0.3254309680414851,0
2026-01-03 15:41:00,72.18147840364165,66.86566551071736,223.63737246284282,3.1260552216150144,0
2026-01-03 15:42:00,56.136031767705404,41.991441527763406,197.91154279502356,5.73233877295288,0
2026-01-03 15:43:00,150.19882021586557,81.62785352838321,233.3979251121193,0.7497215628324527,0
2026-01-03 15:44:00,93.2960514485969,32.96386976160841,172.94280711746245,8.495154741305686,0
2026-01-03 15:45:00,193.42125137495137,42.562486340140495,159.913629711224,7.432487771841121,0
2026-01-03 15:46:00,78.28753879799073,68.18054681508252,228.63592058055633,3.9920588439922025,0
2026-01-03 15:47:00,184.22867904863398,64.44896505265349,206.41087511452784,3.6579602725834217,0
2026-01-03 15:48:00,57.54205669160991,62.696991542642756,171.42948785901382,3.5538997689283804,0
2026-01-03 15:49:00,87.25404816303198,52.896673351610886,210.69538994429178,7.898351281902128,0
2026-01-03 15:50:00,137.75868449734185,54.387920919047566,189.76843113208898,7.971087113580765,0
2026-01-03 15:51:00,97.61559696385223,75.08343099276536,235.22412801815108,3.275876040163485,0
2026-01-03 15:52:00,97.71068938112343,57.91408244552527,203.6295275769197,2.9935854923808893,0
2026-01-03 15:53:00,73.2327889749573,44.79783006382893,212.52125876545858,2.7988737395774455,0
2026-01-03 15:54:00,154.72785817042393,42.386278218555304,160.46067322958658,3.60928036739529,0
2026-01-03 15:55:00,65.29938806575348,67.21377785245437,233.45774112972748,2.459647847854925,0
2026-01-03 15:56:00,96.4880414063337,55.49275893597656,168.72339241055727,2.4468133349322727,0
2026-01-03 15:57:00,140.7269622918384,37.85584430655311,231.29877199911542,7.171983436299851,0
2026-01-03 15:58:00,87.34744194688508,69.09513852309999,204.13054246442746,6.078396607822177,0
2026-01-03 15:59:00,152.155117943553,58.54849784482086,165.89263163762155,9.42889306440486,0
2026-01-03 16:00:00,77.784420533646,38.6517956043418,196.98690468773398,4.0203320645185405,0
2026-01-03 16:01:00,66.34055532393435,62.85960484495876,142.4286856851684,4.147656929136811,0
2026-01-03 16:02:00,47.35123978820932,62.97210182540415,161.9232654072614,3.3404825641479485,0
2026-01-03 16:03:00,92.52553718667376,81.32011934182178,223.19653095149624,6.448345362870294,0
2026-01-03 16:04:00,88.8759922485471,77.45314681080163,201.26522510065885,5.4849805428858875,0
2026-01-03 16:05:00,156.30879633525186,74.17319161127541,136.97848360468456,9.72311126346325,0
2026-01-03 16:06:00,42.00337444101344,44.295962826019,281.32171794286177,10.518571482194481,0
2026-01-03 16:07:00,127.55282708437558,75.36606144538058,146.41758232613435,1.595895372862011,0
2026-01-03 16:08:00,64.5781811615225,16.9723012473532,171.5869439602406,1.3127007403721347,0
2026-01-03 16:09:00,110.17611102557568,73.50762234010489,188.77252924048824,4.688323838336568,0
2026-01-03 16:10:00,60.03862088258844,64.58069757328765,148.41176518101378,4.533390231645374,0
2026-01-03 16:11:00,172.24358848977124,63.3613518719906,246.84682317810012,7.176975741775786,0
2026-01-03 16:12:00,190.82322021244653,57.76999344624679,270.1283800873716,-0.5434765588801689,0
2026-01-03 16:13:00,177.8663944529532,68.87733805218764,242.47135860330104,6.649738966121401,0
2026-01-03 16:14:00,46.27927410969471,63.830707536580405,195.5920347418284,5.386701130118861,0
2026-01-03 16:15:00,60.678016213288984,47.056655785747566,207.79973926470268,0.3796667448837088,0
2026-01-03 16:16:00,117.80498214139605,26.32139766305221,178.51515729301482,7.00452003244018,0
2026-01-03 16:17:00,37.187883714629635,58.433444690219915,227.61599606374074,1.0578005788749318,0
2026-01-03 16:18:00,-72.00625969410314,35.861066526927246,203.3358265131639,7.022258106212928,0
2026-01-03 16:19:00,107.68685224838242,70.1584569043688,196.7931431241459,4.861214323682881,0
2026-01-03 16:20:00,123.76897237582206,78.36643688945277,219.6759921558409,3.847961838161542,0
2026-01-03 16:21:00,96.84923770875979,67.64426017398189,266.4158685643553,4.321210780654582,0
2026-01-03 16:22:00,83.46826136319282,75.24405715425439,166.09707521914564,5.290501752364763,0
2026-01-03 16:23:00,150.08468771697483,68.86760467472524,196.32554622466856,4.338105864040372,0
2026-01-03 16:24:00,59.15660215735782,66.15153787612144,218.95850440093452,-0.4020644328492562,0
2026-01-03 16:25:00,183.931320884614,32.49869116672831,225.6079459756287,5.7931233240340205,0
2026-01-03 16:26:00,174.75214619725608,73.66132603118888,202.81320309610513,4.001727989112069,0
2026-01-03 16:27:00,29.492200702516115,36.0761103715178,167.12401029036164,5.169957063877934,0
2026-01-03 16:28:00,74.00706056317088,67.98628321861352,152.19882406975927,-0.8340968105423832,0
2026-01-03 16:29:00,179.49567116232294,67.86370586119378,160.94014832724656,4.89121231556788,0
2026-01-03 16:30:00,79.97306035416717,53.37806734879715,143.25692204908694,5.290043769941231,0
2026-01-03 16:31:00,50.59843870713984,67.80515093032737,202.22434459176992,3.2110695476855464,0
2026-01-03 16:32:00,70.17252778564952,78.73617598403274,232.52869940327582,7.077373618535933,0
2026-01-03 16:33:00,143.94288854374884,69.83370481921142,163.11720332110005,0.3279226637745225,0
2026-01-03 16:34:00,58.12897474008783,85.68624781289049,200.22895801546028,8.636129338559632,0
2026-01-03 16:35:00,175.8603140214308,39.301430347442704,179.10529563422827,5.648245188469682,0
2026-01-03 16:36:00,135.48765156604384,36.02084459387055,170.64355094004202,5.193325250423383,0
2026-01-03 16:37:00,41.57905766731152,68.67994152675654,151.59873350275342,2.9917408324606103,0
2026-01-03 16:38:00,68.15682868743887,42.7534416736887,181.42652471648145,5.897754614140728,0
2026-01-03 16:39:00,87.12820115835142,54.61683573933857,197.35833294555513,4.928851169334041,0
2026-01-03 16:40:00,83.82809906145386,71.74386559270023,198.8718013922635,8.86762741875572,0
2026-01-03 16:41:00,107.8881940361563,60.61634922444935,249.98937005427226,4.890849839187988,0
2026-01-03 16:42:00,125.62835149018628,61.96702597535508,213.5053592696319,7.510970263565134,0
2026-01-03 16:43:00,149.90348093006793,67.07231908099418,175.75041100780814,4.097220811785432,0
2026-01-03 16:44:00,89.54032877456382,92.27323288953119,254.38203276651345,4.234015790503753,1
2026-01-03 16:45:00,93.41790291257469,54.50303249949345,198.2516068467022,5.317634934336723,0
2026-01-03 16:46:00,173.37638058635184,54.216195337182796,145.9259770597046,-0.10021567509750895,0
2026-01-03 16:47:00,95.81815451283448,63.792371403528314,197.71497348905865,12.106655056954418,0
2026-01-03 16:48:00,150.62598507859192,70.61274865863366,188.82782648560595,5.256339794160765,0
2026-01-03 16:49:00,135.31010858262107,39.13417817890917,141.92505515264355,4.1928116204995005,0
2026-01-03 16:50:00,51.09247675924753,37.68743311412004,143.124685930904,9.888429144165949,0
2026-01-03 16:51:00,126.19157472667302,76.35206251818624,325.39560501050437,8.182027594156123,0
2026-01-03 16:52:00,4.073803843316952,49.32999637489052,168.66915117064104,1.9966994276631533,0
2026-01-03 16:53:00,125.7706102864162,65.08500560271095,285.5432563835808,4.21017102929418,0
2026-01-03 16:54:00,171.6904931882633,83.45641158495502,173.02441032601328,7.072341646845281,0
2026-01-03 16:55:00,117.60811990690952,85.29213978568842,191.33548178681588,6.922221047211843,0
2026-01-03 16:56:00,101.10159982401899,65.96745675022206,198.73347978712505,9.171142743798399,0
2026-01-03 16:57:00,160.15011036132012,65.40342309813676,135.03798391199018,3.2669308662892558,0
2026-01-03 16:58:00,84.9009054472525,36.45514891775545,215.16273078139727,6.21631172372415,0
2026-01-03 16:59:00,104.43192664327957,54.69866334190071,234.6646791128251,6.379118305312922,0
2026-01-03 17:00:00,79.31066368927671,65.97146099268517,193.79810030504302,4.67652191641615,0
2026-01-03 17:01:00,105.49334240779854,65.00101353599315,288.71243721304586,7.098325464812982,0
2026-01-03 17:02:00,160.56183701615592,73.12295866070596,196.62189932935448,0.14812981844799733,0
2026-01-03 17:03:00,60.11371288655241,54.17009604218338,153.49320816421329,3.968493757006463,0
2026-01-03 17:04:00,12.823408648579388,77.16716304641639,218.5222488938731,0.1269766539072581,0
2026-01-03 17:05:00,73.70598230036163,89.51629685622319,204.23269858584825,1.732579553542581,0
2026-01-03 17:06:00,193.02110698146276,84.53459988220808,271.35349562501244,9.472112448081276,0
2026-01-03 17:07:00,91.4293469942752,82.37229375237511,194.03004735832093,2.0070826654762812,0
2026-01-03 17:08:00,162.77755440244414,70.87037959708613,261.9245704782805,3.893148009098188,0
2026-01-03 17:09:00,-15.902751980289338,81.36007588287718,199.5690583234637,8.47461317121089,0
2026-01-03 17:10:00,42.10621021239028,55.15041886806563,263.9743903084627,5.897195859741916,0
2026-01-03 17:11:00,117.30990218108504,68.27579095182853,154.8388677534599,3.3364166708815026,0
2026-01-03 17:12:00,103.22681778678088,35.51666321869896,238.6400460828081,4.077138887282762,0
2026-01-03 17:13:00,96.45404549562316,78.80702194085904,143.57408438106978,4.7945834639458065,0
2026-01-03 17:14:00,211.85824183920926,69.65238706092221,224.44774112280246,8.416900747946963,0
2026-01-03 17:15:00,176.26124848568372,49.61112898627427,186.04663423798218,-1.5428889943290134,0
2026-01-03 17:16:00,67.71110786707959,76.71064066428318,156.62885075757112,9.419858543906457,0
2026-01-03 17:17:00,80.8952615141128,50.56225456305708,162.85445849180851,5.92653653969391,0
2026-01-03 17:18:00,125.23275521285424,50.615093635469194,196.98448888167184,2.940830647645293,0
2026-01-03 17:19:00,109.44860695313888,34.78788473162922,187.65249191496508,5.027427386708742,0
2026-01-03 17:20:00,169.33073296763166,69.17722139692025,224.47747609324603,3.206502031567426,0
2026-01-03 17:21:00,111.6162903331788,34.5491820542914,161.29470600222166,3.7933754163030424,0
2026-01-03 17:22:00,28.46851947695677,55.56372591520339,165.14213725647105,1.731615534286333,0
2026-01-03 17:23:00,168.4287917883875,34.766600409099084,93.50204621949987,4.160287393490792,0
2026-01-03 17:24:00,23.653774394657205,69.905822864668,214.61140383636032,3.313849634583228,0
2026-01-03 17:25:00,74.70030766700168,72.93818931059714,217.22361480624247,8.793492363940533,0
2026-01-03 17:26:00,155.75668528189982,98.85535285467492,279.90566171492003,8.860926122856338,1
2026-01-03 17:27:00,49.46365843864441,51.17488244038596,215.20371729955104,6.049206299420563,0
2026-01-03 17:28:00,87.05155711861909,53.28428793922427,204.51785778990978,3.21368599921805,0
2026-01-03 17:29:00,106.68621760806433,55.419707577948174,171.0186297215613,7.839901982415181,0
2026-01-03 17:30:00,116.20343712271502,90.11196045319375,138.98364829481284,5.019650514774131,1
2026-01-03 17:31:00,187.52658102404365,80.59864940329369,198.60472720075236,-0.28472134066146815,0
2026-01-03 17:32:00,91.65946870819664,49.66765723455414,227.87541585273596,4.724582346316053,0
2026-01-03 17:33:00,134.39429870945003,63.21538190168419,241.8968571080611,2.980963873914427,0
2026-01-03 17:34:00,47.308364568161544,54.81042509814924,202.53795628673095,9.815878122226637,0
2026-01-03 17:35:00,146.9120558747618,63.64124554812425,282.15503248869777,3.8922611596526444,0
2026-01-03 17:36:00,106.95863700167249,33.96305935547802,180.96511646975293,9.543479998012344,0
2026-01-03 17:37:00,121.06565275461766,64.45376628544328,168.4212430590029,3.502900210357644,0
2026-01-03 17:38:00,149.5240259010815,47.97590703895531,232.21644576555778,7.9626818258532674,0
2026-01-03 17:39:00,104.4294548076868,51.38636627778183,183.77470323736225,7.721034068539681,0
2026-01-03 17:40:00,153.06319404264764,71.25546876631542,262.5963489758684,7.264142330264086,0
2026-01-03 17:41:00,127.89052070380433,90.18716066890494,303.26511829142345,0.012404368744313388,1
2026-01-03 17:42:00,83.635081701656,41.89118044872279,188.49119397426574,2.7469407413786335,0
2026-01-03 17:43:00,193.6140670414711,33.00064669441604,131.97573716169512,3.4621433048678445,0
2026-01-03 17:44:00,114.92987451564514,64.3274101087345,204.64713019661139,2.1108342367335786,0
2026-01-03 17:45:00,91.5213878812414,68.0600212604174,167.34429421899858,7.294146315169462,0
2026-01-03 17:46:00,108.17242945414401,39.478686082782154,185.25039772202962,6.748937978131352,0
2026-01-03 17:47:00,105.3235782347579,65.47222861629898,262.1872001301621,1.0702716109472812,0
2026-01-03 17:48:00,159.81828098937362,46.469070308457596,195.42865449504868,4.739660106760681,0
2026-01-03 17:49:00,151.4015971836987,53.23536127692531,112.60577054527103,2.7819265861601536,0
2026-01-03 17:50:00,72.30779964244843,34.72089704744393,181.82829514609904,4.277158782314762,0
2026-01-03 17:51:00,31.07245139805515,65.28180992775923,142.82474294262957,6.519560397918641,0
2026-01-03 17:52:00,80.77452754654095,41.83117315991678,205.3175145170837,7.11370154489153,0
2026-01-03 17:53:00,53.48616521132833,65.94719556488454,203.81273191706944,1.3879759400824931,0
2026-01-03 17:54:00,79.4948842203594,66.55404676227452,164.65006772053664,2.1336583185557165,0
2026-01-03 17:55:00,17.19792967671222,57.087660506767314,204.9113209033829,-1.6608207348216393,0
2026-01-03 17:56:00,48.38804139248133,58.52608403206057,176.89213854197922,2.6631564119382003,0
2026-01-03 17:57:00,86.65709389103174,72.10291100738667,210.08582766449047,4.338225673800117,0
2026-01-03 17:58:00,58.52780335846092,62.15620302215264,201.84625607327487,3.8326240321571925,0
2026-01-03 17:59:00,135.21949053154907,62.25772743376742,209.09978383064373,2.027899030158956,0
2026-01-03 18:00:00,100.91544363649729,75.31955743434213,244.47363041483464,2.301663788164136,0
2026-01-03 18:01:00,52.97563147939484,56.11557183535542,183.49554931028553,3.5623405165411857,0
2026-01-03 18:02:00,31.67363966197935,67.58049053651142,208.612460683945,2.2101283141689656,0
2026-01-03 18:03:00,92.7197411605425,46.8138671200217,219.7782121181218,8.48870944976782,0
2026-01-03 18:04:00,90.46527819184861,49.67986533364481,231.3178387494607,2.3294157439338505,0
2026-01-03 18:05:00,102.62577847295276,53.76037251878024,239.09705557183074,8.045044410933913,0
2026-01-03 18:06:00,87.34038213303724,54.9294084023623,242.06304258163425,3.322004874532584,0
2026-01-03 18:07:00,100.47682646287832,62.491446712249534,261.85294272523333,5.767958101297734,0
2026-01-03 18:08:00,152.6165450510241,58.94920900102921,127.60830045895946,9.731787706675078,0
2026-01-03 18:09:00,84.15806035266516,84.84812009899926,281.13600687715734,1.6009706904555725,0
2026-01-03 18:10:00,87.18534894811066,66.49411276639285,186.91145558886603,5.311150892427003,0
2026-01-03 18:11:00,104.3148834841089,39.708671740737095,173.67503144119718,7.601573030912213,0
2026-01-03 18:12:00,89.92014118212377,53.96820109122404,212.8797320162665,5.6123800684398555,0
2026-01-03 18:13:00,97.76289114304342,67.82280418877303,274.4011780179867,7.00991580084474,0
2026-01-03 18:14:00,123.85107503579859,55.71880157948355,245.85929085964568,-3.026503821911927,0
2026-01-03 18:15:00,48.80776697598625,73.79354089412682,209.23115520352874,10.802998357825814,0
2026-01-03 18:16:00,49.2848517074946,50.47703645412537,132.66185909380317,5.342669520320367,0
2026-01-03 18:17:00,73.78071086889256,84.88393569130896,249.91716156528818,3.6810339428253513,0
2026-01-03 18:18:00,51.292874316185674,71.46753583467702,229.2332418006239,10.815338777326962,0
2026-01-03 18:19:00,176.9247614414042,52.92643513808513,162.21995156844963,4.27870789694322,0
2026-01-03 18:20:00,107.3612760216163,41.192276270646346,183.11138108163107,2.521189295428801,0
2026-01-03 18:21:00,118.7423802818552,72.1336087503608,232.78038247386434,4.852499754754644,0
2026-01-03 18:22:00,101.66988140302291,60.097719371851916,161.55332852249387,3.01321084885301,0
2026-01-03 18:23:00,81.72972565980521,65.22547815882939,157.7718595968159,1.8024613870441804,0
2026-01-03 18:24:00,70.0823191848313,54.74198683928913,217.04245825764878,3.639014985768688,0
2026-01-03 18:25:00,67.55268344378726,54.705999134482276,274.3205096393755,5.960959623610754,0
2026-01-03 18:26:00,148.31261100704097,41.364799498861686,179.39064741756096,3.6682915986117957,0
2026-01-03 18:27:00,11.137467352754214,75.74429580965656,199.59462848641041,7.234453284102705,0
2026-01-03 18:28:00,74.00818330530743,67.82277446074416,195.11608569930476,8.267943224733283,0
2026-01-03 18:29:00,141.14641472435122,65.15283735504647,199.48362389296943,6.888198096196839,0
2026-01-03 18:30:00,70.98941768972763,34.81339959753637,225.02392635982463,4.574125339880439,0
2026-01-03 18:31:00,41.610485216688694,90.56719257984038,210.66405363523177,0.15220767628824472,1
2026-01-03 18:32:00,145.94374244626673,77.47370013486322,230.04171680681284,11.541207709268775,0
2026-01-03 18:33:00,71.88938799656837,50.6244199096776,192.33711521967365,2.5248083322683934,0
2026-01-03 18:34:00,60.13903695789706,98.42182655160538,175.31561520350616,2.3574490448653966,1
2026-01-03 18:35:00,75.83094238103654,52.414498425385204,180.75602805728587,-1.0598120617099518,0
2026-01-03 18:36:00,106.65646196418004,40.8050632736479,178.22365086196652,-2.3199312561982914,0
2026-01-03 18:37:00,116.08870329695449,59.248020140919074,167.78604397971594,1.9387084660206986,0
2026-01-03 18:38:00,200.54365139648627,38.85945273719426,174.46270579187296,11.08384080498574,0
2026-01-03 18:39:00,48.9691449847383,40.8052664007503,193.11415484409665,9.378023501360184,0
